seed,act1,act2,ratio,layout,hidden,lr,epochs,loss,status,seconds,train_acc,val_acc,val_f1,test_acc,test_f1,best_val_acc,best_val_epoch,epoch_loss,epoch_train_acc,epoch_val_acc,epoch_val_f1,test_confusion
1,relu,relu,0,interleave,128,0.001,10,ce,ok,86.1584,98.1178,96.96,96.9727,97,96.973,97.04,9,0.68901|0.272543|0.203902|0.161112|0.132216|0.11181|0.0961305|0.0840535|0.0734408|0.0649703,81.4178|92.1511|94.0467|95.3178|96.1933|96.8311|97.2622|97.5822|97.9378|98.1178,90.82|92.8|94.48|95.28|95.98|96.62|96.54|96.86|97.04|96.96,90.7889|92.7499|94.4613|95.2495|95.9803|96.6092|96.5306|96.8495|97.0457|96.9727,948|0|0|1|1|2|3|0|4|4|0|1139|3|2|8|0|0|2|9|1|1|1|932|11|9|0|2|3|10|0|0|0|5|995|1|18|0|4|4|6|1|0|5|0|966|1|5|0|1|15|2|1|3|5|1|842|4|0|7|4|4|0|1|0|4|9|968|0|5|0|2|1|10|7|8|0|0|995|1|21|2|2|2|8|4|5|1|0|952|6|1|0|1|4|14|3|0|3|1|963
4,relu,relu,0,interleave,128,0.001,10,ce,ok,86.1844,98.0067,97.24,97.2365,97.08,97.0464,97.24,10,0.713314|0.280366|0.212897|0.168378|0.139713|0.118761|0.102037|0.0885221|0.0782557|0.0690489,80.6489|91.94|93.9711|95.1044|95.9489|96.6133|97.1356|97.5467|97.72|98.0067,90.8|93.26|94.5|95.46|95.52|96.4|96.58|96.66|96.74|97.24,90.7169|93.2331|94.5014|95.4545|95.5109|96.3867|96.5767|96.6603|96.7227|97.2365,941|0|0|1|1|3|7|0|8|2|0|1152|2|0|3|1|0|2|3|1|0|6|926|4|6|2|6|8|11|0|0|3|6|974|2|24|0|11|7|6|0|0|6|0|963|1|9|1|2|12|0|2|3|6|0|845|4|0|5|4|2|1|0|0|0|5|980|0|3|0|0|3|5|1|4|0|1|1025|1|5|1|7|2|5|3|5|5|1|951|2|3|1|0|4|16|2|0|10|3|951
3,relu,relu,0,interleave,128,0.001,10,ce,ok,86.2323,98.1067,96.96,96.9605,97.01,96.9795,97.16,9,0.683266|0.280801|0.211269|0.166099|0.135883|0.113823|0.0973204|0.0839593|0.0741302|0.0648427,81.0089|92.0067|93.9267|95.2667|96.0356|96.6822|97.2711|97.5978|97.8111|98.1067,90.58|93.08|94.1|95.3|95.3|96.4|96.82|96.9|97.16|96.96,90.5155|93.0428|94.0859|95.289|95.319|96.388|96.8099|96.8964|97.1504|96.9605,947|0|5|1|1|1|3|0|2|3|0|1151|3|1|2|0|1|3|2|1|1|5|940|6|4|0|3|6|3|1|0|3|5|1003|0|12|0|7|0|3|0|0|5|2|948|0|7|3|1|28|0|2|5|9|1|834|5|0|5|8|3|1|0|0|2|4|978|1|2|0|0|1|4|3|3|1|0|1017|1|15|3|6|4|20|2|9|5|1|927|5|3|0|0|9|8|3|0|11|0|956
2,relu,relu,0,interleave,128,0.001,10,ce,ok,86.2419,98.1244,96.96,96.957,97.15,97.1189,96.96,10,0.709768|0.273602|0.207084|0.165406|0.137078|0.115614|0.0990036|0.0861501|0.0753499|0.066677,79.7489|92.0733|94.0133|95.2067|96.08|96.6422|97.1689|97.46|97.8733|98.1244,90.74|92.88|94.46|95.1|95.84|95.98|96.16|96.7|96.86|96.96,90.6491|92.8489|94.4373|95.0916|95.8345|95.9615|96.1493|96.6899|96.8495|96.957,954|0|1|1|1|0|2|0|3|1|0|1153|2|3|2|0|1|1|2|0|2|5|943|4|3|1|3|4|4|0|0|5|6|1005|1|9|0|6|0|1|2|1|8|0|945|1|9|3|3|22|2|2|4|18|0|822|9|0|5|7|3|1|0|0|1|3|981|0|2|0|1|2|6|4|3|0|0|1020|1|8|3|9|8|11|2|2|6|1|938|2|4|2|1|9|7|0|0|11|2|954
6,relu,relu,0,interleave,128,0.001,10,ce,ok,84.7691,98.1267,97.14,97.1322,97.1,97.069,97.14,10,0.714197|0.272211|0.208198|0.166317|0.136295|0.115182|0.0986905|0.0858702|0.0751662|0.0659538,80.6556|92.1578|94.0244|95.26|96.0044|96.6689|97.1489|97.5267|97.9111|98.1267,90.7|93.34|94.48|95.22|95.8|96.12|96.64|96.84|96.9|97.14,90.6112|93.2979|94.4665|95.2072|95.8057|96.1074|96.6298|96.8206|96.8951|97.1322,952|0|0|1|1|1|3|0|4|1|0|1150|3|1|4|0|1|2|2|1|4|3|927|8|6|0|4|10|6|1|1|5|1|992|1|10|1|14|6|2|1|1|7|0|959|0|6|2|2|16|2|1|6|7|2|829|10|0|6|6|3|1|0|1|1|1|981|0|3|0|1|1|4|2|2|0|0|1030|1|4|6|6|2|7|0|3|4|1|952|1|4|2|0|7|12|4|0|19|4|938
5,relu,relu,0,interleave,128,0.001,10,ce,ok,84.858,98.0533,97.18,97.1777,97.06,97.03,97.18,10,0.680121|0.274047|0.208585|0.16393|0.136206|0.114546|0.0996829|0.0874257|0.0765737|0.0683795,82.1978|92.1489|94.0911|95.3844|96.1133|96.7622|97.1778|97.4822|97.8267|98.0533,91.02|92.68|94.66|95.42|95.98|96.54|96.2|96.8|97.08|97.18,90.9179|92.654|94.6414|95.407|95.9747|96.5339|96.1859|96.7912|97.0681|97.1777,947|0|2|1|1|0|6|0|5|1|0|1148|4|0|3|0|2|3|4|0|2|2|942|4|7|0|5|3|3|1|0|4|10|992|1|10|1|9|4|2|1|0|7|0|965|0|11|2|1|7|1|0|5|6|2|832|9|0|9|5|3|1|0|1|1|1|981|0|3|0|0|1|10|0|4|0|0|1020|1|9|3|4|7|8|2|2|8|0|947|1|4|2|1|9|21|3|0|15|3|932
7,relu,relu,0,interleave,128,0.001,10,ce,ok,84.7896,98.0022,97.12,97.1115,96.99,96.9588,97.12,10,0.693234|0.275087|0.206903|0.164855|0.136075|0.115804|0.0991012|0.0869704|0.0763827|0.0683819,81.3756|92.0289|94.0489|95.2689|96.1044|96.6689|97.1889|97.4667|97.7867|98.0022,90.62|93.68|94.84|95.24|95.7|96.22|96.32|96.72|96.8|97.12,90.5227|93.6663|94.8214|95.2331|95.6788|96.2125|96.3105|96.713|96.7931|97.1115,947|0|1|1|1|0|4|0|8|1|0|1152|3|0|3|0|0|2|4|0|1|5|938|5|5|0|2|6|7|0|0|4|3|996|1|15|0|4|9|1|1|1|8|1|951|2|8|2|2|18|1|2|3|11|0|837|6|0|7|2|4|1|2|0|1|6|973|0|4|0|1|2|7|9|4|1|0|1011|1|9|3|6|4|6|0|3|1|1|957|1|4|2|0|6|15|6|0|15|5|937
8,relu,relu,0,interleave,128,0.001,10,ce,ok,84.8146,98.1,97.06,97.0547,97.15,97.1098,97.06,9,0.679108|0.276025|0.208367|0.165672|0.135608|0.114296|0.0986049|0.084766|0.0747475|0.0657971,82.0756|92.0867|94.1289|95.3|96.0644|96.7422|97.1356|97.5622|97.8022|98.1,90.5|92.84|94.7|95.02|96.2|96.5|96.68|96.9|97.06|97.06,90.4542|92.8024|94.6763|94.9737|96.1878|96.502|96.6707|96.894|97.0565|97.0547,950|0|0|1|1|1|5|0|3|2|0|1155|1|1|3|0|1|3|0|0|2|3|942|3|4|1|3|7|3|1|0|3|8|998|1|10|0|9|3|1|1|0|9|0|962|0|7|1|1|13|1|1|5|17|1|825|6|0|8|5|4|1|0|0|2|4|978|0|2|0|0|0|5|1|4|0|0|1025|1|9|4|5|10|12|3|3|4|1|936|4|2|2|0|13|11|2|0|15|1|944
9,relu,relu,0,interleave,128,0.001,10,ce,ok,84.5877,98.0822,97.2,97.1885,97.13,97.0984,97.2,10,0.681793|0.278432|0.212506|0.168268|0.138226|0.117521|0.100965|0.0874198|0.0760088|0.0670394,82.4644|91.9222|93.8778|95.1378|96.0711|96.5644|97.08|97.46|97.8444|98.0822,90.86|92.78|94.06|95.46|95.8|96.3|96.36|96.64|96.9|97.2,90.8132|92.7107|94.0315|95.4548|95.7889|96.2886|96.3525|96.6306|96.8951|97.1885,948|0|0|1|1|3|4|0|5|1|0|1151|1|1|5|0|0|2|3|1|1|6|924|10|4|1|2|9|11|1|0|1|5|995|1|15|0|11|3|2|1|0|6|0|967|1|7|2|1|9|0|1|5|10|1|840|3|0|5|4|3|1|0|1|2|9|970|0|5|0|1|3|6|3|3|1|0|1015|1|12|1|4|2|10|1|5|2|1|953|3|2|1|1|7|15|3|0|9|2|950
10,relu,relu,0,interleave,128,0.001,10,ce,ok,84.5274,98.0267,97.04,97.0407,97.13,97.1002,97.04,10,0.696726|0.268813|0.204023|0.164308|0.13743|0.116895|0.101157|0.0885664|0.0785132|0.0695254,80.8267|92.2978|94.2|95.3244|96.0489|96.6156|97.1133|97.4867|97.7911|98.0267,91.24|93.52|94.7|95.5|95.64|96.44|96.42|96.64|96.98|97.04,91.1732|93.5014|94.6755|95.4887|95.63|96.4288|96.4103|96.639|96.9703|97.0407,948|0|0|1|1|3|3|0|3|4|0|1143|4|0|5|0|0|3|8|1|1|1|938|4|4|1|6|9|4|1|0|4|7|984|1|16|0|14|2|5|1|0|5|0|960|1|5|3|1|18|0|0|4|8|1|832|8|1|4|11|4|1|0|0|1|2|980|0|3|0|0|0|5|0|3|0|0|1030|1|6|4|2|6|10|6|4|1|1|940|8|2|2|0|3|7|0|0|18|0|958
1,relu,relu,0,interleave,128,0.003,10,ce,ok,84.5399,99.3889,97.4,97.3996,97.58,97.5623,97.74,9,0.41615|0.153012|0.104948|0.0796974|0.0640351|0.0513262|0.0413934|0.0333467|0.0269936|0.0209967,88.0289|95.44|96.88|97.6311|98.0267|98.4422|98.6822|99.0133|99.1889|99.3889,94.2|94.46|96.42|96.56|97.04|96.94|97.28|97.62|97.74|97.4,94.1912|94.4382|96.4196|96.5576|97.0376|96.9357|97.2766|97.6124|97.7416|97.3996,955|0|0|1|1|1|2|0|2|1|0|1146|1|0|12|0|0|3|1|1|2|1|938|10|6|0|1|9|2|0|1|3|4|1010|0|9|0|3|2|1|0|0|3|0|977|1|1|1|2|9|0|1|1|4|1|852|2|0|2|6|6|2|1|0|8|9|963|0|2|0|0|0|6|3|4|0|1|1014|1|16|3|4|2|8|3|7|1|2|933|19|2|0|1|2|7|2|0|5|1|970
2,relu,relu,0,interleave,128,0.003,10,ce,ok,84.5735,99.2644,97.66,97.6614,97.93,97.9106,97.66,10,0.423276|0.161023|0.111192|0.0842676|0.0681202|0.0544473|0.0433174|0.0365225|0.0305975|0.0234486,87.3467|95.2822|96.6711|97.4644|97.9711|98.2644|98.7022|98.8311|99.0156|99.2644,94|95.48|96.76|96.58|97.12|97.02|97.14|97.5|97.54|97.66,93.9731|95.4705|96.7502|96.5759|97.1187|97.0075|97.1434|97.4927|97.5382|97.6614,958|0|0|0|1|0|3|0|0|1|0|1154|1|4|1|0|0|2|2|0|3|3|942|10|3|1|2|4|1|0|0|1|3|1013|1|9|0|3|2|1|0|0|8|0|960|0|6|2|1|17|0|2|3|10|0|842|4|0|3|5|4|2|0|0|0|5|980|0|0|0|0|1|6|8|3|1|0|1019|1|6|4|6|4|7|1|3|2|1|951|3|3|0|1|2|2|0|0|7|1|974
4,relu,relu,0,interleave,128,0.003,10,ce,ok,84.1706,99.3044,97.62,97.6097,97.75,97.7225,97.62,10,0.428174|0.160485|0.110784|0.0840571|0.067626|0.0549563|0.0432066|0.035476|0.0298083|0.023276,87.6867|95.42|96.7156|97.4844|97.9378|98.2844|98.6689|98.9156|99.0689|99.3044,94.16|95.92|96.72|96.74|96.86|97.08|97.58|97.4|97.34|97.62,94.1487|95.9253|96.7188|96.7316|96.8677|97.081|97.5895|97.3997|97.3384|97.6097,947|0|0|0|1|0|7|0|5|3|0|1151|1|0|1|0|0|3|8|0|0|3|939|3|6|1|5|3|9|0|0|3|7|991|1|13|0|8|8|2|0|0|3|0|977|1|4|1|1|7|0|0|2|13|1|839|2|0|9|3|3|1|0|0|2|4|979|0|2|0|0|2|3|2|5|0|1|1027|1|4|4|4|0|2|1|3|1|1|965|1|2|0|1|1|10|3|0|8|5|960
5,relu,relu,0,interleave,128,0.003,10,ce,ok,84.1543,99.2689,97.5,97.5048,97.67,97.6423,97.54,9,0.412663|0.155212|0.108798|0.0832853|0.0662317|0.0541258|0.0453196|0.0361279|0.0282591|0.0241001,88.1733|95.4578|96.7489|97.5311|98.0222|98.3533|98.6378|98.8711|99.2089|99.2689,94.3|95.78|96.24|96.58|96.98|97.36|97.06|97.36|97.54|97.5,94.2639|95.7681|96.2362|96.5762|96.9763|97.3594|97.0601|97.3488|97.5348|97.5048,954|0|2|1|0|0|2|0|3|1|0|1155|1|0|3|0|0|3|2|0|2|2|953|2|2|0|2|3|2|1|0|1|8|1003|1|11|0|5|2|2|0|0|6|0|962|0|8|5|1|12|1|0|3|8|1|842|7|0|3|4|3|1|1|1|2|2|980|0|1|0|0|0|12|4|4|0|0|1012|1|12|5|3|16|3|1|4|2|1|946|1|5|0|1|8|5|1|0|6|4|960
3,relu,relu,0,interleave,128,0.003,10,ce,ok,84.1871,99.3444,97.54,97.5332,97.63,97.6032,97.7,9,0.417765|0.158298|0.106888|0.0808487|0.0649785|0.0508059|0.0418927|0.0331741|0.0274965|0.0214186,87.6733|95.2644|96.72|97.5333|97.9978|98.4178|98.6933|98.9756|99.1489|99.3444,94.38|95.78|96.4|97.08|97.28|97.56|97.52|97.64|97.7|97.54,94.3585|95.7559|96.3991|97.083|97.2886|97.5606|97.5203|97.6371|97.6971|97.5332,947|2|1|0|2|0|4|1|3|3|0|1153|1|1|4|0|0|4|0|1|1|5|937|6|9|0|3|5|1|2|1|3|3|990|1|18|0|8|3|6|0|0|2|0|975|0|4|1|2|10|0|1|3|3|3|839|7|1|6|6|3|2|0|0|4|2|977|0|3|0|0|0|2|0|4|1|1|1030|1|6|3|7|2|3|6|5|4|1|948|3|2|0|0|0|10|1|0|9|1|967
6,relu,relu,0,interleave,128,0.003,10,ce,ok,84.1935,99.2911,97.68,97.6709,97.85,97.8189,97.76,7,0.42512|0.158166|0.10821|0.0842187|0.0662397|0.0547325|0.0432147|0.0359608|0.0281652|0.0225668,87.7711|95.3244|96.7|97.3667|97.9844|98.2778|98.6933|98.9022|99.1511|99.2911,93.98|95.84|96.68|97.04|97.18|97.46|97.76|97.5|97.38|97.68,93.9472|95.8398|96.6808|97.0341|97.1831|97.4494|97.7621|97.4925|97.3897|97.6709,953|0|0|0|1|0|4|0|3|2|0|1154|1|2|3|0|0|3|1|0|2|3|941|5|3|1|2|8|3|1|1|0|5|1009|0|11|0|4|3|0|0|0|4|0|976|0|4|2|1|7|2|1|3|11|1|840|5|0|4|2|4|1|0|1|2|2|979|0|2|0|0|0|7|1|3|0|0|1029|1|4|5|7|2|2|0|4|2|1|956|3|3|0|0|6|10|6|0|14|3|948
8,relu,relu,0,interleave,128,0.003,10,ce,ok,84.1536,99.3089,97.46,97.4613,97.75,97.7248,97.62,9,0.415812|0.160777|0.110504|0.0819609|0.065395|0.0534385|0.0428155|0.0348313|0.0289387|0.0231765,87.8889|95.2244|96.6556|97.5356|97.9644|98.3244|98.6622|98.9356|99.1067|99.3089,93.58|95.6|96.6|96.6|97|97|97.58|97.48|97.62|97.46,93.5406|95.5919|96.5871|96.5721|97|96.995|97.5739|97.4653|97.6244|97.4613,952|0|3|1|1|0|3|1|1|1|0|1158|2|0|1|0|0|3|0|0|1|1|956|3|1|0|1|3|1|2|0|2|14|994|0|10|0|7|4|2|0|0|4|0|972|0|4|2|2|10|0|2|3|7|2|843|7|0|3|2|3|1|1|0|2|4|979|0|1|0|0|1|12|4|4|0|0|1017|1|6|3|3|7|8|2|2|3|1|951|2|3|0|0|8|11|5|0|9|1|953
7,relu,relu,0,interleave,128,0.003,10,ce,ok,84.1605,99.2489,97.48,97.4884,97.62,97.5937,97.64,8,0.421892|0.161072|0.112169|0.0839488|0.0676006|0.0547751|0.0440405|0.035274|0.0286819|0.0238431,87.6933|95.2178|96.5956|97.4489|97.9422|98.2778|98.7022|98.9333|99.1067|99.2489,94.26|95.9|96.84|96.46|97.26|97.36|97.46|97.64|97.42|97.48,94.24|95.9|96.8382|96.4895|97.2602|97.3639|97.4552|97.6467|97.4193|97.4884,950|0|1|1|1|0|3|0|6|1|0|1153|1|1|1|0|0|3|5|0|0|4|934|12|4|0|2|7|6|0|0|0|3|1013|0|11|0|4|2|0|1|1|5|0|964|0|4|1|2|16|0|2|2|16|0|838|2|0|7|2|4|1|1|2|1|4|969|0|9|0|1|0|7|8|6|0|0|1016|1|6|2|2|2|6|0|3|0|0|966|1|3|1|0|7|6|5|0|4|5|959
9,relu,relu,0,interleave,128,0.003,10,ce,ok,84.1612,99.3289,97.7,97.6976,97.89,97.8648,97.7,10,0.421585|0.163779|0.111012|0.0844607|0.067431|0.0555885|0.04469|0.0360422|0.0288365|0.0225766,88.0133|95.0311|96.6867|97.4356|97.9356|98.2822|98.6089|98.8867|99.1333|99.3289,94.08|95.12|96.14|97.04|97.06|97.28|96.92|97.5|97.4|97.7,94.0552|95.0991|96.1196|97.0238|97.0496|97.2714|96.9228|97.4859|97.4001|97.6976,958|0|0|0|1|0|0|0|2|2|0|1155|1|1|3|0|0|2|1|1|2|3|947|3|3|1|1|7|0|2|0|0|10|999|1|12|0|8|1|2|0|0|4|0|976|0|5|2|2|5|1|0|3|7|1|846|5|0|3|3|5|1|0|1|2|3|976|0|3|0|0|2|9|2|2|2|0|1022|1|5|3|3|2|8|3|4|4|1|947|7|4|0|1|3|9|2|0|8|0|963
10,relu,relu,0,interleave,128,0.003,10,ce,ok,84.1607,99.2711,97.58,97.5757,97.81,97.7795,97.68,9,0.419986|0.161357|0.111698|0.0846356|0.0676259|0.0534462|0.0437374|0.0357901|0.0310171|0.0245072,87.9311|95.3178|96.6022|97.4956|97.8911|98.3956|98.6756|98.8622|99.0289|99.2711,94.1|95.9|95.86|97.1|96.62|97.02|97.12|96.72|97.68|97.58,94.0729|95.8943|95.832|97.0963|96.6231|97.0382|97.1211|96.736|97.6881|97.5757,952|0|0|1|1|2|3|0|3|1|0|1150|1|1|2|0|0|4|6|0|2|1|947|3|2|1|1|9|1|2|0|1|8|999|0|14|0|7|2|2|0|0|1|0|974|1|5|2|1|10|0|0|4|5|2|845|4|0|3|6|5|0|0|1|2|3|979|0|1|0|0|0|8|0|4|0|0|1025|1|7|4|2|3|10|2|5|3|1|944|8|3|0|0|0|8|4|0|9|0|966
2,relu,relu,0,interleave,128,0.01,10,ce,ok,86.8627,99.0489,97.16,97.1614,97.41,97.3868,97.7,9,0.291068|0.119543|0.0851597|0.0686399|0.0550864|0.0435292|0.0368471|0.0273744|0.0259955|0.0284304,91.04|96.3222|97.2933|97.7911|98.2378|98.5778|98.8178|99.14|99.1978|99.0489,94.08|96.86|97.16|96.9|97.22|97|97.16|97.42|97.7|97.16,94.112|96.8731|97.1597|96.877|97.2197|96.9755|97.1567|97.44|97.6971|97.1614,954|0|1|1|1|0|3|0|2|1|0|1159|1|2|1|0|0|1|0|0|2|3|940|11|2|1|1|3|4|2|0|1|6|1006|0|10|0|2|1|7|1|1|9|0|934|0|7|2|2|38|0|2|2|8|1|842|4|0|6|4|5|2|0|1|1|2|978|0|2|0|0|2|9|10|3|0|0|1011|3|7|5|8|6|3|0|3|3|0|951|3|3|1|2|6|4|1|0|4|3|966
1,relu,relu,0,interleave,128,0.01,10,ce,ok,86.8957,99.32,97.78,97.7839,98.01,97.9845,97.78,10,0.281628|0.120078|0.0849948|0.0645114|0.0508162|0.0449439|0.0370404|0.0311819|0.0270433|0.0209314,91.3444|96.3|97.3756|97.9956|98.3733|98.5133|98.8489|98.9822|99.1111|99.32,94.38|95.06|97.2|96.52|97.16|97.3|97.14|97.62|97.54|97.78,94.383|95.1426|97.2013|96.5032|97.1468|97.2984|97.1364|97.6172|97.5462|97.7839,956|0|1|0|0|0|2|0|2|2|0|1156|2|1|1|0|0|2|2|0|1|1|946|11|0|0|2|5|3|0|0|0|5|1013|0|9|0|5|0|1|0|0|4|0|971|0|3|1|1|14|0|0|1|9|0|847|3|0|6|3|2|0|0|0|3|3|982|0|1|0|0|1|1|3|2|0|0|1026|2|10|4|2|5|12|2|5|3|0|942|7|3|0|0|5|8|3|0|8|1|962
3,relu,relu,0,interleave,128,0.01,10,ce,ok,86.8826,99.4422,97.54,97.5444,97.46,97.4376,97.62,6,0.285157|0.119865|0.0823911|0.0658851|0.0522621|0.0425916|0.0329824|0.0297754|0.0257296|0.0172488,91.1578|96.3311|97.3356|97.9356|98.3467|98.6556|98.9356|99.0089|99.1311|99.4422,95.36|96.52|96.72|96.92|97.2|97.62|97.16|97.2|97.42|97.54,95.3602|96.5148|96.7129|96.9315|97.1976|97.6206|97.1595|97.1997|97.4353|97.5444,954|0|0|1|1|0|3|1|2|1|0|1142|2|3|2|0|0|4|7|4|3|1|935|13|1|1|2|7|4|2|1|0|6|1014|0|4|0|5|2|1|1|0|1|0|962|0|8|1|2|19|0|0|1|15|0|829|9|1|8|6|4|1|0|0|2|1|981|0|2|0|1|2|3|5|2|1|0|1028|2|1|4|1|1|7|3|3|0|4|956|3|4|0|0|3|6|4|0|26|2|945
4,relu,relu,0,interleave,128,0.01,10,ce,ok,86.9318,99.34,97.32,97.3176,97.71,97.6906,97.7,8,0.290002|0.121147|0.0883879|0.0648502|0.055374|0.0464131|0.0340717|0.028211|0.0239586|0.0209421,91.1733|96.3822|97.2378|97.9044|98.3022|98.5089|98.8911|99.0822|99.1889|99.34,95.42|96.48|96.58|97.36|97.44|96.94|97.42|97.7|97.64|97.32,95.4219|96.5007|96.5934|97.3551|97.446|96.9601|97.4215|97.7067|97.6457|97.3176,954|0|0|0|1|0|3|0|3|2|0|1153|1|0|3|0|0|5|2|0|0|5|930|3|6|1|3|18|3|0|0|3|5|988|1|15|0|10|1|10|1|0|1|0|977|0|4|2|1|8|0|0|2|7|2|841|7|1|5|4|3|1|0|0|2|1|979|1|4|0|0|2|1|1|3|0|0|1033|1|4|3|6|4|0|3|3|0|4|953|6|2|1|0|0|8|3|1|9|3|963
5,relu,relu,0,interleave,128,0.01,10,ce,ok,84.2111,99.44,97.52,97.5205,97.97,97.9435,97.62,9,0.282406|0.121105|0.0850608|0.0659901|0.0532427|0.0416763|0.0377058|0.0314747|0.0259607|0.0191901,91.18|96.2378|97.3867|97.9133|98.2622|98.6689|98.7578|98.9089|99.1044|99.44,94.44|96.62|97.02|96.98|97.1|97.1|96.68|97.32|97.62|97.52,94.4286|96.6135|97.0119|96.9866|97.0791|97.1033|96.6826|97.3297|97.6286|97.5205,954|0|1|1|1|0|4|0|2|0|0|1153|1|1|0|0|1|6|2|0|2|2|947|8|3|0|1|3|3|0|0|1|5|1010|1|9|0|4|2|1|1|0|4|0|966|0|7|2|3|11|0|0|1|7|0|845|7|1|5|3|5|1|0|1|0|4|977|0|3|0|0|2|6|2|4|0|0|1026|1|4|2|0|1|8|0|6|0|0|964|1|2|0|1|1|6|4|0|10|11|955
7,relu,relu,0,interleave,128,0.01,10,ce,ok,84.21,99.2022,97.58,97.5891,97.78,97.7627,97.68,7,0.288013|0.121337|0.0862341|0.0655337|0.0530996|0.042722|0.0359701|0.0281459|0.0296329|0.0233935,91.1489|96.2067|97.3|97.8933|98.2667|98.6267|98.8644|99.0889|98.9733|99.2022,95.56|96.46|96.9|97.12|97.34|97.38|97.68|97.58|97.42|97.58,95.5544|96.4693|96.8917|97.1228|97.3387|97.3715|97.6805|97.5758|97.4245|97.5891,958|1|0|0|1|1|1|0|0|1|0|1157|1|2|0|0|0|1|3|0|3|8|923|15|5|1|2|9|3|0|1|0|3|1016|0|6|0|5|1|1|1|1|2|1|955|0|2|0|2|30|1|0|0|3|1|848|4|0|8|4|4|1|1|0|1|6|972|0|6|0|0|4|4|3|5|1|0|1013|1|14|1|3|0|4|1|1|0|0|968|4|2|0|2|2|7|1|0|3|5|968
6,relu,relu,0,interleave,128,0.01,10,ce,ok,84.2508,99.2711,97.66,97.6398,97.83,97.8058,97.66,10,0.288696|0.12171|0.088604|0.0686055|0.0543667|0.0472312|0.0336709|0.0311596|0.0262064|0.0226949,91.0867|96.2467|97.2111|97.7889|98.2778|98.4622|98.9244|98.9578|99.16|99.2711,95.56|95.72|97.06|96.94|97.14|97.52|97.36|97.28|97.24|97.66,95.5469|95.7357|97.0562|96.9329|97.1347|97.5127|97.3575|97.268|97.236|97.6398,955|0|1|0|1|0|1|0|3|2|0|1154|2|0|2|0|0|4|2|0|0|2|939|5|4|1|1|9|8|0|0|0|2|1012|0|5|0|3|10|1|0|0|3|0|982|0|6|0|0|3|0|1|2|15|0|834|7|0|6|4|5|1|0|1|4|0|976|0|4|0|2|1|4|2|7|0|0|1021|1|7|2|4|1|3|1|2|2|1|964|2|2|1|1|7|13|2|0|10|8|946
8,relu,relu,0,interleave,128,0.01,10,ce,ok,84.2224,99.2511,97.26,97.269,97.63,97.6077,97.78,8,0.285179|0.121793|0.0883317|0.0680299|0.0545949|0.0458258|0.0354805|0.0335824|0.0238822|0.022509,91.2044|96.16|97.24|97.82|98.3022|98.4911|98.8067|98.9578|99.2022|99.2511,94.56|96|96.56|96.92|97.36|96.32|97.14|97.78|97.74|97.26,94.5245|95.979|96.5476|96.9026|97.355|96.328|97.1475|97.7806|97.7362|97.269,949|0|5|1|1|1|4|1|0|1|0|1150|6|2|0|0|0|5|1|0|1|2|947|8|2|0|1|7|0|1|0|0|11|1003|1|10|0|5|1|2|0|0|3|0|983|1|2|1|1|3|0|0|0|11|2|846|5|0|4|1|3|1|1|1|3|3|979|0|0|0|0|1|6|3|4|0|0|1028|1|2|3|4|15|8|1|4|2|2|939|4|2|0|1|15|19|4|0|8|2|939
9,relu,relu,0,interleave,128,0.01,10,ce,ok,84.3668,99.2867,97.7,97.6924,97.72,97.6922,97.7,10,0.288308|0.119725|0.0855918|0.0639379|0.0529449|0.0431928|0.0343907|0.0309275|0.0284471|0.0213114,91.0178|96.3267|97.3867|97.9933|98.3022|98.6111|98.88|98.9978|99.1|99.2867,96.08|95.5|95.78|96.38|97|97.52|97.1|97.02|96.7|97.7,96.0779|95.4801|95.7757|96.4243|97.0096|97.5177|97.1131|97.014|96.7115|97.6924,956|0|1|1|1|0|0|0|3|1|0|1152|0|1|2|0|0|3|5|1|1|5|937|6|2|0|2|7|8|1|1|2|5|1006|0|7|0|8|4|0|0|0|4|1|968|0|3|1|3|14|3|0|2|10|1|834|4|1|8|6|6|0|1|1|5|4|971|0|3|0|0|3|8|2|1|0|0|1026|1|4|5|2|1|5|1|4|2|1|959|2|4|0|0|1|4|1|0|10|7|963
10,relu,relu,0,interleave,128,0.01,10,ce,ok,84.3534,99.1022,97.48,97.4796,97.77,97.7399,97.48,10,0.287062|0.124431|0.087761|0.0687284|0.0535348|0.0458293|0.0416799|0.0289039|0.031111|0.0271371,91.0622|96.1622|97.2467|97.9044|98.2933|98.5178|98.7178|99.0222|98.9622|99.1022,94.96|95.78|96.68|96.5|97.34|96.56|97.1|97.1|96.82|97.48,94.9601|95.795|96.6746|96.5053|97.3399|96.5535|97.0992|97.1033|96.8196|97.4796,952|0|2|0|3|0|1|0|2|3|0|1152|2|0|2|1|0|2|4|1|4|2|955|2|0|0|0|3|2|1|0|1|9|996|1|16|0|2|3|5|0|0|11|0|967|1|2|2|1|10|1|0|3|2|1|852|5|0|2|3|5|0|2|0|1|7|972|0|4|0|0|2|12|3|0|0|0|1010|2|16|4|3|3|2|0|7|2|0|954|7|3|0|1|1|7|6|0|5|0|967
1,relu,relu,0,interleave,128,0.03,10,ce,ok,84.3297,97.2489,96,96.006,96.1,96.065,96,3,0.320056|0.193252|0.163257|0.151778|0.138567|0.142412|0.13226|0.139112|0.137094|0.123587,90.6022|94.7111|95.6444|95.9689|96.3578|96.3422|96.74|96.5756|96.7133|97.2489,88.22|95.2|96|94.78|95.08|95.84|95.04|95.56|95.42|96,87.3227|95.2025|95.9892|94.7808|95.0769|95.8438|95.0475|95.5439|95.4597|96.006,947|0|0|1|0|4|2|1|3|5|0|1143|2|1|2|2|0|6|4|4|3|4|930|5|4|4|0|5|13|1|0|0|7|992|0|14|0|5|7|8|1|0|6|0|955|0|4|2|1|25|1|1|2|6|1|845|3|0|4|6|5|5|4|1|10|11|947|0|8|0|7|1|11|16|4|2|1|985|2|16|4|6|8|10|1|13|2|3|926|9|3|0|1|5|17|5|0|12|7|940
2,relu,relu,0,interleave,128,0.03,10,ce,ok,84.3842,96.6756,96.12,96.1429,96,95.9706,96.12,10,0.325165|0.191469|0.16442|0.159774|0.155427|0.15192|0.138418|0.13201|0.139892|0.152756,90.4333|94.7978|95.5244|95.88|96.0956|96.2756|96.6311|96.7|96.7267|96.6756,94.16|94.68|95.36|95.08|95.52|95.14|95.9|95.36|96.08|96.12,94.1449|94.6605|95.3342|95.0959|95.5345|95.1041|95.9015|95.3813|96.0883|96.1429,940|0|4|1|1|2|9|0|3|3|0|1144|0|2|4|3|1|4|5|1|9|2|921|4|2|1|10|4|14|2|1|1|9|980|0|13|0|12|8|9|2|2|1|0|941|1|8|1|4|34|2|0|1|7|0|837|6|0|11|5|4|0|2|0|1|5|970|0|6|3|1|1|10|4|4|0|2|996|1|26|2|8|5|4|7|3|16|3|925|9|2|2|2|3|8|3|0|13|11|946
4,relu,relu,0,interleave,128,0.03,10,ce,ok,84.3623,97.2911,95.2,95.2025,95.68,95.6027,95.78,4,0.326897|0.191101|0.166092|0.146961|0.138267|0.141929|0.139224|0.136763|0.132909|0.116485,90.2467|94.7911|95.5822|96.1333|96.3289|96.3756|96.6133|96.7067|96.9489|97.2911,94.66|92.28|94.44|95.78|95.42|95.4|95.72|94.5|95.56|95.2,94.6592|92.3352|94.4222|95.7843|95.4174|95.3821|95.7366|94.5025|95.5334|95.2025,946|0|4|0|0|1|7|0|4|1|0|1154|1|1|2|1|1|1|1|2|2|5|922|5|5|2|2|6|18|2|0|0|14|985|0|15|0|6|8|5|1|2|5|0|960|3|10|0|2|11|2|4|4|13|3|822|13|0|6|2|3|1|1|0|1|3|979|0|2|1|7|5|13|8|6|26|0|928|15|37|4|6|8|8|7|7|4|0|932|6|2|0|2|8|15|17|0|2|4|940
3,relu,relu,0,interleave,128,0.03,10,ce,ok,84.37,97.2356,96.44,96.4296,96.37,96.3258,96.44,10,0.319756|0.196606|0.16196|0.150722|0.143392|0.127013|0.122356|0.129558|0.124843|0.120278,90.5311|94.5111|95.5333|96.0022|96.2222|96.7022|96.8822|96.9267|97.1089|97.2356,95.02|93.02|93.76|95.22|96.06|95.3|95.44|95.82|94.32|96.44,95.0132|93.0121|93.7616|95.2347|96.0697|95.25|95.4707|95.8125|94.3526|96.4296,935|0|0|0|2|6|3|2|3|12|0|1149|0|1|1|1|0|6|4|2|2|2|921|14|9|3|0|10|6|2|0|1|3|1000|1|11|0|9|4|4|0|0|2|1|937|1|10|9|3|31|0|0|2|11|0|839|6|1|6|4|2|1|6|2|0|11|962|0|6|1|3|3|2|2|1|4|1|1018|2|9|3|4|3|14|2|11|6|1|935|3|2|0|1|9|7|5|1|18|6|941
5,relu,relu,0,interleave,128,0.03,10,ce,ok,84.3936,96.8867,96.02,96.01,96.03,95.9709,96.06,4,0.325788|0.19491|0.168272|0.141488|0.156011|0.153731|0.157732|0.150074|0.135787|0.137332,90.36|94.5244|95.3378|96.2533|96.1133|96.2378|96.3133|96.4756|96.8778|96.8867,92.72|95.2|95.76|96.06|95.56|95.88|95.54|94.48|95.7|96.02,92.6674|95.183|95.7669|96.043|95.5607|95.8888|95.5111|94.4631|95.7026|96.01,940|0|5|1|0|0|5|3|7|2|0|1142|1|0|12|0|2|3|4|0|1|7|944|5|1|1|3|4|2|1|0|3|14|979|1|21|0|10|3|2|1|1|8|0|965|0|4|1|2|12|2|2|6|7|0|811|17|0|9|15|3|2|0|0|1|6|972|1|6|0|1|4|9|1|8|2|0|1003|1|16|2|2|9|10|6|4|2|0|943|4|1|0|12|3|39|7|3|14|7|904
6,relu,relu,0,interleave,128,0.03,10,ce,ok,84.3813,96.56,95.66,95.6545,96.41,96.3568,95.88,8,0.325298|0.188275|0.170465|0.16562|0.162775|0.152458|0.164717|0.15292|0.153819|0.154372,90.4444|94.8533|95.4622|95.6778|95.9578|96.2222|96.1311|96.4289|96.5089|96.56,93.32|95.42|95.26|95.24|95.6|95.76|95.48|95.88|94.94|95.66,93.3357|95.4286|95.2588|95.2454|95.604|95.7665|95.4907|95.8904|94.9865|95.6545,953|0|1|1|1|1|2|1|1|2|0|1153|0|1|1|4|1|1|2|1|5|9|914|12|4|1|4|6|5|9|1|2|6|981|0|23|0|5|7|8|2|1|4|0|954|0|11|5|3|14|4|2|3|5|1|824|10|1|5|14|5|1|1|1|1|4|972|0|5|1|0|5|2|9|3|0|0|1018|1|7|8|6|3|14|1|8|2|1|931|8|3|2|1|2|19|3|1|13|5|941
7,relu,relu,0,interleave,128,0.03,10,ce,ok,90.6747,96.5533,95.88,95.8789,95.91,95.8638,95.9,5,0.325195|0.19478|0.164615|0.145895|0.140582|0.147858|0.145126|0.124211|0.169632|0.153686,90.2533|94.62|95.5622|96.04|96.3089|96.2578|96.5267|97.0467|96.2933|96.5533,93.92|94.42|94.1|94.54|95.9|94.2|95.52|95.84|95.42|95.88,93.9211|94.4523|94.101|94.5975|95.8943|94.1719|95.5214|95.8301|95.4096|95.8789,938|0|3|2|2|2|5|1|8|2|0|1153|0|0|0|0|1|1|6|3|0|1|929|10|3|0|3|9|11|3|0|0|10|960|0|21|0|15|21|6|0|8|2|0|945|0|6|1|8|24|3|0|4|6|1|807|6|0|33|9|11|4|0|2|2|3|952|0|15|2|1|5|1|2|2|2|0|1017|2|13|1|4|5|4|1|0|2|2|962|1|1|2|1|2|13|4|0|17|22|928
9,relu,relu,0,interleave,128,0.03,10,ce,ok,90.6533,97.1156,95.98,95.9732,96.46,96.4189,96.14,5,0.321462|0.191386|0.160213|0.148512|0.153014|0.152107|0.146947|0.128342|0.141989|0.121415,90.4556|94.7911|95.7511|96.0333|96.1756|96.2756|96.4822|96.8133|96.8044|97.1156,94.52|94.14|95.42|94.86|96.14|95.24|94.88|96.06|95.28|95.98,94.5146|94.1007|95.4106|94.844|96.1325|95.2244|94.9243|96.0627|95.2834|95.9732,936|0|2|1|1|4|4|2|5|8|1|1149|0|0|3|5|1|2|2|1|2|5|918|3|8|2|2|20|7|2|1|2|13|977|0|8|1|8|9|14|0|2|4|0|969|0|3|3|1|12|2|3|1|8|2|833|5|1|7|7|6|0|0|2|5|11|962|0|3|2|0|4|7|1|4|1|0|1011|1|16|4|5|7|2|2|8|0|0|949|5|2|2|0|5|20|5|0|8|6|942
10,relu,relu,0,interleave,128,0.03,10,ce,ok,90.5622,97.3489,95.52,95.5434,95.75,95.7208,96.52,5,0.327232|0.189376|0.163437|0.144351|0.133355|0.128477|0.157459|0.126042|0.132885|0.115281,90.3489|94.82|95.6422|96.1756|96.5956|96.7267|96.3156|96.8467|96.8511|97.3489,94.16|95.42|95.3|96.44|96.52|93.96|94.9|96.24|95.88|95.52,94.1552|95.4228|95.3063|96.4338|96.5071|93.9608|94.9065|96.2396|95.8574|95.5434,914|0|2|1|1|1|22|0|10|12|0|1123|11|0|4|4|1|9|10|2|0|2|911|3|11|2|5|11|3|21|0|1|16|975|2|13|0|13|4|9|0|0|1|0|963|0|12|3|5|10|1|0|2|2|2|828|9|0|9|16|1|1|0|0|1|4|978|0|5|1|0|1|4|2|9|6|0|1000|3|20|1|4|6|3|4|7|6|1|944|6|1|1|1|13|20|3|0|5|7|939
8,relu,relu,0,interleave,128,0.03,10,ce,ok,90.8169,96.9311,96.18,96.1997,96.67,96.6349,96.18,10,0.324294|0.1952|0.165872|0.152034|0.139321|0.13954|0.147875|0.138421|0.149093|0.132876,90.4311|94.5844|95.7044|96.0111|96.4244|96.5644|96.34|96.82|96.6556|96.9311,93.84|94.5|94.8|95.06|95.64|93.9|92.84|95.68|95.84|96.18,93.8014|94.4741|94.7684|95.012|95.6049|93.92|92.7867|95.6857|95.843|96.1997,943|0|1|0|1|1|8|0|3|6|0|1142|7|2|3|0|0|3|5|2|5|3|928|8|2|2|4|5|8|4|0|1|5|998|0|11|0|6|7|5|2|0|5|0|959|0|6|2|2|18|1|0|5|7|1|835|12|1|5|2|2|1|0|2|4|5|974|0|1|2|0|2|5|5|2|2|0|1017|0|12|2|5|7|13|3|5|7|2|926|12|1|0|1|13|9|5|0|7|9|945
2,relu,relu,0,interleave,128,0.1,10,ce,ok,99.589,10.0267,9.9,1.80164,9.82,1.78838,10.74,2,1.99823|2.26115|2.26983|2.31836|2.3249|2.32339|2.32458|2.32348|2.32416|2.32415,28.1|13.7156|13|10.4622|10.12|10.0667|10.04|10.4311|10.3178|10.0267,9.64|10.74|9.86|9.64|10.74|9.64|9.64|9.18|10.74|9.9,1.75945|1.93968|1.79501|1.75848|1.93968|1.75848|1.75848|1.68163|1.93968|1.80164,0|0|0|0|0|0|0|0|963|0|0|0|0|0|0|0|0|0|1164|0|0|0|0|0|0|0|0|0|969|0|0|0|0|0|0|0|0|0|1033|0|0|0|0|0|0|0|0|0|994|0|0|0|0|0|0|0|0|0|869|0|0|0|0|0|0|0|0|0|991|0|0|0|0|0|0|0|0|0|1045|0|0|0|0|0|0|0|0|0|982|0|0|0|0|0|0|0|0|0|990|0
4,relu,relu,0,interleave,128,0.1,10,ce,ok,99.4943,10.2444,10.72,1.93642,11.64,2.08527,26.96,1,1.87099|2.17181|1.99301|2.18616|2.23101|2.32458|2.32458|2.32402|2.32386|2.32429,30.6133|14.82|19.1156|13.7933|12.4711|10.0911|9.79111|10.0822|10.2556|10.2444,26.96|18.46|18.18|10.44|10.72|10.18|10.18|9.4|10.72|10.72,15.571|7.49042|6.46056|2.12669|1.93642|1.84789|1.84789|1.71846|1.93642|1.93642,0|963|0|0|0|0|0|0|0|0|0|1164|0|0|0|0|0|0|0|0|0|969|0|0|0|0|0|0|0|0|0|1033|0|0|0|0|0|0|0|0|0|994|0|0|0|0|0|0|0|0|0|869|0|0|0|0|0|0|0|0|0|991|0|0|0|0|0|0|0|0|0|1045|0|0|0|0|0|0|0|0|0|982|0|0|0|0|0|0|0|0|0|990|0|0|0|0|0|0|0|0
3,relu,relu,0,interleave,128,0.1,10,ce,ok,99.6189,10.1267,10.74,1.93968,10.45,1.89226,32.98,4,1.87544|1.97197|1.97713|2.30377|1.9251|1.94841|1.89406|2.12848|2.3237|2.32361,27.2356|19.6578|17.7467|11.6956|20.02|18.8511|19.0378|14.2244|10.1511|10.1267,18.7|20.04|9.86|32.98|17.34|19.5|17.86|9.64|10.72|10.74,6.3833|8.48915|1.79501|25.8781|5.91302|6.67216|5.99954|1.75848|1.93642|1.93968,0|0|0|0|0|0|0|963|0|0|0|0|0|0|0|0|0|1164|0|0|0|0|0|0|0|0|0|969|0|0|0|0|0|0|0|0|0|1033|0|0|0|0|0|0|0|0|0|994|0|0|0|0|0|0|0|0|0|869|0|0|0|0|0|0|0|0|0|991|0|0|0|0|0|0|0|0|0|1045|0|0|0|0|0|0|0|0|0|982|0|0|0|0|0|0|0|0|0|990|0|0
1,relu,relu,0,interleave,128,0.1,10,ce,ok,99.7877,19.68,18.96,6.82493,18.97,6.84183,19.82,1,1.92403|2.01049|2.00275|1.95393|1.93601|1.95452|1.92725|1.92165|1.91432|1.91186,28.4533|19.1022|18.1911|18.8822|19.0356|18.5022|19.0911|19.3533|18.94|19.68,19.82|18.22|19|16.96|18.36|19.52|18.42|18.68|18.16|18.96,6.95709|7.09368|7.11393|6.72323|6.74935|7.04677|6.77561|6.94711|6.9145|6.82493,941|0|0|0|0|0|0|0|0|22|1123|0|1|0|0|0|0|0|0|40|873|0|1|0|0|0|0|0|0|95|951|0|0|0|0|0|0|0|0|82|29|0|0|0|0|0|0|0|0|965|762|0|0|0|0|0|0|0|0|107|967|0|0|0|0|0|0|0|0|24|30|0|0|0|0|0|0|0|0|1015|857|0|1|0|0|0|0|0|0|124|35|0|0|0|0|0|0|0|0|955
5,relu,relu,0,interleave,128,0.1,10,ce,ok,85.9823,19.18,19.5,7.17302,18.91,7.02959,20.62,4,1.99731|2.16605|2.06307|1.93889|2.00544|1.95629|1.95959|2.07145|1.98535|1.94018,25.9644|14.8422|18.0467|19.8156|17.9356|18.7911|18.7578|17.8622|19.4911|19.18,18.96|13.2|19.52|20.62|17.98|19.04|18.26|19.66|18.04|19.5,8.20633|6.77019|6.88394|7.79071|6.57003|7.0777|7.00233|7.77916|6.60813|7.17302,0|0|947|0|0|0|0|16|0|0|0|0|1160|0|0|0|0|4|0|0|0|0|901|0|0|0|0|68|0|0|0|0|988|0|0|0|0|45|0|0|0|0|56|1|0|0|0|937|0|0|0|0|831|0|0|0|0|38|0|0|0|0|909|2|0|0|0|80|0|0|0|0|55|0|0|0|0|990|0|0|0|0|922|0|0|0|0|60|0|0|0|0|83|0|0|0|0|907|0|0
6,relu,relu,0,interleave,128,0.1,10,ce,ok,85.9841,10.16,9.18,1.68224,9.61,1.75397,20.1,3,1.86942|1.87535|2.13153|1.89748|1.9082|1.98874|2.32398|2.32412|2.32415|2.3243,26.0489|21.2|14.5778|19.3956|19.1933|17.7044|10.1089|10.0156|10.0244|10.16,18.64|19.52|20.1|19.2|19.38|10.74|10.72|9.86|9.64|9.18,6.26983|7.47619|7.28494|6.94174|7.24838|1.94073|1.93642|1.79501|1.75848|1.68224,961|0|0|0|0|0|0|2|0|0|1164|0|0|0|0|0|0|0|0|0|969|0|0|0|0|0|0|0|0|0|1033|0|0|0|0|0|0|0|0|0|994|0|0|0|0|0|0|0|0|0|866|0|0|0|0|0|0|3|0|0|991|0|0|0|0|0|0|0|0|0|1045|0|0|0|0|0|0|0|0|0|982|0|0|0|0|0|0|0|0|0|990|0|0|0|0|0|0|0|0|0
7,relu,relu,0,interleave,128,0.1,10,ce,ok,85.9433,10.0422,9.86,1.79501,9.94,1.80826,10.74,7,2.27185|2.3239|2.32432|2.32344|2.32369|2.32337|2.32374|2.32442|2.32358|2.32485,13.2|10.2644|9.98444|10.3911|10.0867|10.3933|10.1311|10.1644|10.5422|10.0422,9.64|10.06|9.86|10.72|9.18|9.4|10.74|9.9|9.64|9.86,1.75848|1.82809|1.79501|1.93642|1.68163|1.71846|1.93968|1.80164|1.75848|1.79501,0|0|0|0|963|0|0|0|0|0|0|0|0|0|1164|0|0|0|0|0|0|0|0|0|969|0|0|0|0|0|0|0|0|0|1033|0|0|0|0|0|0|0|0|0|994|0|0|0|0|0|0|0|0|0|869|0|0|0|0|0|0|0|0|0|991|0|0|0|0|0|0|0|0|0|1045|0|0|0|0|0|0|0|0|0|982|0|0|0|0|0|0|0|0|0|990|0|0|0|0|0
8,relu,relu,0,interleave,128,0.1,10,ce,ok,85.8813,10.1556,9.86,1.79534,9.94,1.80826,18.5,2,2.03049|2.22923|2.0837|2.18377|2.32302|2.32424|2.3248|2.32284|2.32485|2.32399,25.8|13.8889|18.3533|15.0333|10.2222|10.46|10.2644|10.3067|9.84444|10.1556,9.18|18.5|17.6|10.72|10.74|10.16|10.06|10.18|10.06|9.86,1.68193|6.39403|5.85741|1.93642|1.94003|1.84459|1.82809|1.84789|1.82809|1.79534,0|0|0|0|963|0|0|0|0|0|0|0|0|0|1164|0|0|0|0|0|0|0|0|0|969|0|0|0|0|0|0|0|0|0|1033|0|0|0|0|0|0|0|0|0|994|0|0|0|0|0|0|0|0|0|869|0|0|0|0|0|0|0|0|0|991|0|0|0|0|0|0|0|0|0|1045|0|0|0|0|0|0|0|0|0|982|0|0|0|0|0|0|0|0|0|990|0|0|0|0|0
9,relu,relu,0,interleave,128,0.1,10,ce,ok,84.2709,10.2978,9.9,1.80164,9.82,1.78854,21.18,3,2.02582|2.05849|2.01815|1.95359|2.15292|2.32322|2.3245|2.3242|2.32477|2.32387,25.9711|19.3578|20.1311|19.0844|14.0022|10.4378|10.0356|10.1289|10.16|10.2978,19.82|18.26|21.18|19|10.74|10.18|10.72|9.86|9.64|9.9,8.33639|8.89899|7.17996|6.69035|1.93968|1.84789|1.93642|1.79501|1.75848|1.80164,0|0|0|0|0|1|0|0|962|0|0|0|0|0|0|0|0|0|1164|0|0|0|0|0|0|0|0|0|969|0|0|0|0|0|0|0|0|0|1033|0|0|0|0|0|0|0|0|0|994|0|0|0|0|0|0|0|0|0|869|0|0|0|0|0|0|0|0|0|991|0|0|0|0|0|0|0|0|0|1045|0|0|0|0|0|0|0|0|0|982|0|0|0|0|0|0|0|0|0|990|0
10,relu,relu,0,interleave,128,0.1,10,ce,ok,84.2794,10.1733,9.64,1.75848,9.91,1.80329,23.96,2,1.86634|2.21438|2.00185|1.92864|2.22957|2.32431|2.32397|2.32365|2.32456|2.32328,28.3111|13.0222|18.6044|19.1622|12.8133|10.2022|10.4089|10.2378|10.2|10.1733,19.28|23.96|19.06|22.14|10.18|10.72|10.72|10.18|9.18|9.64,7.06955|12.6798|6.69849|13.3209|1.84789|1.93642|1.93642|1.84789|1.68163|1.75848,0|0|0|0|0|0|963|0|0|0|0|0|0|0|0|0|1164|0|0|0|0|0|0|0|0|0|969|0|0|0|0|0|0|0|0|0|1033|0|0|0|0|0|0|0|0|0|994|0|0|0|0|0|0|0|0|0|869|0|0|0|0|0|0|0|0|0|991|0|0|0|0|0|0|0|0|0|1045|0|0|0|0|0|0|0|0|0|982|0|0|0|0|0|0|0|0|0|990|0|0|0
1,tanh,tanh,0,interleave,128,0.001,10,ce,ok,95.3289,97.3556,96.42,96.4312,96.27,96.2319,96.42,10,0.596311|0.286408|0.236322|0.197182|0.16816|0.145435|0.128058|0.113974|0.10177|0.0920688,84.8511|91.7867|93.2289|94.3311|95.2178|95.8022|96.2933|96.6867|97.1222|97.3556,90.94|92|93.28|94.24|94.8|95.58|95.84|96.1|96.22|96.42,90.9|91.9459|93.2618|94.2093|94.7993|95.5781|95.8293|96.0935|96.2145|96.4312,946|0|0|1|1|3|3|0|8|1|0|1134|4|2|5|1|0|2|15|1|3|2|930|3|11|1|5|4|10|0|1|3|4|984|1|16|0|8|10|6|2|0|7|0|956|0|7|1|2|19|3|0|4|9|2|828|6|0|9|8|8|1|2|1|3|13|956|0|7|0|3|0|9|6|6|1|0|995|2|23|3|2|4|6|5|4|1|0|951|6|2|0|1|6|20|2|0|9|3|947
2,tanh,tanh,0,interleave,128,0.001,10,ce,ok,95.3432,97.36,96.6,96.5854,96.57,96.533,96.6,10,0.601462|0.287188|0.237119|0.198478|0.169136|0.146962|0.129448|0.115144|0.103088|0.0932395,85.1867|91.7311|93.2378|94.26|95.16|95.8022|96.2844|96.6778|97.1333|97.36,90.8|92.22|93.36|93.96|95.12|94.88|95.66|96.2|96.4|96.6,90.7105|92.1781|93.3025|93.9292|95.1087|94.8507|95.6498|96.1958|96.3892|96.5854,949|0|1|1|1|1|3|0|6|1|0|1148|4|3|3|1|0|2|2|1|3|3|936|5|6|1|5|4|6|0|1|5|6|989|1|13|0|9|6|3|2|0|7|0|946|2|10|1|4|22|2|2|3|15|2|825|8|0|8|4|3|1|0|0|0|3|979|0|5|0|3|2|8|3|7|3|0|1002|1|16|3|7|7|7|3|3|4|0|946|2|3|2|0|10|17|3|1|16|1|937
4,tanh,tanh,0,interleave,128,0.001,10,ce,ok,95.0498,97.2311,96.36,96.3604,96.31,96.2637,96.36,10,0.603972|0.28655|0.237439|0.200463|0.172771|0.150709|0.133237|0.117997|0.106014|0.0952826,84.5289|91.7911|93.18|94.2178|95.1533|95.6778|96.2467|96.66|96.9222|97.2311,90.92|92.44|93.48|94.38|94.74|95.18|95.7|95.94|96.22|96.36,90.8432|92.384|93.472|94.3702|94.7307|95.1594|95.6839|95.933|96.2048|96.3604,937|0|3|1|1|5|5|0|9|2|0|1147|4|0|4|2|0|2|4|1|3|3|928|6|9|1|4|6|9|0|0|5|6|962|1|28|0|12|13|6|0|0|6|0|962|2|8|1|2|13|0|1|3|3|2|840|8|0|7|5|3|1|0|1|1|9|972|0|4|0|3|3|5|1|8|4|0|1005|1|15|2|6|1|8|1|7|8|0|947|2|1|1|2|4|28|4|0|13|6|931
3,tanh,tanh,0,interleave,128,0.001,10,ce,ok,95.0757,97.36,96.64,96.6347,96.42,96.3783,96.64,10,0.598873|0.288426|0.238087|0.200314|0.170946|0.14827|0.130327|0.115454|0.103629|0.093513,84.6911|91.6711|93.1311|94.2489|95.1156|95.8067|96.3111|96.7|97.1|97.36,90.72|92.46|93.22|94.32|94.92|95.48|95.76|96.16|96.46|96.64,90.6477|92.4122|93.2071|94.3034|94.915|95.4619|95.7525|96.1503|96.4492|96.6347,946|0|1|1|1|2|4|0|4|4|0|1147|4|1|3|2|0|3|3|1|3|3|929|6|8|1|4|8|6|1|1|4|6|988|1|16|0|10|4|3|1|0|6|1|949|1|9|2|1|24|2|2|4|8|3|832|9|0|5|4|5|1|0|0|1|6|974|0|4|0|3|1|6|2|6|0|0|1007|1|19|4|8|7|13|1|11|5|0|928|5|3|1|1|9|18|2|0|13|1|942
5,tanh,tanh,0,interleave,128,0.001,10,ce,ok,95.1914,97.38,96.36,96.3554,96.66,96.6181,96.4,9,0.598531|0.289098|0.239939|0.200223|0.17134|0.147145|0.129309|0.114907|0.102479|0.0922619,85.0289|91.6622|93.1022|94.3578|95.1133|95.8267|96.3067|96.7089|97.0867|97.38,90.56|92.12|93.7|94.28|94.84|95.16|95.7|96.12|96.4|96.36,90.4764|92.0845|93.6695|94.2601|94.8306|95.1485|95.6885|96.113|96.3973|96.3554,947|0|0|1|1|3|5|0|5|1|0|1150|4|0|4|0|0|3|2|1|3|2|941|2|9|0|5|4|3|0|1|5|6|983|1|15|0|14|5|3|1|0|8|0|957|0|9|3|1|15|0|0|6|10|4|827|10|0|7|5|3|1|1|1|1|3|979|0|2|0|2|0|10|1|7|0|0|1014|1|10|3|5|7|9|4|5|8|0|939|2|1|2|1|9|25|3|0|15|5|929
6,tanh,tanh,0,interleave,128,0.001,10,ce,ok,95.1989,97.3067,96.1,96.0979,96.45,96.418,96.52,9,0.598395|0.286309|0.237013|0.199713|0.170481|0.14845|0.130792|0.116663|0.104523|0.0940177,84.8511|91.7844|93.0667|94.3244|95.1156|95.7333|96.26|96.68|96.96|97.3067,90.86|92.7|93.3|94.44|94.8|95.38|95.86|96.06|96.52|96.1,90.7566|92.661|93.2779|94.4233|94.8075|95.3632|95.8444|96.0452|96.5167|96.0979,951|0|0|1|1|0|3|0|6|1|0|1151|3|1|3|0|0|3|2|1|5|3|927|9|8|1|3|8|5|0|1|5|2|994|1|11|0|14|3|2|1|0|7|1|948|0|6|8|1|22|1|1|5|16|2|822|9|1|7|5|6|2|1|1|3|3|972|0|3|0|2|2|6|3|4|1|0|1022|0|5|4|11|6|14|2|3|3|0|936|3|3|2|1|13|17|2|0|26|4|922
8,tanh,tanh,0,interleave,128,0.001,10,ce,ok,95.0575,97.2933,96.4,96.3899,96.43,96.389,96.4,10,0.595177|0.287804|0.23913|0.201398|0.171404|0.147934|0.130254|0.115283|0.10341|0.0932106,84.9978|91.6822|93.0933|94.2111|95.1667|95.8267|96.2756|96.7067|97.0289|97.2933,91.04|92.18|93.26|93.92|94.94|95.42|95.66|95.96|96.1|96.4,90.9837|92.1264|93.2168|93.8846|94.9218|95.4265|95.6556|95.9525|96.0897|96.3899,949|0|0|1|1|1|4|0|5|2|0|1150|4|1|2|1|0|3|2|1|6|4|925|3|10|1|7|8|5|0|1|5|6|992|1|10|0|13|3|2|2|0|9|0|954|0|9|2|1|17|1|2|5|10|4|823|9|0|8|7|5|1|0|1|2|3|975|0|4|0|3|2|6|1|7|0|0|1015|0|11|3|9|6|12|4|6|6|1|932|3|3|2|1|11|23|3|0|18|1|928
7,tanh,tanh,0,interleave,128,0.001,10,ce,ok,95.1889,97.3422,96.56,96.5554,96.4,96.3566,96.56,10,0.596473|0.286692|0.235849|0.197414|0.168597|0.146804|0.129349|0.115185|0.103356|0.0937044,84.96|91.6911|93.1244|94.26|95.1956|95.7556|96.2356|96.7022|97.06|97.3422,90.84|92.48|93.68|94.4|94.72|95.36|95.74|95.94|96.28|96.56,90.7458|92.451|93.6482|94.3814|94.688|95.3488|95.7313|95.9273|96.2686|96.5554,941|0|0|1|1|6|3|0|10|1|0|1147|2|1|2|1|0|2|8|1|2|4|925|9|8|1|4|4|12|0|2|5|3|972|1|20|0|10|18|2|2|1|7|0|943|2|7|3|3|26|3|2|3|6|0|836|6|0|9|4|3|1|1|1|3|9|967|0|6|0|1|1|5|3|5|2|0|1016|1|11|3|4|3|5|1|7|2|1|955|1|1|2|0|8|12|5|0|17|7|938
9,tanh,tanh,0,interleave,128,0.001,10,ce,ok,95.2061,97.3467,96.54,96.5324,96.37,96.3223,96.54,10,0.599585|0.289621|0.238618|0.200275|0.170713|0.148974|0.131835|0.117193|0.105439|0.0949702,85.2756|91.6444|93.0733|94.2622|95.1111|95.6889|96.2067|96.6711|96.9067|97.3467,90.88|92.32|93.24|94.02|94.84|95.34|95.64|96|96.34|96.54,90.8068|92.2539|93.1971|94.0194|94.8193|95.3228|95.6314|95.9899|96.336|96.5324,945|0|1|1|1|4|3|0|7|1|0|1147|3|1|5|1|0|3|3|1|1|4|935|6|8|0|3|5|7|0|0|5|5|985|1|17|0|9|8|3|2|0|8|0|957|1|9|1|2|14|4|1|4|9|5|824|7|0|8|7|4|1|1|1|3|9|969|0|3|0|3|3|9|2|8|2|0|1005|1|12|2|6|5|11|3|7|4|0|941|3|2|2|1|8|25|3|0|14|6|929
10,tanh,tanh,0,interleave,128,0.001,10,ce,ok,95.2016,97.2844,96.28,96.2875,96.42,96.3789,96.28,10,0.603378|0.286797|0.236878|0.198312|0.169936|0.147436|0.130427|0.116056|0.104187|0.0940389,84.6711|91.7778|93.1844|94.3067|95.1378|95.78|96.2178|96.6844|97.0356|97.2844,90.84|92.48|93.48|94.26|94.8|95.44|95.74|95.88|96.18|96.28,90.7658|92.4495|93.4452|94.2547|94.7876|95.4307|95.7242|95.8822|96.1808|96.2875,945|0|2|1|1|3|5|0|4|2|0|1144|3|0|5|1|1|2|7|1|2|2|935|2|10|2|7|4|5|0|2|4|8|970|2|18|0|15|7|7|2|0|8|0|957|1|7|1|2|16|2|1|4|7|3|831|7|1|6|7|5|1|1|0|1|7|973|1|2|0|3|0|9|0|7|2|0|1007|1|16|3|5|7|8|6|5|2|0|940|6|2|2|0|6|23|2|0|14|1|940
1,tanh,tanh,0,interleave,128,0.003,10,ce,ok,95.7159,98.9689,97.06,97.0781,97.02,97.0083,97.12,6,0.398899|0.195111|0.138647|0.10716|0.0864315|0.0718056|0.0600285|0.0500882|0.0417888|0.0355541,88.8733|94.2889|95.8733|96.8622|97.4267|97.84|98.14|98.5222|98.76|98.9689,93.16|94.26|96.04|96.16|96.64|97.12|96.84|97.1|97.12|97.06,93.155|94.256|96.0315|96.1493|96.6373|97.1159|96.8264|97.0946|97.1173|97.0781,952|0|1|1|1|1|2|0|3|2|0|1123|3|3|16|0|0|5|10|4|2|1|934|6|7|0|3|5|10|1|0|0|4|996|1|15|0|7|4|6|1|0|4|0|972|0|2|1|2|12|1|1|5|7|2|839|1|0|6|7|4|0|3|0|8|12|958|0|6|0|0|0|5|7|7|0|0|996|3|27|4|0|1|3|3|3|0|0|961|7|1|0|0|2|11|1|0|3|1|971
2,tanh,tanh,0,interleave,128,0.003,10,ce,ok,95.7563,98.9467,97.14,97.1311,97.39,97.3618,97.28,9,0.400467|0.195954|0.140592|0.1088|0.0886254|0.072961|0.060691|0.0509879|0.0427261|0.0356488,88.9022|94.3689|95.8133|96.7489|97.4244|97.8444|98.14|98.4356|98.7689|98.9467,92.7|95|95.76|95.78|96.7|96.76|97.04|97|97.28|97.14,92.6275|94.9944|95.7495|95.767|96.7021|96.753|97.0368|97.0052|97.2805|97.1311,953|0|0|1|1|1|3|0|3|1|0|1154|1|5|1|1|0|1|1|0|4|4|932|12|2|1|3|5|6|0|1|1|4|1011|0|10|0|5|1|0|0|0|5|0|954|1|9|1|2|22|1|3|3|15|0|838|2|0|3|4|3|2|0|0|0|5|980|0|1|0|0|2|8|10|2|3|0|1008|1|11|3|7|4|16|1|8|2|0|940|1|4|1|0|5|4|4|0|3|0|969
4,tanh,tanh,0,interleave,128,0.003,10,ce,ok,95.6008,98.9978,97.54,97.5402,97.42,97.3894,97.54,10,0.400819|0.198617|0.142523|0.10991|0.0895101|0.0729596|0.0602486|0.0494738|0.042194|0.035298,88.92|94.2489|95.8511|96.7356|97.2911|97.7533|98.18|98.6311|98.7022|98.9978,92.94|94.92|95.66|96.46|96.28|96.66|97.24|97.28|97.36|97.54,92.8925|94.9197|95.6744|96.457|96.2909|96.6623|97.2503|97.2815|97.358|97.5402,942|0|3|1|1|1|7|0|6|2|0|1151|1|0|3|0|0|3|5|1|1|1|945|7|2|0|3|3|6|1|0|5|2|987|1|18|0|10|6|4|0|0|4|0|967|1|9|3|1|9|0|1|3|2|2|845|7|0|6|3|1|0|0|0|1|6|980|0|3|0|1|2|4|4|4|2|0|1015|1|12|2|4|1|4|0|5|7|1|957|1|1|0|1|2|13|7|0|8|5|953
3,tanh,tanh,0,interleave,128,0.003,10,ce,ok,95.6806,98.9267,97.18,97.1794,97.35,97.3192,97.36,9,0.400348|0.199515|0.142564|0.110622|0.0896515|0.0739372|0.0619754|0.0514628|0.0436904|0.0363549,88.7711|94.1778|95.7111|96.7511|97.3111|97.7667|98.1533|98.4422|98.7133|98.9267,92.98|94.78|95.44|96.06|96.52|97|96.86|96.84|97.36|97.18,92.9553|94.7671|95.4414|96.0579|96.5193|96.9995|96.8556|96.8406|97.3543|97.1794,952|0|2|1|1|1|3|0|1|2|0|1152|2|2|2|0|0|2|3|1|2|2|934|10|5|0|2|10|4|0|0|0|4|1009|1|12|0|5|0|2|0|0|3|0|966|1|2|3|1|18|1|0|4|12|2|839|3|0|4|4|4|1|2|1|2|6|974|0|1|0|1|0|4|6|3|1|0|1018|0|12|4|5|3|25|1|9|1|0|931|3|2|0|0|9|9|2|0|7|1|960
5,tanh,tanh,0,interleave,128,0.003,10,ce,ok,95.55,98.9356,97.06,97.0595,97.41,97.3839,97.46,9,0.400929|0.198721|0.141108|0.1084|0.0885515|0.0728925|0.0616393|0.0514002|0.0436178|0.0359555,88.8489|94.1956|95.8622|96.8222|97.3822|97.7756|98.06|98.4178|98.7089|98.9356,92.98|94.28|96|96.54|96.46|96.98|96.82|97.12|97.46|97.06,92.94|94.2734|95.9953|96.5373|96.4546|96.9659|96.8059|97.1147|97.4598|97.0595,951|0|0|1|1|0|6|0|3|1|0|1151|2|0|4|0|0|5|2|0|3|3|942|3|5|0|5|7|1|0|0|1|4|999|1|11|0|13|4|0|0|0|4|0|973|1|8|1|1|6|0|3|5|8|1|840|8|0|2|2|2|0|0|0|1|0|985|0|3|0|0|1|8|0|8|1|0|1022|1|4|1|5|6|8|3|6|9|0|943|1|1|1|0|5|26|6|0|13|3|935
6,tanh,tanh,0,interleave,128,0.003,10,ce,ok,95.5203,98.8644,97.48,97.4803,97.47,97.4478,97.5,7,0.399474|0.198424|0.142001|0.110189|0.088994|0.0741546|0.0612634|0.0517618|0.0425804|0.0362019,88.86|94.2578|95.8178|96.7578|97.3711|97.7044|98.1511|98.4111|98.7267|98.8644,92.94|95.14|95.96|96.38|96.74|96.86|97.5|97.5|97.32|97.48,92.8838|95.1201|95.9502|96.3776|96.7526|96.8609|97.5013|97.4919|97.3272|97.4803,955|0|0|1|1|0|4|0|1|1|0|1151|2|2|2|0|0|3|3|1|0|3|930|7|5|1|3|8|11|1|1|3|3|1004|1|10|0|7|4|0|0|0|4|1|956|0|7|6|2|18|0|1|4|8|1|840|2|0|10|3|5|2|0|0|2|4|975|0|3|0|0|1|1|1|3|0|0|1033|2|4|4|5|2|6|1|1|1|1|960|1|4|1|0|7|8|3|0|19|5|943
8,tanh,tanh,0,interleave,128,0.003,10,ce,ok,95.4876,98.9422,97.24,97.2406,97.26,97.2186,97.26,9,0.399511|0.199122|0.142961|0.110712|0.0899886|0.0736005|0.062156|0.0515603|0.044038|0.0355649,88.7178|94.1244|95.8556|96.7222|97.2911|97.7956|98.14|98.44|98.6733|98.9422,92.74|94.88|95.96|95.94|96.68|96.68|96.96|97.12|97.26|97.24,92.703|94.8812|95.9444|95.9197|96.6746|96.6863|96.9618|97.1223|97.2617|97.2406,953|0|4|1|1|0|2|0|1|1|0|1154|2|1|1|0|0|4|1|1|1|1|949|2|4|0|2|9|1|0|1|4|6|1000|0|6|0|13|1|2|0|0|6|0|969|0|7|3|1|8|2|2|4|26|3|808|9|0|7|8|4|1|0|0|1|1|982|0|2|0|2|2|6|1|3|0|0|1027|0|4|3|5|13|12|2|2|7|2|934|2|2|0|0|9|9|1|0|17|2|950
7,tanh,tanh,0,interleave,128,0.003,10,ce,ok,95.5964,98.94,97.48,97.4782,97.33,97.3077,97.48,10,0.400017|0.197649|0.142116|0.110313|0.089506|0.0742359|0.0616263|0.0512584|0.0428073|0.035704,88.8444|94.1533|95.7556|96.7289|97.32|97.7378|98.1133|98.4444|98.6956|98.94,92.92|94.72|96.02|96.28|96.44|97.02|97.02|96.94|96.94|97.48,92.8692|94.7235|96.0226|96.2873|96.4309|97.0186|97.0156|96.9462|96.9466|97.4782,951|0|1|1|1|1|3|0|4|1|0|1155|1|1|1|0|0|2|3|1|1|5|938|9|4|0|1|6|5|0|1|4|2|990|0|19|0|6|10|1|1|2|5|0|946|1|8|6|2|23|1|2|2|7|0|847|2|0|7|1|3|1|0|1|2|4|975|0|5|0|0|1|5|9|3|1|0|1012|1|13|4|2|2|3|0|4|0|1|965|1|3|2|0|9|7|4|0|7|4|954
9,tanh,tanh,0,interleave,128,0.003,10,ce,ok,95.5668,98.9178,97.46,97.4621,97.5,97.4672,97.46,10,0.401932|0.200028|0.143361|0.111292|0.0894387|0.0748363|0.0632017|0.0520915|0.0434285|0.035654,88.9822|94.0622|95.7733|96.7067|97.3|97.7644|98.0067|98.4244|98.7022|98.9178,92.6|94.36|95|96.24|96.74|96.72|96.7|97.1|97.04|97.46,92.5483|94.3257|94.9804|96.2462|96.7368|96.7153|96.7036|97.0978|97.0496|97.4621,954|0|0|1|1|1|2|0|3|1|0|1149|1|1|6|0|0|3|2|2|2|2|940|2|7|0|2|7|6|1|1|1|4|996|1|13|0|13|4|0|2|0|4|0|968|0|9|3|1|7|0|0|1|10|1|835|8|0|5|9|3|1|0|0|4|7|974|0|2|0|0|1|6|2|4|1|0|1026|0|5|3|3|3|6|2|4|3|1|953|4|2|0|0|2|14|2|0|11|4|955
10,tanh,tanh,0,interleave,128,0.003,10,ce,ok,95.5518,98.9044,97.6,97.6061,97.47,97.4422,97.6,9,0.399937|0.196948|0.141721|0.110256|0.0896967|0.0742384|0.0611045|0.0517622|0.044002|0.0367048,88.9|94.2267|95.8244|96.7333|97.3022|97.7911|98.2244|98.3933|98.6222|98.9044,93.2|94.88|95.38|96.46|96.94|96.74|96.96|96.82|97.6|97.6,93.1746|94.8667|95.3796|96.4552|96.9425|96.7467|96.9505|96.8242|97.6037|97.6061,952|0|2|0|1|0|4|0|2|2|0|1142|4|1|4|1|2|4|6|0|3|1|945|0|5|3|3|5|3|1|1|2|8|981|1|16|0|13|4|7|0|0|3|0|969|0|7|3|1|11|0|0|3|7|0|838|7|0|7|7|4|0|1|0|2|3|977|0|4|0|1|0|8|0|3|1|0|1020|1|11|3|2|6|3|1|2|1|0|960|4|1|0|0|1|9|3|0|10|3|963
1,tanh,tanh,0,interleave,128,0.01,10,ce,ok,92.9061,99.7178,97.28,97.2959,97.58,97.5519,97.68,9,0.299248|0.137639|0.0950807|0.0735971|0.0545784|0.0430695|0.033629|0.0222273|0.0191121|0.0103155,91.0889|95.78|97.0511|97.6444|98.2578|98.5889|98.8867|99.2667|99.38|99.7178,94.64|95.18|96.66|96.52|96.66|96.94|96.84|97.44|97.68|97.28,94.6346|95.1821|96.6602|96.5338|96.6526|96.951|96.8253|97.4336|97.6785|97.2959,952|0|0|1|1|1|1|0|4|3|0|1143|1|3|4|0|0|3|7|3|2|1|938|5|7|1|1|8|5|1|0|1|2|1006|1|9|0|5|4|5|0|0|5|0|964|0|2|1|1|21|2|1|4|7|2|836|2|0|8|7|5|1|3|0|3|12|963|0|3|1|1|0|5|0|5|0|0|1016|0|18|4|0|2|3|1|1|0|1|961|9|1|0|1|2|4|1|0|2|0|979
2,tanh,tanh,0,interleave,128,0.01,10,ce,ok,92.8947,99.6911,97.5,97.5051,97.76,97.7301,97.62,8,0.300097|0.134823|0.093784|0.0709214|0.0540554|0.0401698|0.0306709|0.0232632|0.0173162|0.0112978,91.0978|95.9844|97.0844|97.7044|98.3133|98.7644|99.0089|99.2422|99.4578|99.6911,93.9|96.5|96.72|96.5|97.16|97.22|97.24|97.62|97.42|97.5,93.8928|96.4993|96.7105|96.5216|97.1611|97.2107|97.2422|97.6202|97.4265|97.5051,954|0|1|0|1|1|2|0|2|2|0|1153|1|2|3|0|0|3|2|0|4|4|938|6|3|1|2|8|3|0|1|0|5|996|0|22|0|6|2|1|0|0|5|0|971|1|4|2|1|10|1|2|2|8|0|845|4|0|3|4|5|1|2|1|1|1|977|0|3|0|0|3|4|0|4|0|0|1027|1|6|4|4|3|5|2|5|2|1|954|2|6|1|0|3|10|2|0|7|0|961
3,tanh,tanh,0,interleave,128,0.01,10,ce,ok,92.8514,99.68,97.58,97.5835,97.57,97.5353,97.58,10,0.303433|0.139463|0.0970474|0.0736836|0.0552963|0.0445204|0.0322021|0.0232621|0.0173107|0.0108332,90.8956|95.78|96.9533|97.6533|98.2778|98.5578|98.9756|99.2756|99.4222|99.68,95.08|95.88|96.46|96.62|97.14|97.54|97.5|97.34|97.5|97.58,95.0761|95.8674|96.4656|96.6128|97.1396|97.5226|97.5|97.3453|97.4996|97.5835,949|1|1|0|1|2|3|0|3|3|0|1148|2|2|3|0|0|5|2|2|1|1|949|4|4|0|2|3|4|1|0|0|10|1000|1|8|0|7|3|4|0|0|3|0|965|0|4|2|1|19|0|0|4|9|2|825|4|0|14|11|3|0|4|0|2|2|977|0|3|0|0|0|7|0|4|0|0|1028|1|5|2|3|6|7|1|1|3|2|954|3|2|0|0|3|8|1|0|11|3|962
4,tanh,tanh,0,interleave,128,0.01,10,ce,ok,92.7811,99.6511,97.68,97.6821,97.88,97.8671,97.68,10,0.302447|0.138351|0.095404|0.0692008|0.0533585|0.0412935|0.0291945|0.0216192|0.0176107|0.0117644,91.0356|95.7667|97.0111|97.8022|98.3089|98.6778|99.0822|99.3267|99.4067|99.6511,94.88|96.46|96.66|97.24|96.84|97.38|97.44|97.58|97.5|97.68,94.8544|96.4731|96.6676|97.2368|96.8451|97.3729|97.4367|97.5846|97.503|97.6821,950|0|0|0|1|0|4|0|4|4|0|1142|1|0|4|0|0|5|10|2|2|2|945|4|3|0|4|6|3|0|0|4|7|990|1|15|0|6|2|8|0|0|2|0|979|1|5|2|1|4|0|1|1|4|1|852|2|0|6|2|2|0|0|0|2|5|980|0|2|0|0|0|7|1|6|1|0|1023|0|7|3|1|2|4|0|3|3|0|961|5|1|0|0|2|13|1|0|4|3|966
5,tanh,tanh,0,interleave,128,0.01,10,ce,ok,92.7823,99.6778,97.32,97.3176,97.63,97.6003,97.48,9,0.301786|0.1392|0.0982876|0.073164|0.05494|0.0431528|0.0315141|0.0241865|0.017098|0.0107056,90.9022|95.7244|96.8978|97.7|98.24|98.5822|99.0267|99.2533|99.4844|99.6778,94.56|95.18|96.46|96.58|97|96.98|97|97.2|97.48|97.32,94.5387|95.1777|96.4572|96.5846|96.9864|96.9638|97.0041|97.2046|97.4819|97.3176,949|0|0|1|1|0|7|0|4|1|0|1156|2|0|1|0|1|3|0|1|1|3|945|3|5|0|6|4|2|0|0|4|7|1001|1|8|0|7|5|0|0|1|5|0|965|0|10|2|1|10|1|0|2|11|1|830|15|0|7|2|1|0|0|0|0|0|989|0|1|0|0|0|6|2|7|1|0|1016|1|12|2|3|1|3|1|2|8|0|961|1|2|1|1|2|19|1|0|7|6|951
6,tanh,tanh,0,interleave,128,0.01,10,ce,ok,92.7483,99.6756,97.68,97.681,97.85,97.8232,97.68,10,0.297895|0.136559|0.0964923|0.0719635|0.0569448|0.0424453|0.0319572|0.023403|0.0145035|0.0110232,91.0556|95.8867|96.9956|97.7489|98.1822|98.5533|98.9489|99.2778|99.5822|99.6756,94.6|96.24|96.68|96.54|97.46|97.46|97.4|97.54|97.58|97.68,94.5768|96.246|96.6819|96.5639|97.4758|97.4669|97.4057|97.5397|97.5817|97.681,955|0|0|0|1|0|3|0|2|2|0|1156|1|0|2|0|0|4|0|1|1|3|942|6|5|0|0|6|6|0|1|2|4|1001|1|12|0|7|4|1|0|0|2|0|964|0|6|5|1|16|1|0|4|5|1|836|4|0|9|9|4|1|1|0|3|3|976|0|3|0|0|1|1|2|2|0|0|1032|1|6|2|5|2|2|1|0|1|1|964|4|2|0|0|3|9|1|0|12|4|959
7,tanh,tanh,0,interleave,128,0.01,10,ce,ok,92.8298,99.6178,97.54,97.5408,97.58,97.5614,97.54,10,0.302224|0.138869|0.0998191|0.0730115|0.0562224|0.0414046|0.0307653|0.0231582|0.0170281|0.0127251,90.8444|95.7978|96.9044|97.6311|98.2089|98.6778|99.0267|99.2178|99.4778|99.6178,95.02|96.04|96.8|96.32|96.84|97.28|97.32|97.22|97.48|97.54,95.0142|96.0377|96.8012|96.3471|96.8414|97.2845|97.3258|97.2318|97.4757|97.5408,952|0|1|1|1|2|2|0|2|2|0|1153|1|1|4|0|0|4|0|1|1|5|942|9|4|0|1|5|2|0|0|2|4|1009|0|6|0|9|2|1|0|1|4|0|962|1|4|5|1|16|0|3|2|14|1|830|6|0|7|6|7|1|0|3|2|1|971|0|6|0|1|1|4|3|4|0|0|1022|0|10|2|6|6|3|0|2|2|1|954|6|1|1|0|6|9|0|0|9|1|963
8,tanh,tanh,0,interleave,128,0.01,10,ce,ok,92.8478,99.6844,97.54,97.5491,97.68,97.6517,97.68,7,0.300458|0.138852|0.0998324|0.073421|0.0554916|0.0412884|0.032147|0.0246577|0.0185248|0.0123549,91.0378|95.7667|96.9089|97.6178|98.1978|98.6733|98.9489|99.22|99.4022|99.6844,93.92|95.92|96.62|96.88|96.98|97.06|97.68|97.4|97.58|97.54,93.8657|95.9141|96.6153|96.8746|96.9908|97.0711|97.6856|97.4112|97.5925|97.5491,952|0|0|1|1|0|1|0|7|1|0|1149|2|1|2|1|0|4|3|2|5|2|940|3|2|0|3|6|7|1|1|1|6|1000|0|9|0|10|5|1|0|0|4|0|973|0|4|2|2|9|2|1|4|9|1|830|6|0|10|6|4|2|1|0|3|1|978|0|2|0|0|2|5|2|3|0|0|1025|1|7|4|3|4|3|1|1|2|0|963|1|5|0|0|6|5|2|0|10|4|958
9,tanh,tanh,0,interleave,128,0.01,10,ce,ok,92.9699,99.7511,97.64,97.6343,97.86,97.8298,97.64,10,0.304134|0.140721|0.0982841|0.071844|0.055864|0.0418547|0.0318001|0.0213333|0.0136568|0.00896841,90.8133|95.6756|96.9667|97.74|98.1533|98.7067|98.9356|99.3|99.5933|99.7511,94.98|95.02|95.04|96.64|97.08|97.06|97|97.28|97.12|97.64,94.9699|95.0168|95.0508|96.6473|97.0789|97.066|97.0031|97.2825|97.1101|97.6343,951|0|1|1|1|1|4|1|2|1|0|1153|1|1|3|0|0|3|2|1|2|3|938|7|7|1|1|3|5|2|0|0|2|1003|1|11|0|6|8|2|1|0|2|0|975|0|3|2|1|10|1|2|3|5|0|842|4|0|8|4|3|0|1|0|4|6|974|0|3|0|0|2|6|2|4|1|0|1022|1|7|3|3|1|4|0|4|0|1|963|3|2|0|0|1|7|4|0|9|2|965
10,tanh,tanh,0,interleave,128,0.01,10,ce,ok,93.0746,99.7289,97.54,97.5431,97.68,97.6592,97.54,9,0.300045|0.138703|0.0972041|0.0715026|0.0540982|0.0419627|0.033185|0.024387|0.0189711|0.0104435,91.0933|95.8022|96.9644|97.8156|98.26|98.6444|98.9133|99.1911|99.3911|99.7289,95|96.14|95.06|96.5|97.26|97|97.34|96.62|97.54|97.54,94.9921|96.15|95.0839|96.5084|97.262|97|97.3289|96.6315|97.5441|97.5431,947|0|1|1|2|3|3|0|5|1|0|1146|1|1|3|0|0|4|9|0|2|2|943|5|5|2|3|4|3|0|0|3|3|1005|0|9|0|8|3|2|0|0|1|0|976|0|4|5|1|7|0|0|4|9|1|849|2|0|3|1|4|0|1|0|3|6|969|1|7|0|0|0|3|1|2|0|0|1032|1|6|3|3|5|4|1|4|0|0|957|5|2|0|0|1|18|3|0|20|2|944
1,tanh,tanh,0,interleave,128,0.03,10,ce,ok,94.3728,95.5867,94.88,94.9009,94.53,94.4997,95.08,8,0.341606|0.215004|0.190237|0.186992|0.184599|0.184191|0.19114|0.186216|0.183447|0.178079,90.08|94.06|94.6822|94.9756|95.1844|95.1733|95.0978|95.2356|95.3511|95.5867,94.44|92.82|94.34|94.68|94.58|94.64|94.04|95.08|94.96|94.88,94.4501|92.8136|94.3218|94.6612|94.5485|94.6083|94.0297|95.0424|94.9451|94.9009,937|0|6|3|1|3|4|1|4|4|0|1118|2|5|4|1|2|28|0|4|6|1|882|39|6|2|6|14|9|4|0|0|2|992|2|17|1|12|5|2|0|2|3|0|935|1|6|9|1|37|3|0|1|35|6|806|4|2|7|5|1|1|1|4|11|13|957|0|3|0|0|0|5|4|6|0|0|1008|0|22|8|1|8|53|1|11|2|3|868|27|3|0|0|7|10|1|0|12|7|950
2,tanh,tanh,0,interleave,128,0.03,10,ce,ok,94.3913,95.3822,95.08,95.088,95.07,95.0283,95.24,6,0.345821|0.216475|0.19934|0.186238|0.191587|0.182256|0.175719|0.204267|0.191081|0.186079,90.1933|93.9222|94.5644|95.0067|95.0156|95.22|95.32|94.7956|95.28|95.3822,91.66|93.94|95.06|94.64|94.52|95.24|94.1|94.4|95.22|95.08,91.7602|93.9494|95.0696|94.6432|94.5085|95.2392|94.095|94.3772|95.217|95.088,929|1|3|2|1|1|7|0|14|5|0|1148|4|4|2|1|0|4|1|0|4|1|933|9|1|0|3|6|8|4|0|2|23|981|0|10|0|6|10|1|1|2|7|2|933|0|8|1|7|33|2|3|2|29|2|800|17|0|10|4|5|6|4|0|1|2|963|0|10|0|2|3|16|24|5|5|1|979|1|9|2|12|17|18|1|1|7|1|921|2|2|2|0|24|9|12|0|11|10|920
3,tanh,tanh,0,interleave,128,0.03,10,ce,ok,94.1486,95.0178,94.72,94.6849,94.2,94.1174,95.18,9,0.341185|0.213267|0.193747|0.198535|0.188175|0.190594|0.186727|0.201614|0.198395|0.197453,90.1222|94.1711|94.5333|94.7289|95.1356|95.0378|95.16|94.8911|95.0044|95.0178,93.32|94.92|93.96|93.5|94.6|93.92|94.16|92.18|95.18|94.72,93.3254|94.9058|93.95|93.4699|94.6226|93.9331|94.1879|92.2165|95.1854|94.6849,946|0|2|1|1|1|4|1|0|7|0|1144|4|3|3|0|0|6|2|2|13|4|912|2|8|2|4|13|1|10|3|6|25|964|1|16|1|9|4|4|0|0|7|0|919|0|11|5|2|50|9|4|5|17|0|811|7|2|3|11|7|1|3|0|4|14|959|0|3|0|1|3|9|6|4|1|0|989|0|32|16|17|12|32|6|29|7|8|833|22|4|0|1|13|8|1|0|18|2|943
4,tanh,tanh,0,interleave,128,0.03,10,ce,ok,94.1156,95.4956,95.06,95.0699,94.71,94.6438,95.32,2,0.354723|0.219617|0.204701|0.186381|0.184|0.185816|0.185576|0.189236|0.183979|0.179121,89.7289|93.9733|94.4289|94.9733|95.14|95.1133|95.3133|95.1178|95.3978|95.4956,94.08|95.32|93.7|95.28|94.66|92.12|94.7|94.38|95.24|95.06,94.0575|95.3135|93.7038|95.3035|94.6623|92.2196|94.7123|94.3455|95.23|95.0699,935|0|5|0|1|6|4|0|9|3|0|1119|11|2|5|1|1|5|19|1|0|2|945|5|1|3|5|2|6|0|1|3|15|957|0|28|2|10|13|4|3|1|10|1|931|9|9|1|3|26|4|0|2|11|1|830|6|0|13|2|7|0|6|1|2|8|952|0|13|2|1|1|15|9|8|8|0|983|4|16|3|2|13|7|5|13|4|1|931|3|4|3|5|9|31|29|0|15|6|888
5,tanh,tanh,0,interleave,128,0.03,10,ce,ok,92.225,95.5711,94.78,94.7483,94.85,94.7779,95.36,3,0.348057|0.209675|0.195824|0.183806|0.18473|0.175124|0.17739|0.18444|0.170948|0.176851,89.9644|94.1511|94.6378|95.1444|95.2267|95.4311|95.4|95.2467|95.5489|95.5711,93.28|93.36|95.36|94.74|94.56|94.12|93.66|94.72|93.86|94.78,93.2272|93.3033|95.3557|94.7325|94.5638|94.1409|93.6626|94.7294|93.8811|94.7483,940|1|2|0|1|1|9|1|6|2|0|1148|1|1|6|1|1|1|5|0|7|7|909|7|11|0|12|6|9|1|0|6|11|974|1|10|0|11|19|1|0|2|5|0|964|0|14|1|1|7|4|5|5|19|1|793|21|1|18|2|2|2|3|1|4|0|977|0|2|0|1|6|8|8|10|0|1|1004|2|5|4|6|5|10|3|2|18|0|933|1|2|5|2|19|67|3|0|20|29|843
6,tanh,tanh,0,interleave,128,0.03,10,ce,ok,92.3734,95.0444,94.38,94.3632,94.47,94.394,95.12,2,0.345595|0.21692|0.203445|0.1811|0.197349|0.192254|0.199199|0.195027|0.191656|0.202053,89.8089|94.0022|94.52|95.1778|94.8844|94.96|94.9333|95.0022|95.2067|95.0444,92.94|95.12|92.18|94.56|94.34|94.38|92.72|93.46|94.22|94.38,92.8815|95.114|92.2299|94.5856|94.3433|94.424|92.7294|93.4258|94.2299|94.3632,947|0|5|0|1|0|3|2|4|1|0|1142|1|3|1|1|0|7|8|1|8|2|885|20|9|8|1|15|20|1|6|3|5|977|0|14|1|9|13|5|2|1|8|0|924|1|5|9|4|40|3|0|1|22|2|822|6|1|2|10|7|6|8|0|7|17|938|0|8|0|2|0|7|2|4|0|1|1022|0|7|5|3|0|31|3|29|2|5|891|13|2|0|2|13|8|9|0|55|2|899
7,tanh,tanh,0,interleave,128,0.03,10,ce,ok,92.4953,95.4822,94.98,94.9919,94.97,94.9332,95.04,2,0.344269|0.211971|0.197603|0.1875|0.185521|0.187581|0.184572|0.182465|0.178364|0.178335,89.92|94.12|94.5333|94.9022|95.1333|95.2|95.1844|95.3822|95.4956|95.4822,93.08|95.04|94.74|94.66|95.02|94.12|94.82|94.96|94.1|94.98,93.0111|95.0235|94.7105|94.6646|95.028|94.1397|94.8097|94.9499|94.0586|94.9919,923|1|7|5|7|3|5|1|10|1|0|1139|1|5|1|4|0|5|6|3|0|12|886|35|11|3|4|8|10|0|0|3|4|999|1|10|0|8|6|2|0|2|4|2|948|2|5|5|1|25|1|1|3|36|4|809|4|0|9|2|1|5|5|1|9|14|949|0|7|0|0|1|10|19|4|1|0|999|1|10|1|6|9|17|1|7|2|1|933|5|2|0|1|20|17|12|0|21|5|912
8,tanh,tanh,0,interleave,128,0.03,10,ce,ok,92.5273,95.0489,94.5,94.5198,93.62,93.5417,95.04,9,0.34603|0.217766|0.196492|0.19568|0.203839|0.192274|0.207451|0.202958|0.191865|0.193756,90.0044|94.0244|94.6511|94.8|94.7333|94.86|94.76|94.8133|95.1733|95.0489,92.76|94.12|94.92|94.26|94.38|94.4|94.32|93.12|95.04|94.5,92.6872|94.0831|94.9276|94.2054|94.3702|94.4055|94.3308|93.0855|95.0223|94.5198,911|0|11|2|1|9|12|0|5|12|0|1118|20|3|3|4|1|7|6|2|7|3|910|12|10|1|5|13|3|5|0|2|22|963|1|29|0|6|6|4|1|1|4|0|942|0|11|4|1|30|1|0|4|16|4|815|9|0|4|16|1|1|2|0|7|11|965|0|3|1|2|1|14|12|6|3|0|970|0|37|1|5|44|22|3|33|6|5|839|24|3|1|1|11|15|13|0|14|3|929
9,tanh,tanh,0,interleave,128,0.03,10,ce,ok,92.5072,95.0533,95.16,95.17,94.9,94.8379,95.16,10,0.348304|0.215412|0.197197|0.190149|0.190941|0.189508|0.199393|0.178845|0.18681|0.191812,89.8778|94.0422|94.8178|94.9067|95.0111|95.1044|94.9178|95.5556|95.3244|95.0533,93.68|90.94|91.6|94.1|95.14|93.66|94.36|94.14|94.54|95.16,93.6532|90.8797|91.4725|94.1011|95.1146|93.6522|94.3553|94.1371|94.5309|95.17,945|1|3|2|0|5|6|0|0|1|0|1131|3|3|6|0|0|10|9|2|4|2|921|10|12|5|4|5|4|2|5|4|20|958|1|25|0|10|8|2|3|0|6|0|955|0|9|4|5|12|5|4|2|9|0|826|7|0|11|5|2|2|2|2|3|13|956|0|11|0|2|3|12|5|6|2|1|997|1|16|10|11|9|9|1|13|0|3|915|11|3|0|1|8|46|15|0|28|3|886
10,tanh,tanh,0,interleave,128,0.03,10,ce,ok,92.5078,95.3133,95.2,95.1979,94.95,94.8766,95.2,10,0.34776|0.221608|0.196672|0.190794|0.189655|0.175225|0.195007|0.183182|0.186252|0.188588,89.9089|93.94|94.7533|94.8689|95.0244|95.4622|94.9867|95.2244|95.2556|95.3133,93.72|92.68|92.6|94.78|94.7|93.96|93.16|93.84|94.24|95.2,93.6806|92.666|92.5622|94.7734|94.6748|93.956|93.1901|93.8372|94.2077|95.1979,934|0|1|0|2|2|13|0|9|2|0|1125|5|6|6|2|2|7|11|0|6|0|930|4|11|1|4|7|3|3|0|1|15|973|3|24|0|10|4|3|0|0|3|0|971|0|3|1|0|16|3|0|2|28|5|801|12|1|8|9|1|1|0|0|12|8|965|0|4|0|2|0|13|1|14|1|2|997|0|15|3|1|15|22|10|14|5|3|883|26|3|0|2|9|36|5|1|17|1|916
1,tanh,tanh,0,interleave,128,0.1,10,ce,ok,84.7784,43.8222,31.8,23.9259,32.75,24.1644,56.88,9,7.05399|8.27425|8.38932|8.1611|7.67981|7.42024|7.29982|6.75211|6.65419|6.62656,35.32|30.6644|30.4978|32.3133|35.5289|37.9133|38.9867|43.0822|43.6667|43.8222,26.18|40.26|35.4|33.02|34.5|35.52|39.74|55.28|56.88|31.8,19.8163|31.3388|23.854|24.1937|25.9578|27.5431|34.3651|51.8998|53.6154|23.9259,709|3|0|16|1|35|28|171|0|0|0|1123|0|0|0|0|0|41|0|0|6|646|102|5|1|6|63|140|0|0|27|61|6|35|0|6|69|829|0|0|3|30|0|0|50|18|32|861|0|0|54|29|3|16|0|92|58|617|0|0|10|603|15|0|0|20|161|182|0|0|4|30|0|0|1|4|3|1003|0|0|0|73|0|1|1|4|158|745|0|0|5|2|0|0|24|23|18|918|0|0
2,tanh,tanh,0,interleave,128,0.1,10,ce,ok,84.7604,43.4778,31.2,22.6579,31.49,22.6773,51.66,9,7.0275|8.57635|8.18418|7.98338|7.77705|7.27716|7.11067|6.93825|6.6612|6.85286,35.7444|29.0911|32.9067|34.1778|35.5356|39.0178|40.9644|42.2556|44.2067|43.4778,17.1|32.74|42.62|36.68|44.08|50.12|50.66|49.5|51.66|31.2,7.09198|26.1429|34.2836|27.7101|32.0316|40.8767|38.881|39.6957|44.4535|22.6579,0|0|0|47|0|0|0|0|0|916|0|771|0|238|0|0|0|142|0|13|0|1|0|164|0|0|0|3|0|801|0|0|0|823|0|0|0|6|0|204|0|0|0|33|0|0|0|2|0|959|0|0|0|381|0|0|0|3|0|485|0|0|0|19|0|0|0|1|0|971|2|0|0|62|0|0|0|737|0|244|0|0|0|435|0|0|0|0|0|547|0|0|0|141|0|0|0|31|0|818
3,tanh,tanh,0,interleave,128,0.1,10,ce,ok,84.679,48.7667,52.98,49.6988,53.24,49.5423,55.28,9,6.68448|8.19281|7.50589|7.81893|7.46744|7.62411|7.21304|6.76575|6.50519|6.02894,37.8044|31|37.2844|35.5356|38.0156|36.2778|39.9578|43.3222|45.4|48.7667,51.04|32.2|33.1|40.56|38.46|38.34|39.9|49.6|55.28|52.98,42.8759|22.0688|22.4664|29.5731|34.1158|32.2485|32.2377|43.8806|48.2547|49.6988,601|0|163|15|1|14|9|160|0|0|0|860|5|12|1|2|7|277|0|0|1|9|431|12|10|1|402|103|0|0|1|3|91|620|2|17|4|295|0|0|1|1|40|3|646|6|134|98|0|65|1|10|202|334|3|165|36|112|0|6|5|2|130|1|13|2|835|3|0|0|12|2|13|6|30|1|3|970|0|8|0|19|364|104|7|35|18|434|0|1|2|0|66|37|203|23|23|440|0|196
4,tanh,tanh,0,interleave,128,0.1,10,ce,ok,84.6588,37.96,28.16,16.5044,28.17,16.2946,47.16,7,7.06092|7.53061|7.56204|8.44043|7.75968|7.65988|7.49909|7.32897|7.26629|7.43456,35.2311|36.2422|36.1289|30.3622|36.1333|36.0644|37.7889|39.0133|39.4467|37.96,40.52|40.74|32.04|24.62|36.34|26.46|47.16|39.94|9.78|28.16,32.498|33.9842|20.2128|13.5946|26.8128|20.1925|40.2484|31.0501|2.45292|16.5044,0|0|959|0|0|0|0|4|0|0|0|915|235|0|0|0|0|14|0|0|0|13|932|0|0|0|0|23|0|1|0|6|905|0|0|0|0|122|0|0|0|15|454|0|0|0|0|502|0|23|0|6|727|0|0|0|0|130|0|6|0|7|983|0|0|0|0|1|0|0|0|19|67|0|0|0|0|958|0|1|0|7|785|0|0|0|0|185|0|5|0|10|106|0|0|0|0|862|0|12
5,tanh,tanh,0,interleave,128,0.1,10,ce,ok,84.6454,46.46,49.38,43.5976,48.91,42.6948,54.84,6,6.67926|7.79656|7.52028|6.93472|7.03829|7.06078|6.80427|6.5105|6.71458|6.32119,37.84|33.7467|37.2844|41.5867|40.6111|41.1067|43.1311|45.48|43.42|46.46,20.12|41.22|39.5|41.16|36.66|54.84|34.98|43.68|46.98|49.38,14.6964|29.5594|33.8748|34.4732|24.5274|51.2513|34.1622|36.5636|39.4251|43.5976,392|0|15|554|2|0|0|0|0|0|0|1014|48|56|45|0|0|0|0|1|4|2|557|364|36|0|0|3|0|3|6|12|20|972|6|0|0|11|0|6|20|1|96|53|650|0|0|10|0|164|35|2|80|737|8|0|0|0|0|7|26|1|945|11|8|0|0|0|0|0|20|14|9|106|47|0|0|767|0|82|4|11|70|868|12|0|0|0|0|17|19|2|11|105|255|0|0|59|0|539
6,tanh,tanh,0,interleave,128,0.1,10,ce,ok,84.6832,47.4889,59.14,54.8254,58.74,54.0016,59.14,10,5.99381|7.32431|8.01308|7.11175|6.82027|6.5069|6.46613|6.17368|6.10017|6.21215,43.1311|36.8511|32.94|40.2|42.6533|45.0178|45.2378|47.5889|48.1311|47.4889,32.66|45.32|40.54|36.92|49.06|48.72|55|54.64|53.78|59.14,26.9308|37.6019|31.5327|24.3202|39.9911|43.4902|49.9712|47.522|48.8215|54.8254,600|1|4|4|4|339|6|4|1|0|0|1071|43|12|2|0|0|36|0|0|9|5|703|13|8|124|77|27|3|0|11|52|159|628|1|122|1|47|12|0|21|1|19|12|601|76|28|232|4|0|120|9|66|106|2|486|18|56|6|0|13|1|128|1|16|127|701|2|2|0|10|12|30|2|13|3|1|974|0|0|15|67|412|189|10|125|21|33|110|0|6|5|9|38|143|87|4|693|5|0
7,tanh,tanh,0,interleave,128,0.1,10,ce,ok,89.2732,44.5356,41.46,33.3164,42.65,34.0205,51.84,4,6.95268|7.2333|6.75213|6.64726|6.72777|6.47414|6.29681|6.44772|7.05195|6.6201,35.52|37.9067|42.5556|43.42|43.2533|45.4689|46.5933|45.4489|41.0756|44.5356,31.9|48.14|29.36|51.84|41.08|44.32|43.9|36.64|47.74|41.46,21.8863|39.9841|21.4346|46.0623|37.2743|39.5087|36.7941|26.7568|46.9539|33.3164,880|15|0|16|40|4|0|8|0|0|0|1163|0|0|1|0|0|0|0|0|70|630|73|45|144|3|2|2|0|0|110|504|0|398|6|5|0|7|0|3|29|93|0|0|829|2|1|12|0|28|123|232|0|285|145|28|0|3|0|53|133|94|12|15|655|12|70|0|0|0|19|222|0|18|60|2|0|675|0|49|12|856|0|26|85|3|0|0|0|0|13|139|1|18|589|3|0|78|0|149
10,tanh,tanh,0,interleave,128,0.1,10,ce,ok,89.2913,42.1111,45.24,37.9397,45.05,37.3527,52.82,8,6.61441|8.18664|8.01777|7.38309|7.51266|7.61064|7.14139|6.58729|6.8231|6.93868,38.0222|31.1444|33.6578|38.6156|36.9556|36.5933|40.2822|44.5|42.8156|42.1111,31.58|40.82|30.36|40.46|35.84|42.42|40.94|52.82|34.74|45.24,28.0612|34.4806|21.9158|37.0409|26.9489|34.6393|29.8313|47.4299|26.4964|37.9397,873|0|6|0|72|0|2|0|10|0|1|669|3|0|8|0|0|33|450|0|102|32|431|0|310|0|2|19|73|0|218|9|8|0|37|0|0|120|641|0|48|1|1|0|873|0|1|63|7|0|306|5|22|1|240|0|0|17|278|0|27|1|23|0|757|0|180|0|3|0|38|4|3|0|108|0|0|859|33|0|109|7|20|0|176|0|0|50|620|0|72|0|0|0|608|0|0|257|53|0
9,tanh,tanh,0,interleave,128,0.1,10,ce,ok,89.3201,42.0911,35.72,27.3706,36.35,27.6037,51.38,7,6.10546|7.52441|7.2456|6.69728|7.23089|7.01261|6.40269|6.67838|6.76616|6.89163,42.2889|35.6778|37.8933|43.22|39.1956|41.0956|45.6556|43.8111|42.9578|42.0911,35.54|35.46|49.64|47.84|49.52|35.74|51.38|41.12|46.8|35.72,25.5988|22.4954|43.3989|41.679|42.055|27.6626|44.5534|31.9269|42.2521|27.3706,332|0|107|519|5|0|0|0|0|0|0|1076|18|3|66|0|0|1|0|0|1|31|737|62|137|0|0|0|1|0|0|15|236|632|149|0|0|0|0|1|0|10|84|135|756|0|0|0|0|9|1|14|210|582|57|0|0|1|0|4|3|13|943|11|20|0|1|0|0|0|3|42|6|571|95|0|0|60|1|267|0|30|245|290|415|0|0|0|1|1|1|21|21|444|452|0|0|10|1|40
8,tanh,tanh,0,interleave,128,0.1,10,ce,ok,89.3318,50.76,56.94,51.8209,57.94,52.4474,57.12,2,5.72684|6.85632|6.56984|6.60765|6.74623|7.05384|6.15881|6.10364|6.35215|5.86644,44.9378|40.5267|44.3222|44.24|43.4511|41.0467|48.2778|48.2822|46.3867|50.76,39.88|57.12|46.06|54.26|44.12|49.66|43|36.96|55.44|56.94,29.4246|53.8462|40.6393|49.0557|34.2041|45.8229|35.0245|30.0493|47.3587|51.8209,784|0|0|0|2|132|22|0|4|19|0|1102|0|0|0|12|6|0|29|15|14|18|0|2|12|143|620|3|93|64|5|6|0|8|0|857|18|7|55|77|1|3|0|0|424|5|53|0|25|483|69|9|0|0|11|628|42|0|24|86|9|3|0|0|27|36|905|0|7|4|5|9|0|0|6|4|1|718|10|292|4|7|0|0|3|400|37|1|356|174|4|4|0|0|47|21|1|34|10|869
2,leaky_relu,leaky_relu,0,interleave,128,0.001,10,ce,ok,86.8757,97.7467,96.92,96.9205,96.88,96.8432,96.92,10,0.697751|0.280186|0.218073|0.176642|0.147636|0.125703|0.108899|0.0955284|0.084125|0.0751991,80.4622|91.8867|93.7267|94.8844|95.7333|96.3089|96.8422|97.1733|97.5933|97.7467,90.48|92.62|94.18|94.86|95.7|95.64|96.08|96.5|96.8|96.92,90.3854|92.5858|94.1448|94.8408|95.6917|95.6166|96.073|96.4942|96.7969|96.9205,953|0|0|1|1|0|3|0|4|1|0|1154|3|3|2|0|1|1|0|0|1|4|939|5|5|1|3|4|7|0|0|4|8|1001|1|9|0|7|2|1|2|1|8|0|942|1|10|3|3|24|1|3|4|19|0|817|13|0|5|7|4|2|0|0|1|2|980|0|2|0|3|2|5|3|3|1|0|1021|1|6|3|8|7|12|3|1|6|2|938|2|4|2|1|10|10|0|0|19|1|943
1,leaky_relu,leaky_relu,0,interleave,128,0.001,10,ce,ok,86.9055,97.8689,96.74,96.7503,96.94,96.9154,96.74,10,0.680551|0.282656|0.2193|0.175762|0.145101|0.123078|0.106147|0.0933508|0.0822238|0.0731958,81.82|91.8622|93.5956|94.9356|95.8378|96.4978|96.94|97.3267|97.7222|97.8689,90.68|92.26|94.14|94.96|95.72|96.34|96.3|96.64|96.72|96.74,90.6459|92.1987|94.1296|94.929|95.709|96.3251|96.2894|96.6333|96.7215|96.7503,950|0|0|1|2|0|3|0|4|3|0|1140|3|1|7|0|0|2|10|1|1|2|932|8|9|0|3|2|11|1|0|0|3|992|1|21|0|3|8|5|1|0|6|0|966|1|5|0|2|13|1|1|3|6|1|843|4|0|4|6|5|0|1|0|7|8|964|0|6|0|2|1|8|6|8|0|0|993|1|26|3|2|2|6|4|5|1|0|952|7|1|0|1|5|11|1|0|6|3|962
4,leaky_relu,leaky_relu,0,interleave,128,0.001,10,ce,ok,86.9072,97.84,96.9,96.8967,96.97,96.9341,96.9,10,0.702787|0.286394|0.224445|0.180428|0.150665|0.128999|0.111679|0.0969095|0.0860798|0.0758173,81.1756|91.8267|93.6533|94.8022|95.6467|96.2911|96.8533|97.26|97.4667|97.84,90.88|93.06|94.12|95.1|95.28|96.14|96.56|96.64|96.68|96.9,90.7925|93.0257|94.1194|95.0967|95.2728|96.1251|96.5543|96.6337|96.6625|96.8967,939|0|0|1|1|2|7|0|11|2|0|1150|3|0|4|0|0|2|4|1|1|6|935|2|6|2|4|5|8|0|0|4|7|973|2|26|0|11|7|3|0|0|6|0|964|1|7|1|2|13|0|2|4|9|0|836|6|0|8|4|2|1|0|0|0|3|981|0|4|0|0|2|6|1|7|1|0|1020|0|8|1|5|3|6|5|4|4|1|952|1|3|2|1|4|19|0|0|10|4|947
3,leaky_relu,leaky_relu,0,interleave,128,0.001,10,ce,ok,86.9213,97.8511,96.92,96.912,96.86,96.8286,97.06,9,0.673659|0.285675|0.221638|0.177959|0.147806|0.125383|0.108222|0.0942033|0.0837571|0.0738346,81.3822|91.9|93.6467|94.8978|95.6978|96.3844|96.9133|97.2422|97.5133|97.8511,90.4|92.84|93.56|94.96|95.24|96.34|96.7|96.8|97.06|96.92,90.3278|92.7979|93.5432|94.9489|95.2483|96.3183|96.6935|96.7871|97.0495|96.912,945|0|4|1|1|1|4|0|3|4|0|1152|3|2|2|0|1|3|0|1|1|5|936|6|6|0|4|6|4|1|0|5|3|1001|1|11|0|9|0|3|0|0|7|2|949|0|7|4|1|24|0|2|5|9|1|834|6|0|5|7|4|1|0|1|2|5|975|0|3|0|0|1|4|3|3|1|1|1018|1|13|5|8|8|15|3|10|4|1|926|2|3|1|0|10|9|2|0|15|0|950
6,leaky_relu,leaky_relu,0,interleave,128,0.001,10,ce,ok,84.3693,97.8311,96.88,96.8749,96.98,96.9518,96.88,10,0.705368|0.278593|0.219018|0.178488|0.148102|0.126654|0.109616|0.0965094|0.0849461|0.0756601,80.9778|91.9378|93.6733|94.9467|95.74|96.34|96.8133|97.2133|97.56|97.8311,90.72|93.28|94.04|94.88|95.28|95.92|96.3|96.5|96.72|96.88,90.6308|93.2383|94.0246|94.8625|95.2838|95.899|96.2855|96.4826|96.7225|96.8749,953|0|0|1|1|0|3|0|3|2|0|1151|3|0|4|0|1|2|2|1|4|3|925|11|6|0|3|10|6|1|1|5|2|997|1|6|1|14|4|2|1|1|7|0|952|1|6|3|3|20|2|3|7|11|0|824|9|0|6|7|4|1|0|0|2|2|979|0|3|0|1|1|4|2|3|0|1|1028|1|4|4|8|1|10|1|3|3|1|950|1|3|2|1|9|12|2|0|19|3|939
5,leaky_relu,leaky_relu,0,interleave,128,0.001,10,ce,ok,84.384,97.8511,97,96.9953,96.76,96.7192,97,10,0.671803|0.279746|0.217986|0.174521|0.146633|0.124045|0.108524|0.0957351|0.0848209|0.0759388,82.4533|91.9156|93.7578|95.0644|95.8467|96.4667|96.9044|97.2444|97.5844|97.8511,90.82|92.42|94.3|95.06|95.66|96.08|96.04|96.64|96.9|97,90.7212|92.3959|94.2776|95.0475|95.6539|96.0667|96.026|96.6395|96.8884|96.9953,944|0|2|1|1|0|5|0|8|2|0|1148|4|0|4|0|2|3|2|1|2|2|938|3|9|1|3|4|6|1|0|4|10|989|2|11|1|9|5|2|1|0|7|0|965|0|11|3|1|6|0|1|4|8|2|826|11|1|11|5|4|1|0|1|0|2|981|0|2|0|0|1|8|0|5|0|0|1020|1|10|1|4|6|10|5|6|8|1|940|1|2|2|1|10|25|4|1|16|4|925
8,leaky_relu,leaky_relu,0,interleave,128,0.001,10,ce,ok,84.3686,97.8511,96.78,96.7783,97.01,96.9715,96.8,8,0.67097|0.283449|0.221363|0.179131|0.148041|0.125871|0.109051|0.0943501|0.0839431|0.0741454,82.2956|91.8178|93.7111|94.9267|95.7578|96.44|96.8644|97.3178|97.5267|97.8511,90.4|92.48|94.22|94.64|95.9|96.2|96.5|96.8|96.62|96.78,90.3552|92.4349|94.1907|94.5914|95.8871|96.2077|96.492|96.7925|96.6177|96.7783,951|0|0|1|1|0|3|0|5|2|0|1153|1|2|3|0|1|3|0|1|3|5|931|6|6|1|5|8|3|1|2|3|8|991|1|11|0|11|3|3|1|0|8|0|961|0|7|1|1|15|0|1|6|14|2|826|6|0|8|6|4|1|0|1|2|4|976|0|3|0|0|1|5|1|4|0|0|1026|1|7|4|6|8|14|3|4|3|1|935|4|2|1|0|10|11|3|0|11|1|951
7,leaky_relu,leaky_relu,0,interleave,128,0.001,10,ce,ok,84.4189,97.7267,96.94,96.934,96.87,96.8365,96.94,10,0.684794|0.282214|0.218989|0.177453|0.148397|0.127389|0.109859|0.0969071|0.0854367|0.0771273,81.66|91.8089|93.6667|94.8978|95.6778|96.2889|96.88|97.2178|97.4933|97.7267,90.58|93.1|94.58|94.98|95.36|96.02|96.24|96.48|96.74|96.94,90.4728|93.087|94.5526|94.9692|95.3359|96.0115|96.231|96.4701|96.7321|96.934,947|0|1|1|1|1|4|0|7|1|0|1152|3|1|3|0|0|1|4|0|0|5|939|6|5|0|4|6|4|0|0|4|4|991|1|15|0|7|10|1|1|1|7|0|953|2|7|1|2|20|1|2|3|11|0|838|5|0|7|2|4|1|2|0|1|7|972|0|4|0|1|2|6|7|4|1|0|1014|1|9|2|7|5|6|1|5|3|0|952|1|3|2|1|7|16|6|0|16|10|929
10,leaky_relu,leaky_relu,0,interleave,128,0.001,10,ce,ok,84.3413,97.74,96.86,96.8596,96.94,96.9106,96.86,10,0.689835|0.278374|0.216069|0.176143|0.14837|0.127146|0.11056|0.0971894|0.0867278|0.0773878,80.9178|92.0467|93.8111|94.9822|95.7156|96.3556|96.8178|97.1911|97.4467|97.74,90.96|93.14|94.38|95.2|95.46|96.1|96.24|96.34|96.78|96.86,90.8887|93.1258|94.3472|95.1819|95.4531|96.0888|96.2286|96.3363|96.7691|96.8596,947|0|0|1|1|3|4|0|3|4|0|1141|3|1|5|0|1|3|9|1|2|2|931|5|5|1|8|8|5|2|1|4|6|985|1|14|0|14|2|6|1|0|6|0|968|1|5|0|1|12|0|0|4|6|0|836|8|2|4|9|4|1|0|0|2|5|975|0|4|0|0|0|5|0|4|0|0|1029|1|6|3|3|5|9|8|5|3|2|935|9|2|2|0|3|18|0|0|18|0|947
9,leaky_relu,leaky_relu,0,interleave,128,0.001,10,ce,ok,84.3486,97.86,97.12,97.1027,96.92,96.8851,97.12,10,0.675043|0.284454|0.222361|0.179003|0.14869|0.127414|0.110408|0.0963384|0.0843981|0.075069,82.7378|91.7356|93.5689|94.7956|95.7733|96.2978|96.8133|97.2311|97.6156|97.86,90.8|92.54|93.82|94.88|95.64|96.02|96.16|96.48|96.72|97.12,90.748|92.4702|93.7903|94.87|95.6268|96.0007|96.15|96.4656|96.7126|97.1027,949|0|0|1|1|3|2|0|6|1|0|1153|1|1|5|0|0|2|1|1|1|8|923|7|5|2|2|9|10|2|0|1|5|991|2|16|0|12|4|2|1|0|7|0|963|1|9|1|1|11|0|1|5|8|1|842|3|0|3|6|4|1|0|1|2|10|969|0|4|0|1|3|7|3|4|1|0|1011|1|14|1|5|2|10|1|8|2|1|948|4|2|1|1|7|16|3|0|12|5|943
1,leaky_relu,leaky_relu,0,interleave,128,0.003,10,ce,ok,84.3596,99.1978,97.46,97.4605,97.53,97.501,97.62,8,0.420718|0.165606|0.114855|0.088697|0.0710011|0.0580064|0.047851|0.0393357|0.0335298|0.0271542,87.8956|95.0911|96.6067|97.3378|97.8756|98.1956|98.5378|98.7689|98.9778|99.1978,94.02|94.36|96|96.74|96.96|97.08|97.08|97.62|97.5|97.46,94.0123|94.3275|95.9927|96.7309|96.9547|97.0793|97.0805|97.6116|97.4997|97.4605,954|0|0|0|1|1|4|0|1|2|0|1150|1|1|7|0|1|3|1|0|3|2|930|8|7|1|0|11|6|1|1|2|6|1002|0|14|0|3|2|3|0|0|3|0|977|0|3|1|1|9|1|1|2|4|1|849|4|0|3|4|4|2|0|1|4|8|970|0|2|0|0|1|5|3|5|0|0|1021|1|9|2|4|1|7|8|7|3|1|937|12|2|0|1|4|12|4|0|4|0|963
2,leaky_relu,leaky_relu,0,interleave,128,0.003,10,ce,ok,84.3333,99.1111,97.32,97.3246,97.68,97.6526,97.56,9,0.426178|0.17178|0.120161|0.0916202|0.0738053|0.0608543|0.0491716|0.0416291|0.0352306|0.0286102,87.4689|94.8933|96.4111|97.2578|97.8667|98.1111|98.5578|98.6533|98.8844|99.1111,93.54|95.52|96.5|96.4|96.92|96.86|97.08|97.5|97.56|97.32,93.5106|95.5082|96.4959|96.3928|96.9204|96.8581|97.0875|97.4999|97.5566|97.3246,957|0|1|1|1|0|1|0|1|1|0|1149|2|6|3|0|0|1|3|0|4|3|945|9|3|0|1|3|1|0|0|1|6|1013|1|7|0|3|2|0|0|0|6|0|958|0|5|2|3|20|1|2|3|18|0|824|10|1|5|5|3|2|1|0|2|3|978|0|2|0|0|1|8|8|3|1|0|1015|1|8|4|2|1|4|3|2|2|0|961|3|3|1|1|4|6|0|0|6|1|968
4,leaky_relu,leaky_relu,0,interleave,128,0.003,10,ce,ok,84.3648,99.1689,97.46,97.4543,97.6,97.5847,97.46,10,0.430376|0.171015|0.118933|0.0907689|0.0731047|0.0602235|0.0493299|0.0401308|0.0347677|0.0279574,87.7133|95.0511|96.4644|97.2511|97.7822|98.1578|98.5289|98.8022|98.8933|99.1689,93.86|95.56|96.62|96.68|96.66|96.78|97.36|97.4|97.3|97.46,93.8427|95.5668|96.6195|96.6764|96.6623|96.7902|97.3664|97.4065|97.2951|97.4543,945|0|2|0|2|1|3|0|6|4|0|1151|1|1|2|0|0|4|5|0|0|2|946|3|6|0|2|8|2|0|0|4|8|986|1|10|0|13|7|4|0|0|3|0|977|1|4|3|1|5|0|2|3|9|0|840|3|0|7|5|3|1|0|1|3|7|973|0|3|0|0|2|3|1|5|0|0|1032|0|2|4|7|2|2|3|0|1|1|961|1|2|1|0|2|15|0|0|16|5|949
3,leaky_relu,leaky_relu,0,interleave,128,0.003,10,ce,ok,84.3671,99.1156,97.48,97.4841,97.74,97.7162,97.72,9,0.419166|0.168242|0.116506|0.0884675|0.0717051|0.0585162|0.0484158|0.0392866|0.0330141|0.0270988,87.7667|94.9956|96.3956|97.3111|97.7956|98.1733|98.4889|98.8133|98.9889|99.1156,94.02|95.6|96.34|96.74|97.04|97.44|97.4|97.22|97.72|97.48,93.996|95.5822|96.3429|96.7402|97.0449|97.4363|97.3935|97.2223|97.7203|97.4841,948|1|1|0|2|0|4|1|2|4|0|1149|1|1|0|0|1|6|3|3|0|2|938|5|5|2|2|10|3|2|0|2|5|994|1|15|0|10|3|3|0|0|2|0|967|0|2|4|1|18|1|1|5|2|2|844|3|1|5|5|3|1|1|0|2|2|977|0|5|0|0|0|3|0|2|1|0|1032|0|7|4|5|3|5|1|5|2|1|955|1|1|0|0|2|5|4|0|7|1|970
5,leaky_relu,leaky_relu,0,interleave,128,0.003,10,ce,ok,84.3562,99.0378,97.2,97.1886,97.64,97.6003,97.62,9,0.417891|0.167699|0.117935|0.0904836|0.073236|0.0599349|0.0510948|0.0418173|0.034155|0.0293077,88.0111|95.0222|96.4222|97.2911|97.8111|98.1378|98.4111|98.7311|98.9822|99.0378,93.76|95.48|96.26|96.46|96.74|97.06|96.9|97.38|97.62|97.2,93.7059|95.465|96.2588|96.4645|96.733|97.0648|96.9039|97.375|97.62|97.1886,953|0|0|1|1|0|4|0|3|1|0|1157|1|0|2|0|0|3|1|0|2|3|949|3|2|0|2|3|4|1|0|1|6|1001|1|10|0|7|6|1|0|0|5|0|974|0|9|2|1|3|2|1|2|10|0|830|14|0|6|4|4|1|0|0|2|0|983|0|1|0|0|0|6|2|4|1|1|1025|1|5|4|4|7|8|1|5|3|1|947|2|3|1|1|3|23|2|0|9|3|945
6,leaky_relu,leaky_relu,0,interleave,128,0.003,10,ce,ok,84.4273,99.1756,97.6,97.5964,97.52,97.4978,97.62,7,0.428244|0.16827|0.116238|0.0904045|0.0712126|0.0595291|0.0486612|0.0402738|0.0340939|0.0268403,87.7578|95.0822|96.4556|97.3|97.8489|98.1333|98.4578|98.7556|98.9067|99.1756,93.58|95.68|96.74|97|97.18|97.38|97.62|97.54|97.22|97.6,93.5431|95.6759|96.7322|96.9964|97.1754|97.3748|97.6235|97.5389|97.2315|97.5964,956|0|0|0|1|0|2|0|2|2|0|1152|1|2|2|0|0|5|2|0|3|4|918|14|3|1|5|16|3|2|0|0|2|1013|0|10|0|7|1|0|2|0|2|1|962|0|4|9|2|12|1|2|1|9|0|844|6|0|4|2|5|1|0|1|2|1|979|0|2|0|0|0|3|5|4|0|0|1027|1|5|4|5|1|7|1|9|2|1|950|2|2|0|0|7|8|4|0|14|4|951
8,leaky_relu,leaky_relu,0,interleave,128,0.003,10,ce,ok,84.3458,99.1511,97.2,97.1964,97.48,97.4469,97.44,7,0.418705|0.171261|0.119691|0.0907476|0.0718873|0.0592756|0.0493939|0.0404797|0.034648|0.0277689,87.8733|94.9756|96.4467|97.2689|97.7889|98.2022|98.4489|98.7133|98.9133|99.1511,93.32|95.22|96.5|96.18|97|96.86|97.44|97.24|97.4|97.2,93.2796|95.2087|96.4887|96.1452|97.0055|96.8643|97.4386|97.2334|97.4032|97.1964,955|0|1|1|1|0|3|0|1|1|0|1149|2|4|2|0|1|3|1|2|1|2|953|3|1|0|3|5|1|0|0|0|12|1006|0|8|0|5|1|1|0|0|5|0|971|0|4|2|2|10|1|2|3|21|2|825|9|0|3|3|5|0|0|1|1|1|982|0|1|0|0|1|10|1|4|0|0|1021|1|7|5|4|14|15|2|2|7|2|925|6|3|0|1|8|8|3|0|5|1|961
7,leaky_relu,leaky_relu,0,interleave,128,0.003,10,ce,ok,84.3875,99.0489,97.72,97.726,97.35,97.321,97.72,10,0.426181|0.173588|0.122159|0.0931113|0.0751316|0.0626556|0.0509461|0.0415889|0.0353102|0.0295025,87.58|94.8222|96.3022|97.2089|97.7467|98.0422|98.4222|98.7089|98.9267|99.0489,93.84|95.38|96.64|96.7|96.82|97.36|97.32|97.58|97.46|97.72,93.8078|95.3797|96.6363|96.7149|96.8223|97.3589|97.323|97.5856|97.4744|97.726,948|0|0|2|1|0|3|0|8|1|0|1150|1|3|1|0|0|3|6|0|0|6|930|13|4|1|2|8|5|0|0|1|3|1008|0|13|0|3|5|0|0|0|5|2|962|2|6|2|1|14|0|2|1|10|0|842|5|0|8|1|2|1|0|2|1|6|971|0|8|0|0|0|7|5|3|2|0|1017|1|10|1|0|3|4|0|6|1|1|965|1|2|1|0|13|8|6|0|10|8|942
9,leaky_relu,leaky_relu,0,interleave,128,0.003,10,ce,ok,84.3573,99.1844,97.82,97.8156,97.78,97.7645,97.82,10,0.423315|0.173523|0.119837|0.0911268|0.0731493|0.0617048|0.0490307|0.0404741|0.0328917|0.0267945,87.9978|94.7867|96.4267|97.2556|97.7044|98.0778|98.4667|98.7378|99.0356|99.1844,93.84|95.06|95.56|96.94|97.16|97.26|96.88|97.42|97.38|97.82,93.814|95.0351|95.5447|96.9311|97.154|97.2523|96.8891|97.4142|97.3799|97.8156,957|0|0|0|1|0|1|0|2|2|0|1150|1|2|5|0|0|2|3|1|1|5|938|8|4|1|1|6|4|1|2|0|5|1007|1|12|0|4|2|0|0|0|4|0|974|0|6|1|1|8|0|0|4|10|0|847|3|0|1|4|5|0|1|1|2|3|975|0|4|0|1|2|9|4|4|1|0|1013|1|10|4|3|2|7|2|1|2|0|953|8|1|0|0|5|10|1|0|8|1|964
10,leaky_relu,leaky_relu,0,interleave,128,0.003,10,ce,ok,84.3321,99.0911,97.64,97.6423,97.62,97.5935,97.64,10,0.42137|0.170115|0.119765|0.0925308|0.0741458|0.0604416|0.0501548|0.040746|0.0359155|0.0302801,87.8111|95.0378|96.4733|97.2178|97.7622|98.1444|98.4867|98.6933|98.8578|99.0911,93.96|95.52|95.96|96.92|96.52|97.04|97.18|96.7|97.4|97.64,93.9335|95.5156|95.9323|96.9233|96.5254|97.0595|97.1833|96.7086|97.408|97.6423,948|1|0|0|1|3|3|1|3|3|0|1152|1|0|3|0|0|4|4|0|3|1|942|2|2|0|3|10|3|3|2|3|7|984|1|14|0|16|2|4|0|0|3|0|969|1|3|3|1|14|0|1|4|5|1|845|3|0|3|7|4|0|0|0|2|3|979|0|3|0|0|0|3|0|4|0|0|1035|1|2|3|1|9|5|1|5|3|3|939|13|1|0|0|0|4|0|0|15|1|969
1,leaky_relu,leaky_relu,0,interleave,128,0.01,10,ce,ok,84.4098,99.24,97.44,97.44,97.65,97.6189,97.5,6,0.285676|0.123857|0.0883743|0.0719939|0.0560197|0.0479398|0.040182|0.0387516|0.0298062|0.0237574,91.22|96.1244|97.2867|97.7067|98.24|98.4756|98.7267|98.7111|99.0311|99.24,94.9|96.02|96.62|96.94|97.34|97.5|96.82|97.18|97.28|97.44,94.8961|96.0097|96.6269|96.9341|97.3442|97.5028|96.8297|97.1758|97.2735|97.44,957|1|0|0|1|0|1|0|0|3|0|1155|3|1|1|1|0|3|0|0|2|1|945|5|5|1|2|6|1|1|0|1|8|995|0|17|0|7|3|2|0|0|3|0|979|0|7|2|1|2|0|0|2|3|2|847|6|2|4|3|4|0|0|0|3|5|979|0|0|0|0|1|8|2|3|0|0|1022|0|9|4|8|10|6|7|4|4|2|929|8|3|0|0|2|17|2|0|8|1|957
2,leaky_relu,leaky_relu,0,interleave,128,0.01,10,ce,ok,84.4206,99.1378,96.8,96.8059,97.23,97.1948,97.24,9,0.292254|0.122679|0.0889364|0.0711856|0.0590867|0.0475158|0.0413889|0.0321734|0.0349976|0.0252808,91.0489|96.2311|97.1844|97.7222|98.1178|98.4533|98.6956|98.9578|98.8644|99.1378,95.16|96.42|97.02|95.78|97.2|96.76|96.66|96.98|97.24|96.8,95.1599|96.4354|97.0256|95.8083|97.1982|96.7602|96.679|96.9785|97.2453|96.8059,954|0|0|0|1|0|4|0|1|3|0|1157|3|0|0|0|0|2|2|0|3|2|945|7|0|2|2|2|3|3|0|0|6|1000|0|15|0|4|5|3|1|1|10|0|910|0|24|2|3|43|1|1|2|6|0|841|9|1|4|4|5|1|0|0|0|2|981|0|2|0|2|1|12|5|2|0|0|1001|1|21|2|5|4|1|0|3|8|0|954|5|1|0|1|1|1|1|0|3|2|980
3,leaky_relu,leaky_relu,0,interleave,128,0.01,10,ce,ok,84.4334,99.0911,97.54,97.5234,97.53,97.5009,97.54,10,0.28877|0.125|0.0902998|0.0693228|0.0564417|0.0501578|0.039787|0.031827|0.0316244|0.0267105,91.0489|96.08|97.1933|97.8133|98.1533|98.3444|98.7844|98.9444|98.9911|99.0911,95.22|96.26|96.5|96.62|97.06|97.5|97.24|96.5|97.28|97.54,95.2145|96.2432|96.4996|96.6268|97.0603|97.4949|97.2326|96.4913|97.2843|97.5234,951|1|3|0|1|0|2|1|2|2|0|1154|1|0|1|0|0|6|2|0|2|2|936|6|1|2|1|11|6|2|1|1|9|1002|0|8|0|9|3|0|0|1|6|0|954|0|3|4|1|25|0|0|2|7|1|848|2|0|5|4|7|2|0|0|1|3|977|0|1|0|0|0|1|2|4|1|0|1031|1|5|6|6|4|7|1|8|1|1|943|5|4|0|1|5|4|8|0|10|1|957
4,leaky_relu,leaky_relu,0,interleave,128,0.01,10,ce,ok,84.3978,99.0289,97.34,97.346,97.42,97.3936,97.6,8,0.293672|0.123857|0.0915931|0.0693661|0.0584289|0.0483999|0.0400053|0.0314252|0.0296823|0.0288671,91.0067|96.2467|97.1778|97.8244|98.1533|98.44|98.7111|99.0133|99.0133|99.0289,95.56|95.96|96.62|96.92|96.6|96.46|97.3|97.6|97.26|97.34,95.5323|96.0132|96.629|96.9241|96.6057|96.4515|97.3024|97.6008|97.2689|97.346,946|0|2|2|1|0|3|0|3|6|0|1151|1|2|1|0|0|5|4|0|0|3|931|19|6|1|0|6|3|0|0|1|3|1014|1|6|0|6|2|0|0|0|3|0|975|1|2|4|1|8|0|1|1|30|0|825|2|0|6|4|2|1|1|1|7|3|970|0|5|1|0|0|5|3|2|0|0|1032|1|2|2|3|4|22|2|5|0|0|941|3|2|0|0|4|11|3|0|13|0|957
5,leaky_relu,leaky_relu,0,interleave,128,0.01,10,ce,ok,84.4614,99.0822,97.52,97.5234,97.82,97.7898,97.52,9,0.285252|0.124093|0.0888667|0.0693026|0.0561971|0.0469219|0.0405628|0.0359442|0.0261912|0.0291686,91.1133|96.1756|97.2|97.7933|98.2156|98.4911|98.6822|98.8111|99.1622|99.0822,95.16|96.44|96.82|97.14|97.1|97.22|96.94|97.5|97.52|97.52,95.1323|96.4296|96.8065|97.1406|97.0967|97.2173|96.9449|97.502|97.5272|97.5234,952|0|0|1|3|1|2|0|2|2|0|1153|1|1|3|0|0|5|1|0|3|2|947|4|9|1|2|1|0|0|0|1|11|1003|1|9|0|7|1|0|0|0|3|0|979|1|7|1|1|2|0|0|1|8|1|844|7|0|2|6|3|2|0|1|1|4|980|0|0|0|0|1|5|2|3|0|0|1030|1|3|2|2|6|4|4|7|2|0|952|3|2|0|1|4|24|3|0|11|3|942
6,leaky_relu,leaky_relu,0,interleave,128,0.01,10,ce,ok,84.4597,99.0778,97.66,97.6561,97.7,97.6795,97.66,10,0.292048|0.124769|0.0896587|0.0705973|0.0571704|0.0492161|0.0402443|0.0311671|0.0281564|0.0257732,91.0622|96.0533|97.2089|97.7756|98.2178|98.4111|98.6911|99.0067|99.08|99.0778,94.96|95.48|96.74|96.6|97.1|97.28|97.46|97.48|97.22|97.66,94.9486|95.5116|96.7492|96.6273|97.1156|97.275|97.4711|97.4714|97.2234|97.6561,949|0|0|0|5|0|4|0|3|2|0|1150|0|2|2|0|0|4|5|1|1|2|933|5|4|1|4|12|6|1|1|1|4|1004|1|6|0|8|5|3|0|0|2|0|975|0|5|4|0|8|2|1|1|12|0|834|8|1|7|3|3|1|0|1|2|2|980|0|2|0|0|0|1|3|4|0|0|1028|1|8|2|4|1|4|1|3|0|2|963|2|2|0|0|2|15|1|0|14|2|954
7,leaky_relu,leaky_relu,0,interleave,128,0.01,10,ce,ok,84.4542,99.0756,97.44,97.4366,97.67,97.6515,97.64,6,0.291486|0.125708|0.0901042|0.0702789|0.0548342|0.049736|0.0398933|0.0356104|0.0263944|0.0273591,91.0489|96.1267|97.18|97.7444|98.1933|98.4311|98.7022|98.8133|99.1267|99.0756,95.3|96.52|96.98|96.9|96.98|97.64|97.08|97|97.32|97.44,95.293|96.5261|96.9708|96.9043|96.9694|97.6333|97.0795|96.9862|97.3176|97.4366,953|0|0|1|1|0|6|0|1|1|0|1156|1|1|0|0|0|3|2|1|1|9|930|8|3|1|2|4|10|1|0|0|6|998|0|15|0|6|6|2|2|1|8|0|959|0|4|2|3|15|0|2|1|5|0|851|3|0|5|2|3|3|1|1|1|4|971|0|7|0|0|1|4|5|3|0|1|1020|1|10|2|4|1|1|0|2|1|2|967|2|2|1|0|3|7|4|0|7|4|962
8,leaky_relu,leaky_relu,0,interleave,128,0.01,10,ce,ok,84.499,99.04,97.24,97.2337,97.53,97.5029,97.58,9,0.287524|0.126102|0.0917882|0.0703595|0.0582041|0.0459895|0.0411418|0.0350901|0.027553|0.0290283,91.16|96.1267|97.12|97.7778|98.0689|98.5244|98.6378|98.9511|99.0844|99.04,95.02|96.12|96.82|96.52|97.18|96.08|97.1|97.46|97.58|97.24,94.9907|96.0855|96.8099|96.4839|97.182|96.0566|97.1111|97.4578|97.5789|97.2337,957|0|1|1|1|0|1|0|1|1|0|1155|4|0|0|0|0|2|3|0|3|4|953|1|1|0|1|3|1|2|0|0|22|982|0|13|0|9|6|1|0|0|4|0|969|0|6|2|3|10|0|2|2|3|0|842|8|0|7|5|3|1|0|0|2|2|983|0|0|0|0|2|13|1|2|0|0|1021|1|5|4|4|9|4|0|3|2|2|952|2|4|1|1|2|22|2|1|12|6|939
9,leaky_relu,leaky_relu,0,interleave,128,0.01,10,ce,ok,84.4796,99.1267,97.18,97.1837,97.69,97.6672,97.46,6,0.289807|0.124463|0.0906107|0.0691339|0.0556843|0.049985|0.0376942|0.0351029|0.0322156|0.0271516,90.9844|96.1133|97.1733|97.6889|98.1756|98.3911|98.7311|98.8333|98.9733|99.1267,95.98|95.7|96.02|97.34|97|97.46|97.02|97.36|97.16|97.18,95.9702|95.6652|96.0114|97.3452|97.0041|97.4587|97.0191|97.3642|97.1672|97.1837,951|0|2|0|1|3|1|0|2|3|0|1149|2|1|6|0|0|3|2|1|1|6|938|4|5|1|0|7|6|1|1|2|7|1005|1|7|0|4|3|3|0|0|2|0|979|0|5|0|3|5|0|0|3|8|1|842|4|0|5|6|5|1|3|1|3|2|971|0|5|0|0|3|4|1|5|0|0|1030|1|1|4|4|1|7|2|4|0|0|957|3|3|0|0|1|22|3|0|10|4|947
10,leaky_relu,leaky_relu,0,interleave,128,0.01,10,ce,ok,84.4417,99.1333,97.62,97.6221,97.95,97.9339,97.62,10,0.289824|0.128015|0.0925547|0.0704573|0.0578611|0.0462722|0.0423361|0.0342501|0.0314386|0.0257278,91.08|96.0556|97.0311|97.8067|98.0956|98.5067|98.58|98.8889|98.98|99.1333,95.68|95.5|95.8|96.94|97.22|96.28|97.38|96.46|97.4|97.62,95.675|95.5195|95.8231|96.9446|97.2188|96.2957|97.384|96.4624|97.4052|97.6221,953|0|1|1|2|0|3|0|0|3|0|1155|1|0|2|0|0|3|3|0|1|2|952|3|4|0|1|3|2|1|0|2|6|993|0|11|0|10|6|5|0|0|3|0|966|0|5|7|0|13|2|0|1|5|1|847|5|0|3|5|3|1|0|1|1|5|976|0|3|1|1|0|8|0|1|0|0|1026|1|8|4|4|0|1|0|2|1|1|965|4|1|0|0|1|7|0|0|15|4|962
1,leaky_relu,leaky_relu,0,interleave,128,0.03,10,ce,ok,84.4251,96.7511,95.48,95.5477,95.96,95.971,96.54,8,0.31039|0.181098|0.157278|0.139334|0.132793|0.124151|0.118182|0.132065|0.136409|0.142095,90.7178|94.78|95.5733|96.1689|96.3978|96.6356|96.9267|96.7489|96.7756|96.7511,93.58|93.38|95.6|95.44|95.82|95.34|94.76|96.54|96.24|95.48,93.5246|93.3165|95.5987|95.42|95.8128|95.2887|94.6558|96.5284|96.227|95.5477,951|0|0|0|1|0|3|0|4|4|0|1132|2|0|17|0|0|5|3|5|4|1|920|6|15|1|2|11|4|5|0|2|4|963|2|12|0|11|4|35|0|0|2|0|972|1|2|0|1|16|3|0|1|9|2|835|4|0|5|10|4|1|1|1|15|3|964|0|2|0|2|2|4|4|16|2|0|957|3|55|8|1|1|4|13|7|3|0|928|17|1|0|1|1|7|1|0|1|4|974
2,leaky_relu,leaky_relu,0,interleave,128,0.03,10,ce,ok,84.4399,96.9067,96.38,96.4035,96.49,96.4605,96.4,6,0.320517|0.188851|0.16128|0.144247|0.142753|0.132676|0.136366|0.128194|0.135916|0.132404,90.3067|94.6089|95.3911|96.0289|96.1156|96.4556|96.64|96.8778|96.8133|96.9067,91.7|94.76|94.02|95.42|95|96.4|96.16|96.1|95.74|96.38,91.7528|94.7517|94.0694|95.4592|94.9831|96.396|96.1489|96.1244|95.7713|96.4035,937|0|0|0|1|0|5|1|15|4|0|1134|0|4|2|1|1|5|15|2|2|1|899|14|4|2|2|14|22|9|0|0|4|993|1|9|0|8|7|11|1|0|6|0|943|0|6|4|6|28|1|0|1|6|3|834|8|0|8|8|2|0|5|1|0|8|969|0|6|0|3|1|2|5|5|0|0|1019|1|9|1|1|1|7|0|5|0|0|959|8|1|0|0|2|7|5|0|7|6|962
3,leaky_relu,leaky_relu,0,interleave,128,0.03,10,ce,ok,84.4245,96.56,91.34,91.2416,92.46,92.2981,96.34,6,0.321351|0.191155|0.152172|0.130058|0.129039|0.130599|0.122269|0.133122|0.129935|0.160938,90.2822|94.4622|95.56|96.1889|96.3956|96.6067|96.8622|96.66|96.8422|96.56,94.58|91.72|94.24|95.4|95.8|96.34|95.32|95.36|96.04|91.34,94.5693|91.779|94.2604|95.3889|95.808|96.3212|95.3127|95.3331|96.0787|91.2416,933|0|4|2|3|11|1|2|3|4|0|1140|2|4|3|5|0|8|0|2|1|6|894|21|20|2|0|14|5|6|0|0|4|1016|1|4|0|7|0|1|3|1|1|0|962|0|1|5|1|20|1|0|1|36|2|815|1|0|2|11|9|1|0|2|24|58|896|0|1|0|3|0|2|7|7|2|0|1013|1|10|4|6|2|250|7|37|2|2|657|15|1|0|0|28|13|9|0|17|2|920
5,leaky_relu,leaky_relu,0,interleave,128,0.03,10,ce,ok,84.4343,96.5622,95.64,95.6148,95.96,95.8983,96.4,8,0.320999|0.186433|0.157425|0.141368|0.132568|0.140183|0.12996|0.137485|0.140665|0.158241,90.2622|94.5022|95.6178|96.0044|96.3578|96.2822|96.6911|96.5622|96.7156|96.5622,95|95.36|96.24|95.72|95.56|95.6|95.84|96.4|96.3|95.64,95.0067|95.3679|96.2317|95.7236|95.5232|95.6037|95.8238|96.405|96.291|95.6148,935|0|6|1|4|0|12|0|3|2|0|1156|1|0|1|0|0|3|3|0|0|7|937|4|7|0|8|3|3|0|0|3|12|998|1|9|2|6|1|1|0|0|3|0|964|0|15|5|4|3|0|1|2|11|2|811|23|2|7|10|2|2|0|0|0|1|985|0|1|0|0|2|8|8|12|0|1|1010|1|3|2|7|17|7|5|6|13|0|924|1|3|0|0|15|68|3|0|14|11|876
4,leaky_relu,leaky_relu,0,interleave,128,0.03,10,ce,ok,84.4788,96.1733,94.52,94.531,94.3,94.1951,96.26,4,0.321267|0.188219|0.1545|0.14305|0.13279|0.136395|0.136484|0.138783|0.146787|0.192184,90.4267|94.6511|95.5489|96.0533|96.4422|96.3667|96.5911|96.6067|96.7|96.1733,94.2|93.46|94.3|96.26|94.78|95.56|94.46|96.24|93.44|94.52,94.172|93.6215|94.3211|96.2506|94.8143|95.5488|94.4895|96.2403|93.48|94.531,923|0|1|0|3|1|6|0|28|1|0|1152|1|0|5|0|1|1|4|0|0|11|871|19|7|2|6|10|43|0|0|2|3|982|1|10|0|19|15|1|0|1|4|0|975|0|4|5|5|0|0|3|0|27|2|817|7|1|12|0|2|0|0|0|7|7|969|0|6|0|4|4|3|2|3|2|0|1021|3|3|0|9|2|1|4|3|4|0|958|1|1|3|0|13|50|11|2|84|64|762
6,leaky_relu,leaky_relu,0,interleave,128,0.03,10,ce,ok,84.4052,96.1511,94.14,94.188,93.59,93.5595,96.64,6,0.322732|0.188242|0.156451|0.15528|0.136842|0.143291|0.144347|0.134876|0.152026|0.186016,90.3889|94.6711|95.6111|95.7822|96.32|96.3111|96.4533|96.7333|96.5333|96.1511,93.24|94.28|95.16|96.2|95.1|96.64|95.78|94.74|95.88|94.14,93.2602|94.2489|95.1894|96.2196|95.1716|96.6483|95.8253|94.6972|95.8797|94.188,940|0|14|1|0|1|2|0|2|3|0|1145|11|3|0|1|0|4|0|0|0|3|959|2|2|1|0|2|0|0|1|1|30|976|0|13|0|10|0|2|1|2|22|1|889|1|3|15|4|56|2|1|9|10|0|833|9|1|3|1|5|1|46|0|1|6|932|0|0|0|0|1|26|1|1|2|0|1006|0|8|5|8|174|14|0|24|2|0|750|5|4|1|6|12|1|8|0|23|6|929
7,leaky_relu,leaky_relu,0,interleave,128,0.03,10,ce,ok,84.445,96.28,95.6,95.5573,95.47,95.3893,95.82,7,0.324129|0.190631|0.165783|0.149587|0.144582|0.143139|0.158049|0.134756|0.158064|0.17634,90.3178|94.7267|95.3733|95.9511|96.0622|96.3444|96.0578|96.7378|96.5089|96.28,94.02|95.12|95.8|95.12|94.74|94.5|95.82|93.94|95.26|95.6,94.0103|95.1222|95.7982|95.1771|94.701|94.478|95.8627|93.871|95.2549|95.5573,959|0|0|0|1|0|0|0|1|2|0|1147|1|1|0|6|1|3|5|0|4|16|922|4|7|3|1|3|7|2|1|4|10|970|0|31|0|8|7|2|3|6|2|0|952|0|4|1|4|22|2|0|0|2|2|859|0|0|3|1|25|0|1|1|27|53|879|0|4|1|6|6|6|0|1|0|0|1013|1|12|8|9|6|4|3|38|1|1|903|9|4|0|0|5|11|16|0|7|4|943
9,leaky_relu,leaky_relu,0,interleave,128,0.03,10,ce,ok,84.4476,95.8044,94.04,94.0048,93.8,93.6891,96.44,9,0.312911|0.195218|0.16903|0.152319|0.143139|0.143601|0.15866|0.16411|0.165773|0.226419,90.5467|94.5089|95.3644|95.8156|96.0956|96.3267|96.1044|96.3489|96.3511|95.8044,95.18|94.14|93.78|95.4|95.48|93.4|94.22|95.14|96.44|94.04,95.1694|94.1025|93.7795|95.4551|95.5017|93.3716|94.2094|95.0872|96.4395|94.0048,901|0|2|0|0|42|12|0|1|5|0|1148|0|2|4|2|1|4|1|2|8|2|932|4|0|10|5|4|3|1|1|1|6|962|0|45|0|6|3|9|2|0|12|0|845|2|45|0|3|85|1|0|0|6|0|842|12|0|2|6|2|0|2|0|0|8|979|0|0|0|2|3|5|7|4|13|0|975|1|35|10|4|12|12|0|36|19|0|831|58|4|0|1|4|0|8|0|6|2|965
8,leaky_relu,leaky_relu,0,interleave,128,0.03,10,ce,ok,84.4574,96.2067,96.1,96.0818,95.62,95.5675,96.1,10,0.315026|0.192817|0.161843|0.149911|0.141194|0.125901|0.128825|0.146369|0.143732|0.188944,90.5|94.5533|95.42|95.8889|96.2156|96.74|96.64|96.4578|96.6333|96.2067,93.22|93.22|93.84|94.88|95.94|95.52|96.02|95.28|94.32|96.1,93.1745|93.0955|93.8246|94.8172|95.9326|95.5538|96.0358|95.2864|94.3211|96.0818,939|0|1|0|1|3|9|0|8|2|0|1136|10|0|4|0|7|2|5|0|3|2|923|4|4|0|9|12|10|2|2|2|22|958|0|12|3|8|22|4|1|3|5|0|944|0|20|1|3|17|3|2|3|12|1|791|30|1|19|7|1|1|0|0|0|1|987|0|1|0|2|4|4|5|7|0|0|1010|2|11|4|5|4|3|1|4|24|0|935|2|4|6|1|10|6|2|3|8|11|939
10,leaky_relu,leaky_relu,0,interleave,128,0.03,10,ce,ok,84.4239,96.4556,95.3,95.3008,95.5,95.4267,96.5,9,0.318974|0.189691|0.15952|0.144299|0.12889|0.124443|0.126875|0.136576|0.162645|0.164927,90.2911|94.6422|95.4311|96.0733|96.4244|96.6111|96.6978|96.6511|96.3489|96.4556,94.38|95.38|94.82|95.02|95.9|95.04|95.12|94.94|96.5|95.3,94.3614|95.3789|94.8231|95.0058|95.8929|95.0316|95.1374|94.9574|96.4893|95.3008,939|0|7|0|1|0|3|0|5|8|0|1137|6|6|3|0|0|3|5|4|2|1|933|15|5|1|6|3|2|1|0|1|25|992|1|3|0|4|1|6|0|0|2|1|961|0|4|2|2|22|4|0|5|43|1|770|18|0|9|19|3|1|1|2|0|1|980|0|3|0|0|1|17|3|4|3|0|1003|2|12|4|0|53|21|3|0|3|0|881|17|2|0|0|8|16|0|0|6|4|954
1,leaky_relu,leaky_relu,0,interleave,128,0.1,10,ce,ok,84.362,85.6778,86.78,86.7651,86.36,86.1453,86.78,10,6.67299|5.01595|4.6371|4.47009|4.3086|4.30737|4.13299|4.10413|4.06974|3.95738,73.1778|81.8467|83.2178|83.8222|84.4067|84.4111|85.0422|85.1467|85.2711|85.6778,82.04|81.26|78.46|86.48|82.9|80.52|85.58|80.22|86.36|86.78,80.4801|81.3004|76.7539|86.3295|82.754|80.1126|85.3221|79.8666|86.3032|86.7651,937|0|10|1|2|9|2|1|0|1|0|1080|16|43|5|1|6|1|7|5|25|6|786|79|12|2|37|2|11|9|9|3|16|944|3|19|3|10|15|11|11|1|17|5|897|0|19|5|10|29|27|0|21|79|17|655|14|0|52|4|31|1|5|7|4|11|926|0|6|0|6|3|35|13|22|6|1|884|2|73|14|5|42|81|4|13|6|1|801|15|12|1|4|34|158|16|0|28|11|726
2,leaky_relu,leaky_relu,0,interleave,128,0.1,10,ce,ok,84.3385,85.0956,84.16,83.6341,83.53,82.6419,88.5,7,6.79347|5.21797|4.64754|4.34728|4.21895|4.24658|4.14158|4.03413|4.16185|4.11825,72.9244|81.1156|83.18|84.2667|84.7311|84.6311|85.0111|85.4|84.9378|85.0956,80.46|83.36|81.78|87.52|81.96|86.2|88.5|85.8|81.04|84.16,80.6081|83.0109|81.4786|87.5173|80.7684|86.0477|88.4175|85.612|80.9692|83.6341,920|0|9|7|3|3|7|4|9|1|0|1124|3|23|3|8|0|1|2|0|16|10|797|48|21|7|15|41|10|4|5|3|7|976|5|20|3|12|2|0|7|2|7|15|890|20|22|16|5|10|41|11|9|59|7|721|11|2|6|2|16|3|24|5|1|25|913|3|1|0|3|5|1|31|10|6|0|986|0|3|15|46|52|201|5|92|5|3|555|8|9|3|1|157|129|108|1|111|0|471
3,leaky_relu,leaky_relu,0,interleave,128,0.1,10,ce,ok,84.3457,84.7844,83.68,83.4267,84.35,84.0492,86.24,6,6.73269|5.15595|4.72122|4.63526|4.43386|4.33868|4.38596|4.20483|4.18825|4.20421,72.7956|81.34|82.9133|83.2244|83.9533|84.2978|84.1267|84.7822|84.8422|84.7844,83.78|80.88|82|83.18|85.54|86.24|84.28|82.3|85.36|83.68,83.3132|80.9101|81.9274|83.084|85.5485|86.0667|83.801|82.1837|85.3576|83.4267,865|1|16|60|1|3|5|3|9|0|0|1106|4|42|0|3|0|3|4|2|6|8|846|55|7|1|8|26|8|4|0|6|16|982|1|5|1|14|5|3|1|2|32|8|779|4|19|50|4|95|18|5|7|278|5|518|14|7|6|11|21|3|63|6|11|10|871|1|3|2|4|4|7|17|4|1|0|996|0|12|5|33|50|133|4|69|9|13|645|21|4|0|3|38|12|2|0|101|3|827
4,leaky_relu,leaky_relu,0,interleave,128,0.1,10,ce,ok,84.3707,85.1778,85.3,85.3751,83.89,83.7978,85.3,10,6.8047|5.19586|4.62912|4.50017|4.41421|4.32886|4.21404|4.25027|4.0986|4.09553,72.7756|81.1956|83.2467|83.7133|84.0244|84.3333|84.7489|84.6178|85.1667|85.1778,73.92|81.22|84.46|81.86|81.68|83.54|84.88|84.48|83.94|85.3,73.6254|80.7943|84.5635|81.3703|81.5914|83.7478|84.8074|84.1104|84.0639|85.3751,824|1|2|0|7|82|14|15|10|8|0|1054|13|1|2|20|0|6|66|2|10|2|870|12|4|14|7|23|22|5|2|13|26|760|3|98|2|58|41|30|2|2|52|2|657|47|14|96|7|115|4|4|17|10|5|796|7|12|9|5|13|0|56|0|4|41|867|2|3|5|3|3|17|3|8|11|2|975|1|22|6|8|29|30|1|100|5|16|778|9|4|2|2|8|7|28|1|120|10|808
5,leaky_relu,leaky_relu,0,interleave,128,0.1,10,ce,ok,84.5661,84.94,85.66,85.6468,85.42,85.2687,87.32,6,6.56423|5.17621|4.71938|4.42895|4.34789|4.31904|4.2257|4.21097|4.20299|4.16123,73.3911|81.2667|82.92|83.9711|84.2644|84.3689|84.7067|84.76|84.7889|84.94,85.44|82.54|83.88|85.68|76.78|87.32|82.8|85.42|86.12|85.66,85.1299|82.5499|83.3572|85.9163|76.5391|87.3619|82.8682|85.0595|85.7976|85.6468,883|0|19|4|7|26|19|1|4|0|0|1101|21|0|15|15|6|1|4|1|7|7|851|16|39|10|17|4|17|1|2|8|42|817|5|115|2|6|35|1|0|0|5|0|947|1|25|1|8|7|5|0|9|14|14|792|29|0|5|1|6|10|3|0|57|25|888|0|2|0|2|12|19|22|66|6|0|850|17|51|8|16|21|6|21|71|70|0|768|1|3|2|0|26|214|39|21|12|28|645
8,leaky_relu,leaky_relu,0,interleave,128,0.1,10,ce,ok,84.5704,85.2511,87.46,87.5284,87.09,86.9981,87.46,10,6.80872|5.14551|4.69359|4.61499|4.43631|4.24228|4.08202|4.0593|4.07895|4.07527,73.3467|81.3778|83.0133|83.2978|83.9444|84.6467|85.2267|85.3089|85.2378|85.2511,76.12|76.98|81.86|79.54|84.3|85.82|83.54|81.36|84.28|87.46,74.466|77.1975|81.6206|78.8179|84.2875|85.8512|83.6285|81.4029|84.232|87.5284,845|0|4|30|2|37|15|0|29|1|0|1071|34|7|3|7|1|22|19|0|5|15|800|51|17|12|32|7|25|5|0|4|10|927|0|39|5|15|17|16|2|4|7|3|835|71|14|2|12|44|4|5|6|33|5|768|25|2|14|7|4|7|1|1|9|18|947|0|4|0|10|2|9|6|25|16|0|925|7|45|1|31|5|25|3|109|5|4|786|13|3|2|0|18|32|78|2|37|13|805
7,leaky_relu,leaky_relu,0,interleave,128,0.1,10,ce,ok,84.5756,85.5156,85.36,84.9628,84.89,84.2345,89.26,6,6.77484|5.22718|4.78262|4.5935|4.52289|4.32211|4.16123|4.01448|4.07772|4.0022,72.7311|81.0822|82.6911|83.3756|83.6311|84.3578|84.94|85.4711|85.2422|85.5156,84.7|80.38|86.5|86.04|83.56|89.26|82.84|87.08|87.9|85.36,84.4022|80.4988|86.3758|85.9423|83.1672|89.1518|82.1939|86.84|87.7773|84.9628,923|1|8|15|1|0|6|0|8|1|0|1156|1|1|3|0|0|0|1|2|11|27|854|20|20|2|1|16|13|5|1|21|41|928|3|4|0|24|7|4|3|7|8|8|918|0|6|0|5|39|57|47|11|195|17|471|12|6|28|25|24|28|92|2|57|3|774|0|11|0|10|6|12|3|24|0|1|900|2|87|5|67|23|100|41|11|3|7|694|31|11|6|1|24|59|0|1|13|4|871
6,leaky_relu,leaky_relu,0,interleave,128,0.1,10,ce,ok,84.5796,84.7978,86.44,86.4074,86.36,86.1019,88.38,6,6.8603|5.01964|4.7114|4.5407|4.32149|4.2343|4.25702|4.14957|4.18702|4.20053,73.3867|81.8333|82.9489|83.5667|84.36|84.6756|84.5933|84.9822|84.8467|84.7978,84.26|82.64|83.42|81.6|86.84|88.38|79.94|80.24|86.78|86.44,84.0026|81.984|82.8354|81.7447|86.6627|88.2368|79.9768|79.4785|86.7175|86.4074,902|1|8|16|0|18|4|7|5|2|0|1134|0|3|5|5|0|14|3|0|13|22|682|136|14|31|13|18|26|14|2|8|5|920|1|50|1|24|18|4|2|2|11|4|835|0|15|27|6|92|8|19|4|43|3|695|13|42|25|17|7|8|9|2|5|23|932|1|4|0|2|2|2|7|5|1|0|1008|0|18|2|31|7|56|6|53|13|24|764|26|4|3|0|20|21|3|2|166|7|764
10,leaky_relu,leaky_relu,0,interleave,128,0.1,10,ce,ok,84.4782,85.0978,77.34,77.7735,76.71,77.2835,87.04,8,6.64637|5.2984|4.78815|4.59228|4.48114|4.42772|4.30491|4.12562|4.07588|4.11764,73.4178|80.8244|82.6711|83.38|83.7822|83.9756|84.42|85.0689|85.2489|85.0978,80.56|82|77.82|82.9|80.76|84.58|83.86|87.04|85.18|77.34,80.3134|81.8107|76.267|82.9014|80.7902|84.2635|83.954|86.8697|84.6284|77.7735,840|0|74|7|2|15|22|0|2|1|0|764|336|8|5|9|0|0|42|0|0|2|916|7|15|2|13|4|8|2|0|3|138|837|3|30|5|6|5|6|0|1|30|1|933|4|13|5|4|3|8|0|34|52|5|713|27|2|27|1|4|0|171|1|20|8|784|0|3|0|14|5|48|42|19|3|3|875|1|35|4|5|324|20|10|16|6|1|570|26|4|2|26|31|393|21|15|54|5|439
9,leaky_relu,leaky_relu,0,interleave,128,0.1,10,ce,ok,84.4776,85.4,85.18,84.9388,85.53,85.2129,88.56,9,6.84514|5.26033|4.86122|4.55175|4.49342|4.405|4.27544|4.1465|4.15571|4.03413,73.6711|80.9622|82.4067|83.5267|83.7378|84.0578|84.5267|84.9933|84.96|85.4,76.4|78.78|87.62|79.04|83.78|86.94|87.06|86.92|88.56|85.18,75.914|77.7755|87.4861|78.5299|83.3856|86.6802|86.9563|86.8336|88.527|84.9388,905|0|12|20|3|11|1|4|4|3|0|1102|5|20|8|7|0|6|15|1|10|11|840|38|22|4|4|22|16|2|0|2|8|968|2|9|2|18|12|12|4|1|20|4|857|0|5|0|6|97|30|5|11|143|13|554|9|4|39|61|26|3|61|26|21|8|807|0|11|28|15|2|6|12|22|2|1|947|1|37|30|6|21|113|12|3|6|4|729|58|7|1|1|33|39|2|0|59|4|844
1,tanh,relu,0.5,interleave,128,0.001,10,ce,ok,89.5966,97.8311,96.92,96.9344,96.76,96.7301,96.92,10,0.637737|0.276786|0.216235|0.173144|0.144175|0.12259|0.106303|0.093893|0.0828172|0.0737105,83.4756|92.0289|93.72|94.9533|95.88|96.4289|96.8822|97.2711|97.6444|97.8311,90.68|92.2|94.18|94.82|95.38|96.34|96.24|96.74|96.86|96.92,90.6414|92.1412|94.1635|94.7893|95.3777|96.3232|96.2246|96.7338|96.8537|96.9344,943|0|0|1|1|3|3|0|9|3|0|1138|4|2|7|1|0|3|8|1|1|2|934|5|7|0|2|3|12|3|0|2|4|986|1|17|0|7|10|6|1|0|6|0|960|2|6|2|2|15|1|0|4|7|1|841|5|0|5|5|6|1|2|0|3|9|966|0|4|0|2|0|12|4|8|1|0|994|1|23|2|0|4|5|4|4|0|0|957|6|2|0|1|5|13|4|0|5|3|957
2,tanh,relu,0.5,interleave,128,0.001,10,ce,ok,89.6183,97.8089,96.78,96.7711,96.8,96.7664,96.8,9,0.63822|0.278524|0.2201|0.178805|0.149724|0.127969|0.110812|0.0972962|0.0858107|0.0761055,83.8|91.88|93.5867|94.8156|95.6778|96.2978|96.8289|97.1667|97.5844|97.8089,90.66|92.42|93.98|94.82|95.72|95.62|96.32|96.66|96.8|96.78,90.5887|92.3834|93.9476|94.8046|95.72|95.5977|96.3103|96.6508|96.7929|96.7711,951|0|2|1|1|0|4|0|3|1|0|1151|3|3|2|0|0|2|2|1|3|4|944|4|5|0|2|3|4|0|1|4|9|994|0|13|0|8|3|1|2|1|8|1|947|2|12|0|2|19|2|1|3|15|1|829|8|0|5|5|4|1|1|0|0|4|978|0|3|0|2|2|9|5|3|2|0|1012|1|9|3|8|10|15|3|3|8|1|929|2|3|3|1|11|11|3|0|12|1|945
4,tanh,relu,0.5,interleave,128,0.001,10,ce,ok,89.3686,97.8667,96.86,96.8543,96.86,96.8242,96.86,10,0.64984|0.274131|0.212625|0.171197|0.143666|0.123041|0.106724|0.0930818|0.082659|0.0731378,83.06|92.1422|93.8778|95.0756|95.8489|96.3911|96.9222|97.2978|97.6089|97.8667,90.92|93.18|94.3|95.26|95.36|96|96.1|96.4|96.52|96.86,90.8411|93.1544|94.3018|95.2497|95.3461|95.9898|96.0885|96.3878|96.5054|96.8543,937|0|1|1|1|4|5|0|11|3|0|1147|2|0|4|1|0|3|6|1|1|3|931|3|7|2|5|6|11|0|0|5|7|968|1|25|0|11|11|5|0|0|8|0|963|1|8|1|3|10|0|1|3|6|1|841|6|0|6|5|3|0|0|1|1|4|978|0|4|0|0|2|5|1|5|0|1|1021|1|9|2|5|4|4|3|2|5|1|954|2|1|1|1|5|19|3|0|10|4|946
3,tanh,relu,0.5,interleave,128,0.001,10,ce,ok,89.392,97.8911,96.86,96.8554,96.95,96.9152,96.86,10,0.637124|0.278742|0.216733|0.175104|0.145686|0.123933|0.107168|0.0937136|0.0832963|0.0736787,83.2511|91.9711|93.7111|94.9356|95.7267|96.3711|96.9178|97.2378|97.5622|97.8911,90.7|92.76|93.6|95|95.36|96.18|96.48|96.66|96.84|96.86,90.6272|92.7099|93.5769|94.9835|95.3475|96.1701|96.4665|96.6522|96.8233|96.8554,946|0|1|1|1|3|3|0|5|3|0|1151|2|0|3|2|1|3|1|1|0|4|929|8|10|0|3|7|7|1|0|4|4|992|1|17|0|10|3|2|1|0|4|1|960|0|5|1|2|20|0|1|4|9|0|840|7|0|2|6|4|1|0|0|2|5|975|0|4|0|0|2|6|2|5|1|0|1018|0|11|3|5|4|16|2|8|3|0|936|5|2|0|0|9|10|5|0|13|3|948
5,tanh,relu,0.5,interleave,128,0.001,10,ce,ok,89.4515,97.9244,96.8,96.8041,96.95,96.9167,96.8,10,0.635576|0.273546|0.210532|0.167071|0.139286|0.117708|0.102446|0.0901467|0.0796195|0.0712182,84.22|92.1311|93.9333|95.2422|95.9778|96.66|97.0822|97.3978|97.7378|97.9244,90.76|92.74|94.48|95.34|95.7|96.16|96.22|96.56|96.74|96.8,90.6815|92.722|94.4614|95.3303|95.6922|96.153|96.2084|96.554|96.7324|96.8041,944|0|0|1|1|3|7|0|6|1|0|1148|4|0|5|0|0|3|3|1|1|2|937|3|6|0|6|4|9|1|0|5|9|986|1|12|0|12|5|3|0|0|6|0|967|0|10|2|1|8|2|1|4|5|0|832|9|1|9|6|3|1|0|1|2|1|981|0|2|0|1|1|8|2|5|0|1|1014|2|11|2|3|4|9|3|4|5|0|951|1|2|1|0|7|25|5|0|12|3|935
6,tanh,relu,0.5,interleave,128,0.001,10,ce,ok,89.4449,98.0244,96.88,96.8705,96.92,96.8876,96.9,9,0.641258|0.270501|0.210962|0.17141|0.142581|0.121441|0.104299|0.0910297|0.0799726|0.0708504,83.7933|92.1422|93.8222|95.0822|95.8533|96.4333|96.9711|97.3467|97.6844|98.0244,90.88|93.18|94.28|95.06|95.5|95.9|96.46|96.62|96.9|96.88,90.7852|93.1393|94.2626|95.0499|95.4995|95.887|96.4589|96.6099|96.9051|96.8705,953|0|0|1|1|0|2|0|5|1|0|1150|2|2|3|0|0|3|3|1|3|3|933|4|6|1|3|11|5|0|1|4|3|1001|1|5|0|13|3|2|2|1|7|0|956|0|5|4|2|17|3|1|4|17|0|812|13|1|10|8|5|1|0|0|2|0|978|0|5|0|0|3|3|2|2|0|1|1027|1|6|4|10|3|11|1|1|6|0|945|1|4|2|2|9|14|1|0|18|3|937
7,tanh,relu,0.5,interleave,128,0.001,10,ce,ok,89.2538,97.8289,96.84,96.8358,96.76,96.7217,96.84,10,0.634981|0.27624|0.215522|0.175217|0.147115|0.126497|0.109749|0.0963313|0.0853627|0.076292,83.6|91.9378|93.74|94.9156|95.6422|96.3778|96.8778|97.3|97.5156|97.8289,90.82|92.94|94.36|94.8|95.16|96.06|96.26|96.56|96.44|96.84,90.7264|92.9228|94.3193|94.788|95.1297|96.0488|96.2589|96.549|96.4311|96.8358,946|0|0|1|1|3|3|0|8|1|0|1153|2|0|4|0|0|2|2|1|1|7|926|6|5|0|4|7|12|1|0|5|4|976|1|20|0|9|17|1|2|1|6|0|950|3|6|1|4|21|1|4|3|9|0|837|6|0|6|3|4|1|1|0|1|5|974|0|5|0|1|1|5|4|3|0|0|1021|1|9|3|5|2|7|1|6|3|1|953|1|2|1|1|7|11|6|0|16|6|940
8,tanh,relu,0.5,interleave,128,0.001,10,ce,ok,89.2592,97.9622,96.86,96.8538,96.86,96.8257,96.86,10,0.629193|0.271953|0.209995|0.169177|0.140571|0.119294|0.103796|0.0901384|0.0796871|0.0702676,84.0444|92.0667|93.9444|95.14|95.9289|96.58|97|97.46|97.66|97.9622,90.88|92.62|94.48|94.62|96|96.32|96.5|96.62|96.66|96.86,90.8292|92.5737|94.4494|94.5877|95.9858|96.3237|96.497|96.6078|96.6452|96.8538,952|0|0|1|1|0|3|0|2|4|0|1155|2|0|2|1|1|2|0|1|3|6|922|8|8|1|5|9|7|0|0|5|5|990|1|15|0|12|2|3|1|2|6|0|957|1|7|2|1|17|2|1|4|7|1|837|5|1|5|6|4|1|0|1|2|4|976|0|3|0|0|3|5|2|6|0|0|1021|1|7|4|7|5|10|3|7|5|1|934|6|3|2|0|10|15|4|0|12|2|942
9,tanh,relu,0.5,interleave,128,0.001,10,ce,ok,89.2803,97.8689,96.86,96.8504,97.01,96.98,96.86,10,0.637975|0.277331|0.216121|0.1752|0.145814|0.124102|0.107344|0.0937108|0.0826228|0.0737416,83.8444|91.9133|93.6756|94.9022|95.7444|96.3778|96.9267|97.3267|97.7089|97.8689,90.88|92.76|93.94|95.14|95.86|96.16|96.22|96.58|96.76|96.86,90.8171|92.6973|93.9183|95.1376|95.8446|96.1444|96.2119|96.5766|96.7551|96.8504,950|0|0|1|1|3|2|0|5|1|0|1151|2|0|4|0|0|3|3|1|2|4|935|6|7|2|2|6|5|0|0|3|4|997|1|11|0|12|4|1|1|0|7|0|959|1|9|0|3|14|0|0|5|7|1|840|5|0|5|6|4|1|1|0|3|6|972|0|4|0|1|3|5|2|4|1|1|1017|1|10|2|6|6|11|1|3|4|1|945|3|4|1|1|7|19|2|0|15|6|935
10,tanh,relu,0.5,interleave,128,0.001,10,ce,ok,89.2886,97.8289,97,96.9936,97.09,97.0617,97,10,0.643576|0.26994|0.205864|0.165512|0.13923|0.119261|0.104549|0.0918107|0.082283|0.0737681,83.1622|92.1711|94.0689|95.22|95.9378|96.5378|96.9733|97.3533|97.6356|97.8289,91.12|93.18|94.3|95.26|95.66|96.12|96.36|96.42|96.74|97,91.0516|93.1529|94.2832|95.2479|95.6466|96.103|96.349|96.413|96.7271|96.9936,952|0|0|1|1|1|2|0|3|3|0|1143|4|0|5|1|1|3|6|1|1|2|943|3|6|1|3|4|6|0|1|3|5|984|1|15|0|14|4|6|0|0|5|0|967|1|7|1|1|12|0|1|4|8|1|833|7|0|7|8|3|1|1|0|4|5|974|0|3|0|0|0|7|0|5|0|0|1024|1|8|2|4|4|7|7|2|4|0|946|6|3|2|1|4|22|1|0|13|1|943
1,tanh,relu,0.5,interleave,128,0.003,10,ce,ok,89.6045,99.2644,97.44,97.4466,97.59,97.5708,97.82,9,0.401184|0.165647|0.114146|0.0880253|0.0708234|0.0569691|0.0468746|0.0381812|0.0317348|0.0252326,88.7622|95.1289|96.66|97.36|97.82|98.2756|98.5889|98.8111|99.0311|99.2644,93.5|94.54|96.32|96.82|97.22|97.5|97.28|97.78|97.82|97.44,93.4786|94.5237|96.3118|96.8176|97.2134|97.4928|97.281|97.778|97.8186|97.4466,952|0|0|1|1|1|3|0|2|3|0|1146|2|0|11|0|0|3|1|1|1|1|943|2|4|0|2|7|5|4|0|3|7|996|1|11|0|10|2|3|0|0|3|0|976|1|2|2|1|9|1|1|0|14|1|839|2|0|5|6|5|1|2|0|9|4|969|0|1|0|0|0|7|2|7|1|0|1015|1|12|4|4|3|4|3|1|1|1|954|7|2|0|0|2|9|4|0|4|0|969
2,tanh,relu,0.5,interleave,128,0.003,10,ce,ok,89.6155,99.2933,97.62,97.6183,97.73,97.7019,97.62,10,0.403355|0.171205|0.118038|0.0903796|0.0719682|0.0577011|0.0467194|0.0394002|0.0322037|0.0251824,88.6844|95.0133|96.4844|97.2644|97.84|98.1778|98.5467|98.7667|98.9978|99.2933,93.28|95.46|96.4|95.88|97|97.12|97.44|97.4|97.58|97.62,93.2419|95.4472|96.3906|95.8829|97.0081|97.1068|97.4261|97.3914|97.5676|97.6183,952|0|1|1|1|0|5|0|2|1|0|1149|2|2|2|0|0|3|5|1|3|1|950|5|4|0|1|3|2|0|0|0|4|1012|0|11|0|2|2|2|0|0|6|0|954|1|10|3|3|17|2|1|2|13|1|836|5|0|5|4|4|1|0|0|0|4|982|0|0|0|1|1|9|8|1|1|0|1015|1|8|4|4|4|4|1|2|1|0|961|1|2|0|0|7|4|3|0|10|2|962
3,tanh,relu,0.5,interleave,128,0.003,10,ce,ok,89.6644,99.2178,97.54,97.5408,97.65,97.6274,97.56,9,0.402335|0.167732|0.116664|0.0895194|0.0716892|0.0590374|0.0479028|0.0396259|0.0325341|0.0258,88.5444|95.0133|96.4578|97.2778|97.8133|98.1489|98.5356|98.7622|99.0444|99.2178,93.94|95.44|96.1|96.6|97.12|97.1|97.1|97|97.56|97.54,93.9157|95.4208|96.1021|96.6038|97.1104|97.0973|97.0908|96.992|97.5561|97.5408,952|1|1|0|2|0|1|0|2|4|0|1152|1|2|1|0|0|3|2|3|0|4|941|8|3|0|1|8|3|1|0|2|4|1007|0|12|0|5|2|1|0|1|3|0|960|0|2|2|1|25|1|1|3|8|0|839|5|0|4|8|4|1|1|1|2|1|976|0|5|0|0|1|2|1|2|0|0|1030|1|8|4|5|3|19|2|6|1|1|936|5|2|0|0|4|5|2|0|5|0|972
4,tanh,relu,0.5,interleave,128,0.003,10,ce,ok,89.6718,99.2622,97.62,97.6136,97.58,97.5571,97.62,10,0.404142|0.164797|0.114598|0.087422|0.0700721|0.0562145|0.0449318|0.0368775|0.0316992|0.0251395,88.5978|95.2267|96.5911|97.3289|97.8844|98.2933|98.6311|98.9|99.0244|99.2622,93.9|95.7|96.34|96.62|96.8|97|97.36|97.42|97.24|97.62,93.8792|95.6963|96.3447|96.6055|96.8011|96.9974|97.364|97.4212|97.232|97.6136,944|0|1|0|2|1|7|0|5|3|0|1152|1|1|3|0|0|3|4|0|0|3|939|2|5|1|5|9|5|0|0|4|8|980|1|20|0|11|5|4|0|0|3|0|978|0|5|2|1|5|0|1|1|2|1|851|6|0|4|3|2|0|0|0|2|5|979|0|3|0|0|1|6|0|6|0|0|1025|2|5|4|6|3|3|3|1|2|1|958|1|2|1|1|0|14|5|0|10|5|952
6,tanh,relu,0.5,interleave,128,0.003,10,ce,ok,89.5944,99.2556,97.64,97.6376,97.66,97.6328,97.64,10,0.40041|0.167098|0.114795|0.0884394|0.0696404|0.056865|0.0458708|0.0380932|0.031533|0.0249233,88.8156|95.02|96.5667|97.34|97.92|98.2222|98.6089|98.8356|99.0244|99.2556,93.82|95.4|96.3|96.9|96.82|97.32|97.46|97.62|97.48|97.64,93.7819|95.3952|96.2986|96.905|96.8377|97.3149|97.4592|97.6186|97.496|97.6376,955|0|0|1|1|0|2|0|3|1|0|1153|1|2|2|0|0|3|1|2|5|2|926|6|6|1|2|8|13|0|0|1|4|1001|1|13|0|7|5|1|0|1|1|0|974|0|5|2|1|10|5|1|2|9|0|837|5|0|5|5|4|1|0|0|2|0|980|0|4|0|1|1|4|5|3|0|0|1022|1|8|4|6|1|6|1|1|1|0|961|1|3|1|0|6|9|4|0|7|3|957
5,tanh,relu,0.5,interleave,128,0.003,10,ce,ok,89.6332,99.3,97.56,97.5595,97.74,97.7164,97.72,8,0.39737|0.161763|0.112247|0.0855166|0.0687002|0.0547463|0.0459892|0.0371146|0.0296359|0.0236796,88.8289|95.2022|96.6|97.4022|97.9289|98.34|98.5733|98.8711|99.1422|99.3,93.76|95.8|96.46|96.66|97.02|96.96|96.98|97.72|97.4|97.56,93.7136|95.7885|96.4545|96.6626|97.0127|96.9548|96.9791|97.7216|97.396|97.5595,951|0|2|1|2|1|4|1|0|1|0|1150|1|1|3|0|0|6|3|0|1|2|939|6|3|1|3|8|3|3|0|0|9|1007|0|11|0|5|1|0|0|0|4|0|970|0|10|1|1|8|0|1|0|9|2|846|4|0|4|3|4|1|0|0|2|1|982|0|1|0|0|0|7|1|4|0|0|1025|1|7|2|0|4|15|1|4|3|0|952|1|2|0|0|6|14|3|0|7|6|952
7,tanh,relu,0.5,interleave,128,0.003,10,ce,ok,89.6147,99.28,97.64,97.6447,97.63,97.6101,97.64,10,0.401714|0.169859|0.118167|0.0881961|0.0695789|0.0562773|0.0449972|0.0372227|0.0303188|0.023929,88.6844|94.9178|96.4822|97.36|97.8889|98.2733|98.6378|98.8756|99.1067|99.28,93.8|95.52|96.72|96.78|97.06|97.38|97.42|97.62|97.56|97.64,93.7652|95.5243|96.7142|96.7939|97.0531|97.3787|97.4172|97.6193|97.5586|97.6447,950|0|1|1|1|1|3|0|5|1|0|1156|1|1|1|0|0|3|2|0|0|6|927|13|2|0|1|10|8|2|0|1|3|1012|0|9|0|6|2|0|1|1|4|0|967|2|3|3|1|12|0|2|1|11|0|844|3|0|5|3|3|2|0|2|2|5|969|0|8|0|0|0|3|8|3|0|0|1019|1|11|2|5|1|6|0|6|0|1|960|1|4|2|0|6|6|3|0|8|2|959
8,tanh,relu,0.5,interleave,128,0.003,10,ce,ok,89.5905,99.2756,97.66,97.6573,97.71,97.6859,97.68,7,0.396019|0.166574|0.115637|0.0872052|0.0688644|0.0557769|0.0459679|0.0383316|0.030525|0.0244196,88.8|95.06|96.5844|97.3911|97.8644|98.34|98.4956|98.7933|99.0844|99.2756,93.68|95.42|96.56|96.4|97.06|97.42|97.68|97.5|97.44|97.66,93.6499|95.413|96.5492|96.3786|97.0574|97.4202|97.6756|97.4934|97.4389|97.6573,956|0|1|1|1|1|1|0|1|1|0|1156|2|1|1|0|0|4|0|0|1|1|952|4|3|0|2|4|2|0|0|3|8|1007|0|7|0|6|1|1|0|0|7|1|969|0|4|3|1|9|0|1|4|13|1|835|7|0|5|3|3|2|0|0|2|2|981|0|1|0|0|2|8|2|4|0|0|1021|1|7|3|5|11|10|2|1|3|1|941|5|3|1|0|9|10|4|0|9|1|953
10,tanh,relu,0.5,interleave,128,0.003,10,ce,ok,89.3899,99.2022,97.78,97.7811,97.86,97.8418,97.78,10,0.397115|0.163305|0.11454|0.087165|0.0709157|0.0581788|0.0468001|0.0389008|0.0328107|0.0264181,88.7489|95.2022|96.5422|97.3711|97.9|98.1622|98.5778|98.8178|98.9289|99.2022,94.12|95.58|95.98|96.9|97.02|96.76|97.48|97|97.52|97.78,94.1051|95.574|95.9574|96.8949|97.0164|96.7636|97.4763|97.0017|97.5222|97.7811,956|0|1|0|1|0|2|0|1|2|0|1147|3|0|5|0|0|3|5|1|1|1|951|2|5|0|4|4|1|0|0|0|8|991|1|12|0|11|5|5|0|0|2|0|968|1|6|3|1|13|0|1|5|6|1|842|3|0|6|5|4|0|2|0|2|1|979|0|3|0|0|0|7|2|2|0|0|1028|1|5|2|2|4|4|2|0|3|0|960|5|3|0|1|1|8|1|0|12|0|964
9,tanh,relu,0.5,interleave,128,0.003,10,ce,ok,89.4263,99.3556,97.68,97.677,97.78,97.7533,97.68,10,0.400635|0.166203|0.114226|0.0862986|0.0688837|0.0577227|0.0458976|0.0371855|0.0310948|0.0235311,88.8622|94.9311|96.5689|97.4156|97.9089|98.2333|98.5867|98.9178|99.1|99.3556,94|95.42|96.24|97.02|97.24|97.54|97.18|97.54|97.3|97.68,93.9853|95.3891|96.2253|97.0121|97.234|97.5346|97.1827|97.5375|97.3049|97.677,952|0|0|0|1|3|2|0|3|2|0|1155|1|1|4|0|0|1|1|1|2|4|940|4|4|1|1|7|4|2|0|0|5|1005|2|9|0|8|3|1|0|0|5|0|978|0|5|0|1|5|0|2|3|9|2|839|7|0|3|4|4|2|0|1|3|2|977|0|2|0|0|3|9|1|7|0|0|1020|0|5|3|5|3|5|2|5|0|0|955|4|3|0|0|5|15|2|0|7|1|957
2,tanh,relu,0.5,interleave,128,0.01,10,ce,ok,88.7907,99.7067,97.48,97.4917,97.78,97.7576,97.76,9,0.276693|0.117667|0.0828405|0.0620532|0.046196|0.0337842|0.0290094|0.0211434|0.0159492|0.00983911,91.5956|96.4133|97.3467|98.0044|98.5533|98.9178|99.0644|99.2956|99.4689|99.7067,94.5|96.52|97.2|96.9|97.54|96.74|97.46|97.12|97.76|97.48,94.5492|96.5104|97.1987|96.9021|97.5349|96.7336|97.4657|97.0997|97.7525|97.4917,953|0|0|1|1|0|4|0|2|2|0|1154|1|1|2|1|0|3|2|0|1|4|942|7|1|0|3|4|3|4|0|0|6|1016|0|7|0|2|1|1|0|0|4|0|940|0|6|3|2|39|0|0|1|7|0|847|4|0|3|7|3|1|0|0|0|6|980|0|1|0|0|1|6|1|2|1|1|1022|1|10|2|6|2|6|0|5|3|0|947|11|3|0|0|2|3|1|0|3|1|977
1,tanh,relu,0.5,interleave,128,0.01,10,ce,ok,88.8119,99.6822,97.46,97.4599,97.81,97.7799,97.48,9,0.275699|0.118913|0.081524|0.0614005|0.0466822|0.0349062|0.0295611|0.0217783|0.0177712|0.0101202,91.6733|96.2356|97.4578|98.02|98.4911|98.88|99.0556|99.28|99.3978|99.6822,95.5|95.86|96.84|97|97.44|97.34|97.04|97.46|97.48|97.46,95.4906|95.8457|96.8291|96.9975|97.439|97.3361|97.0362|97.448|97.4766|97.4599,951|0|0|1|1|2|4|0|1|3|0|1151|1|1|4|0|0|5|2|0|1|1|940|10|4|1|1|6|5|0|0|1|3|1009|1|12|0|3|2|2|0|0|2|0|982|0|1|1|1|7|0|1|1|5|1|852|3|0|2|4|2|1|0|1|5|11|968|0|3|0|0|1|3|7|4|2|0|1017|1|10|3|2|1|10|0|11|0|0|945|10|1|0|1|1|10|6|0|4|1|966
3,tanh,relu,0.5,interleave,128,0.01,10,ce,ok,88.8831,99.6556,97.56,97.5595,97.77,97.7512,97.62,6,0.276493|0.117744|0.0791408|0.0609486|0.0475751|0.0356145|0.0273292|0.0220718|0.0186356|0.0117941,91.5978|96.3311|97.4311|98.0689|98.4778|98.8667|99.0756|99.2822|99.3911|99.6556,95.88|96.64|96.98|97.02|97.48|97.62|97.58|97.14|97.6|97.56,95.8805|96.6299|96.9776|97.03|97.492|97.619|97.5761|97.139|97.5936|97.5595,949|1|3|1|1|0|4|0|3|1|0|1152|2|0|1|0|0|4|3|2|0|3|950|3|3|0|0|7|3|0|0|2|8|998|0|14|0|6|2|3|0|1|3|0|942|0|5|2|2|39|1|0|3|3|0|845|6|0|4|7|2|2|1|0|2|2|979|1|2|0|0|0|1|3|3|1|0|1026|1|10|3|4|3|6|0|2|0|1|961|2|4|0|0|1|2|2|0|6|0|975
4,tanh,relu,0.5,interleave,128,0.01,10,ce,ok,88.8669,99.7111,97.68,97.6721,98,97.9796,97.72,8,0.273941|0.113361|0.0793326|0.059765|0.046196|0.0338998|0.026712|0.0197635|0.0159705|0.0104409,91.7356|96.5511|97.4844|98.1111|98.5356|98.9289|99.1578|99.3756|99.5244|99.7111,95.66|96.56|97.08|97|97.62|97.4|97.28|97.72|97.5|97.68,95.6194|96.5711|97.0738|96.9915|97.6188|97.4139|97.2836|97.7212|97.5016|97.6721,946|0|1|1|1|1|4|0|8|1|0|1144|3|0|3|0|0|4|10|0|0|1|938|5|9|0|3|3|10|0|0|0|4|1009|1|9|0|5|5|0|0|0|1|0|985|0|4|1|1|2|0|0|2|6|1|850|3|0|6|1|2|1|0|0|1|5|980|0|2|0|1|0|3|0|4|0|0|1031|1|5|2|3|0|5|1|3|0|0|967|1|1|0|0|3|18|6|0|7|5|950
5,tanh,relu,0.5,interleave,128,0.01,10,ce,ok,88.7207,99.7022,97.94,97.9413,97.98,97.9541,97.94,10,0.271353|0.115257|0.0783767|0.0584734|0.0460561|0.0349943|0.0291349|0.0209667|0.0144112|0.00967308,91.6444|96.38|97.4733|98.1244|98.5067|98.8711|99.0578|99.3333|99.5356|99.7022,95.08|96.28|96.78|97.14|97.26|97.48|97.2|97.84|97.56|97.94,95.0544|96.2698|96.7832|97.1423|97.2554|97.4782|97.1963|97.835|97.5554|97.9413,955|0|2|2|1|0|1|0|1|1|0|1146|1|1|2|0|0|8|4|2|1|1|940|10|3|1|3|7|3|0|0|0|5|1009|0|10|0|5|2|2|1|0|2|0|968|0|5|3|1|14|0|2|2|9|1|835|8|0|5|7|3|0|1|1|1|2|981|0|2|0|0|0|3|4|0|0|0|1029|1|8|2|0|2|5|0|1|2|0|968|2|4|0|0|1|4|5|0|7|2|967
6,tanh,relu,0.5,interleave,128,0.01,10,ce,ok,88.724,99.4822,97.56,97.5621,97.56,97.5478,97.56,10,0.273485|0.114572|0.0808412|0.0613548|0.0460471|0.0371208|0.0284209|0.0226154|0.0176222|0.0147706,91.6378|96.4867|97.4644|98.0689|98.56|98.8422|99.0911|99.2422|99.3889|99.4822,95.54|96.46|96.42|97.2|97.06|97.42|97.48|97.22|97.52|97.56,95.5308|96.4654|96.4339|97.1955|97.0843|97.4191|97.4826|97.2272|97.5249|97.5621,955|0|0|1|1|0|0|0|5|1|0|1141|1|9|0|0|0|5|7|1|2|2|902|24|5|1|2|17|13|1|0|0|1|1011|0|13|0|5|3|0|1|0|1|0|962|0|6|4|2|18|0|0|0|4|1|849|5|0|5|5|4|0|0|1|2|1|979|0|4|0|0|2|0|5|2|1|0|1025|2|8|4|2|0|4|0|1|0|1|968|2|3|0|0|3|3|3|0|9|5|964
7,tanh,relu,0.5,interleave,128,0.01,10,ce,ok,88.5425,99.4556,97.82,97.8092,97.98,97.9543,97.82,10,0.27486|0.116407|0.0828688|0.0613368|0.0477219|0.0386708|0.0287474|0.0217344|0.0164807|0.0156783,91.6022|96.4511|97.3911|98.0156|98.4511|98.7333|99.0422|99.2644|99.4667|99.4556,95.5|96.12|96.7|96.9|97.34|97.68|97.38|97.62|97.28|97.82,95.4822|96.121|96.6961|96.9123|97.3321|97.6711|97.3803|97.6278|97.275|97.8092,955|0|0|1|1|0|3|0|2|1|0|1153|1|1|3|0|0|3|3|0|3|3|946|6|1|0|1|2|6|1|0|0|8|1006|0|12|0|4|3|0|0|0|2|0|978|0|4|2|0|8|0|1|0|16|0|837|5|0|6|4|5|0|0|1|3|2|975|0|5|0|1|0|6|2|4|0|0|1026|1|5|3|5|1|2|1|1|0|1|966|2|4|0|0|6|13|1|0|7|3|956
8,tanh,relu,0.5,interleave,128,0.01,10,ce,ok,88.595,99.6778,97.82,97.8207,97.99,97.9648,97.92,9,0.274945|0.11867|0.0860158|0.062614|0.0472269|0.0362725|0.0309713|0.02224|0.0159463|0.0109874,91.6578|96.2933|97.2778|97.9667|98.4533|98.8289|98.9556|99.28|99.4733|99.6778,94.42|96.22|96.9|97.02|97.32|97.22|97.3|97.54|97.92|97.82,94.3885|96.2094|96.8951|97.0099|97.3178|97.2102|97.2909|97.5509|97.9281|97.8207,955|0|0|1|1|0|0|0|4|2|0|1156|1|1|0|0|0|2|3|1|0|4|945|4|5|1|1|6|3|0|1|1|7|1006|0|10|0|7|1|0|0|0|4|0|974|0|4|2|1|9|2|0|3|6|2|845|5|0|3|3|3|1|0|1|2|2|982|0|0|0|0|2|4|3|3|0|0|1027|1|5|4|3|7|7|1|2|4|1|952|1|1|0|2|5|9|7|0|9|0|957
10,tanh,relu,0.5,interleave,128,0.01,10,ce,ok,88.5103,99.5511,97.8,97.8157,97.95,97.9275,97.8,9,0.273523|0.119854|0.0824043|0.0614476|0.047716|0.0370405|0.0280334|0.0224737|0.0176878|0.0134799,91.7067|96.2489|97.4133|98.0022|98.4022|98.78|99.0933|99.2244|99.4244|99.5511,95.92|96.52|95.8|97.1|97.52|96.96|97.34|97.34|97.8|97.8,95.9211|96.527|95.8114|97.1042|97.515|96.9709|97.3376|97.348|97.8053|97.8157,953|0|0|1|1|1|3|0|3|1|0|1145|1|1|4|1|0|6|6|0|2|1|949|6|4|0|1|4|0|2|0|0|4|1008|1|10|0|7|1|2|0|0|4|0|975|1|4|2|1|7|0|1|2|11|1|842|1|0|3|8|3|1|1|1|1|3|978|0|3|0|0|0|6|0|1|0|0|1031|1|6|3|1|5|4|1|5|0|1|955|7|2|0|0|1|12|2|0|14|0|959
9,tanh,relu,0.5,interleave,128,0.01,10,ce,ok,88.5158,99.5911,97.56,97.5579,97.98,97.9598,97.56,10,0.271514|0.115544|0.0805244|0.0608733|0.0457498|0.0391376|0.0274676|0.0215798|0.0151325|0.0123935,91.6289|96.4244|97.5044|97.9533|98.4511|98.7533|99.0756|99.2956|99.5178|99.5911,95.76|95.18|96.66|97.16|97.4|97.26|97.04|97.34|97.52|97.56,95.753|95.1671|96.6639|97.1782|97.3958|97.258|97.048|97.333|97.512|97.5579,957|0|0|1|1|1|1|0|1|1|0|1154|0|2|2|0|0|4|1|1|2|5|937|6|3|0|1|12|3|0|0|0|3|1016|1|7|0|5|1|0|0|0|4|1|964|0|3|2|2|18|0|1|3|9|0|847|3|1|2|3|6|2|1|0|2|6|973|0|1|0|0|2|2|3|1|0|0|1029|0|8|4|2|1|9|1|6|0|1|953|5|3|1|0|2|4|4|0|8|0|968
1,tanh,relu,0.5,interleave,128,0.03,10,ce,ok,87.8687,97.58,96.42,96.4332,96.34,96.3199,96.44,7,0.286516|0.15727|0.128169|0.10541|0.100607|0.0980028|0.0939169|0.0875027|0.0762755|0.0840924,91.2356|95.3289|96.2911|96.94|97.0289|97.2244|97.3089|97.4956|97.8578|97.58,94.82|93.9|95.84|96.12|95.94|95.5|96.44|95.7|95.32|96.42,94.8443|93.9297|95.8256|96.1123|95.9356|95.5097|96.4419|95.7023|95.3486|96.4332,941|2|2|1|1|1|7|0|1|7|0|1137|2|3|8|0|1|4|1|8|1|3|940|9|4|2|1|3|3|3|0|0|7|997|0|15|0|6|2|6|0|0|3|0|969|0|4|0|1|17|1|3|1|9|0|841|4|0|3|7|2|4|2|1|1|14|959|0|8|0|0|2|8|6|6|1|0|986|0|36|2|4|5|29|1|15|3|0|910|13|3|0|0|10|9|7|0|4|3|954
2,tanh,relu,0.5,interleave,128,0.03,10,ce,ok,87.8803,97.58,96.4,96.3795,96.6,96.5572,96.48,9,0.286696|0.155532|0.127236|0.116294|0.10753|0.104345|0.0945032|0.0901181|0.0812896|0.0843958,91.4956|95.4778|96.2111|96.5911|96.8467|96.9978|97.2822|97.3356|97.6444|97.58,94.28|95.22|96.02|94.62|96.22|96.26|96.3|96.26|96.48|96.4,94.3216|95.2135|96.0207|94.7315|96.2196|96.2559|96.2955|96.2623|96.4838|96.3795,943|0|6|0|0|0|6|0|4|4|0|1153|3|4|1|0|0|1|1|1|1|2|949|3|1|0|2|5|6|0|0|2|12|997|0|12|0|4|5|1|0|2|4|0|929|0|11|4|1|43|2|0|1|19|1|820|16|0|4|6|1|1|1|0|1|2|981|0|3|1|3|3|9|7|2|3|0|1007|1|10|1|9|11|8|1|8|6|0|934|4|2|0|2|13|8|0|0|10|8|947
3,tanh,relu,0.5,interleave,128,0.03,10,ce,ok,87.849,97.7156,96.14,96.1206,96.64,96.6026,96.54,7,0.282336|0.155743|0.122505|0.108789|0.101273|0.0877335|0.0795623|0.0806427|0.0713356|0.0738557,91.4711|95.4222|96.3778|96.7556|97.0844|97.4333|97.6889|97.6|97.9378|97.7156,95.74|94.9|95.34|95.02|95.76|96.22|96.54|96.52|96.42|96.14,95.7304|94.9057|95.3534|95.0331|95.7795|96.1761|96.5443|96.5239|96.4282|96.1206,947|0|3|1|4|0|1|3|2|2|0|1147|1|2|1|0|1|5|5|2|3|4|931|2|10|0|0|9|9|1|0|0|10|989|1|10|0|5|5|13|0|1|3|0|964|0|1|7|3|15|2|1|3|11|1|821|2|2|9|17|7|1|4|2|7|5|951|0|14|0|0|1|3|2|1|0|0|1031|1|6|5|4|3|17|3|3|0|0|935|12|1|0|0|3|20|1|0|14|3|948
4,tanh,relu,0.5,interleave,128,0.03,10,ce,ok,87.8694,97.9933,96.6,96.5925,96.49,96.456,97.06,4,0.289147|0.152363|0.127775|0.112483|0.0977511|0.0879003|0.0853035|0.0775215|0.0752597|0.0686936,91.3089|95.5689|96.2178|96.66|97.0778|97.4156|97.5089|97.7489|97.8022|97.9933,94.9|94.46|95.52|97.06|96.62|96.68|95.92|96.8|96.36|96.6,94.8675|94.4979|95.515|97.0491|96.6194|96.6906|95.9135|96.7993|96.3456|96.5925,948|0|0|1|1|0|2|0|9|2|0|1140|1|4|3|0|0|5|9|2|9|1|930|5|6|1|2|8|7|0|1|1|6|989|1|11|0|6|13|5|1|1|3|0|967|1|5|1|3|12|2|0|1|5|2|839|7|0|8|5|3|1|1|0|2|19|960|0|5|0|14|3|8|10|6|1|0|993|1|9|11|4|3|3|0|4|2|0|952|3|4|0|0|2|34|2|0|12|5|931
5,tanh,relu,0.5,interleave,128,0.03,10,ce,ok,88.474,97.76,96.04,96.0364,97,96.9762,96.76,9,0.288268|0.154075|0.129005|0.11203|0.102503|0.100059|0.0882945|0.0884223|0.0832458|0.080697,91.2844|95.4778|96.2067|96.6778|97.0089|97.1756|97.3822|97.5|97.6089|97.76,93.2|95.94|96.2|95.36|96.32|96.72|95.94|96.32|96.76|96.04,93.1857|95.9531|96.213|95.3444|96.3127|96.7123|95.9373|96.336|96.7465|96.0364,953|0|0|1|1|0|3|0|3|2|0|1149|0|0|2|0|2|5|5|1|3|1|941|2|8|1|5|5|3|0|0|1|6|1004|0|11|0|6|3|2|1|1|2|1|961|0|3|2|0|23|0|3|3|7|0|837|6|2|4|7|5|4|1|0|8|2|967|0|4|0|2|0|6|1|9|1|0|1006|1|19|4|8|2|16|2|5|1|1|938|5|4|0|1|8|19|5|0|6|3|944
6,tanh,relu,0.5,interleave,128,0.03,10,ce,ok,88.4276,97.6311,96.76,96.7653,96.65,96.6024,96.76,10,0.28478|0.154686|0.127565|0.113726|0.109509|0.102426|0.0996754|0.0974123|0.086619|0.0835219,91.3044|95.4889|96.2444|96.7044|96.7889|96.9622|97.0778|97.26|97.4867|97.6311,94.98|95.06|96.48|96.2|95.52|95.66|96.4|96.62|96.26|96.76,94.9467|95.0631|96.4774|96.2273|95.5558|95.6186|96.3959|96.6319|96.268|96.7653,955|0|2|1|1|0|1|0|1|2|0|1145|7|1|2|0|0|2|6|1|3|4|931|4|11|0|1|8|6|1|5|2|24|963|1|19|0|14|4|1|1|0|2|0|979|1|2|2|1|6|5|0|2|3|0|833|12|2|6|6|9|1|1|0|3|4|971|0|2|0|0|0|8|0|4|0|1|1026|1|5|6|2|23|9|1|5|6|1|923|6|2|2|2|9|12|4|0|12|8|939
7,tanh,relu,0.5,interleave,128,0.03,10,ce,ok,88.414,97.8578,96.52,96.5146,96.42,96.3886,96.8,7,0.282979|0.15518|0.120245|0.109063|0.105242|0.100415|0.097858|0.0872104|0.0809814|0.0719252,91.2644|95.3556|96.5267|96.8333|96.9133|97.0533|97.2133|97.4311|97.7044|97.8578,94.86|95.7|96.38|95.92|96.04|96.54|96.8|96.46|96.28|96.52,94.8693|95.7009|96.3748|95.9162|96.0394|96.534|96.7988|96.4532|96.2938|96.5146,953|1|3|0|0|1|0|0|2|3|0|1143|2|1|1|5|1|4|7|0|1|2|930|11|4|1|3|9|6|2|0|0|3|990|1|21|1|7|6|4|2|3|2|0|946|0|5|2|3|31|3|3|1|6|2|833|4|0|7|10|17|8|0|0|4|9|945|0|7|1|6|0|6|6|2|0|0|1003|1|21|3|4|2|6|3|4|1|2|948|9|2|3|1|9|6|5|0|9|4|951
8,tanh,relu,0.5,interleave,128,0.03,10,ce,ok,88.4119,97.6733,96.46,96.4549,96.38,96.3516,96.62,7,0.286428|0.158824|0.131596|0.113439|0.107183|0.0948577|0.0898161|0.0971648|0.0824262|0.0798869,91.3267|95.3|96.1444|96.7333|96.8356|97.2022|97.3867|97.2178|97.6711|97.6733,93.68|95.04|95.78|95.8|96.52|95.88|96.62|96.62|96.58|96.46,93.6207|95.0429|95.7596|95.7836|96.539|95.9032|96.6192|96.6212|96.5848|96.4549,943|1|1|1|7|3|3|0|1|3|0|1154|0|1|2|0|0|1|3|3|2|9|905|15|8|3|3|19|4|1|0|4|7|989|2|15|0|8|2|6|0|1|1|0|980|0|1|1|1|9|0|1|1|13|2|834|7|0|3|8|9|3|0|1|13|6|959|0|0|0|0|7|8|6|2|0|0|1008|1|13|4|12|0|16|5|9|2|1|924|9|1|1|1|7|27|4|0|4|3|942
10,tanh,relu,0.5,interleave,128,0.03,10,ce,ok,87.6186,97.8067,96.8,96.8118,96.76,96.7192,96.8,10,0.288178|0.156747|0.131542|0.109062|0.102978|0.0940951|0.0859931|0.0836186|0.07684|0.0782789,91.1711|95.3956|96.1667|96.8067|97.0267|97.3422|97.4333|97.6311|97.7467|97.8067,95.54|95.32|95.34|96.66|96.36|96.4|95.7|95.84|96.46|96.8,95.5362|95.2992|95.3367|96.6613|96.3546|96.3955|95.7122|95.8416|96.4489|96.8118,949|1|2|1|1|0|7|0|1|1|0|1150|2|1|5|0|1|3|2|0|6|1|930|3|8|1|3|14|3|0|1|3|6|984|0|13|0|14|9|3|3|4|5|0|962|2|6|3|3|6|5|0|1|8|1|835|8|0|7|4|4|3|0|0|2|3|974|0|5|0|0|1|5|0|3|1|0|1031|1|3|3|6|7|4|0|12|3|3|937|7|3|3|2|3|20|5|0|24|6|924
9,tanh,relu,0.5,interleave,128,0.03,10,ce,ok,87.6592,97.9267,96.54,96.5334,96.57,96.5389,96.66,9,0.281365|0.151787|0.12519|0.11108|0.098786|0.0929347|0.0881346|0.0810554|0.0753585|0.0702566,91.5622|95.5133|96.3467|96.6867|97.1111|97.2778|97.4889|97.6422|97.9311|97.9267,95.56|93.8|95.46|96.34|95.74|95.78|95.3|96.14|96.66|96.54,95.568|93.7658|95.4601|96.3521|95.7773|95.789|95.3395|96.109|96.6713|96.5334,949|0|1|2|1|2|3|0|4|1|0|1146|1|1|4|0|0|5|5|2|2|2|913|10|7|0|1|18|16|0|0|1|4|997|0|10|0|11|7|3|1|1|3|0|950|0|9|1|3|26|0|0|3|14|1|829|8|1|9|4|7|1|3|1|2|3|967|0|6|1|0|1|3|2|5|2|0|1010|1|21|4|2|0|10|1|1|4|4|947|9|4|0|0|7|6|7|0|13|4|949
2,tanh,relu,0.5,interleave,128,0.1,10,ce,ok,85.2768,54.9889,55.28,52.1875,56.26,52.6671,55.28,10,2.83537|3.00293|4.45688|3.91937|2.85914|3.56051|3.10686|2.81436|2.73541|2.76919,52.5289|50.7333|29.8156|37.8578|53.1867|43.1333|49.6422|54.2578|55.5556|54.9889,48|38.94|28.3|50.02|50.86|40.96|50.4|54.72|46.96|55.28,42.7386|30.8104|18.8142|45.3937|48.952|38.3377|43.8966|49.3304|45.158|52.1875,873|0|5|33|1|7|4|30|10|0|0|1039|16|9|1|3|0|25|71|0|40|38|363|196|33|6|12|207|74|0|15|1|10|731|10|70|0|114|76|6|122|1|9|4|557|118|7|44|119|13|55|10|14|204|15|422|0|68|79|2|36|24|27|4|33|11|55|790|11|0|16|8|3|80|17|14|0|800|95|12|17|29|26|135|17|118|0|53|584|3|57|4|2|115|178|284|0|34|114|202
1,tanh,relu,0.5,interleave,128,0.1,10,ce,ok,85.3293,44.8467,37.6,31.4398,37.95,31.2716,45.54,9,3.44358|4.53691|4.46841|5.27684|5.04468|4.88299|4.56669|3.96344|3.46394|3.43089,42.9067|27.1378|27.5467|17.7422|19.3444|22.3178|27.48|35.4556|43.7422|44.8467,24.96|27.08|21.58|14.9|23.52|29.76|33.06|33.36|45.54|37.6,17.9314|16.8504|12.8072|8.21546|14.5623|23.7709|31.1694|25.9004|38.5934|31.4398,7|0|0|493|1|391|67|4|0|0|0|1143|1|2|0|5|12|1|0|0|1|17|2|51|7|84|794|13|0|0|3|62|0|392|1|173|396|6|0|0|0|9|1|1|398|557|26|2|0|0|11|119|0|294|2|376|63|4|0|0|0|154|0|1|14|143|678|1|0|0|3|29|0|80|9|116|10|798|0|0|2|36|0|69|1|256|618|0|0|0|4|18|0|23|25|879|18|22|0|1
5,tanh,relu,0.5,interleave,128,0.1,10,ce,ok,85.3819,17.9711,25.98,14.1566,25.91,13.8751,29.32,1,3.73633|4.68098|5.53189|5.81746|5.2796|4.65526|4.83014|4.71682|5.21396|5.1275,38.8822|24.3667|14.0022|10.6422|17.4022|25.4911|23.5333|24.0889|17.0089|17.9711,29.32|20.58|9.56|10.42|28.92|25.96|9.42|14.54|14.3|25.98,23.5667|9.3295|2.04034|2.07342|17.2749|16.4588|1.76226|7.71073|4.79515|14.1566,16|0|851|0|0|0|0|96|0|0|0|1086|0|0|0|0|0|78|0|0|3|111|459|0|0|0|0|396|0|0|3|390|150|0|0|0|0|490|0|0|0|0|14|0|0|0|0|980|0|0|1|73|117|0|0|0|0|678|0|0|2|10|92|0|0|0|0|887|0|0|1|6|8|0|0|0|0|1030|0|0|3|82|34|0|0|0|0|863|0|0|0|6|11|0|0|0|0|973|0|0
3,tanh,relu,0.5,interleave,128,0.1,10,ce,ok,85.3993,24.9578,23.28,17.4157,23.66,16.4869,46.14,6,4.04894|4.45922|4.25936|4.30913|3.95059|4.10321|4.03162|3.84877|4.40968|4.8108,33.6844|28.6244|31.0622|30.2133|35.8267|34.7689|34.9911|37.8133|29.86|24.9578,29.18|27.26|23.54|30.6|19.66|46.14|28.74|30.8|28.1|23.28,19.6665|16.7283|19.163|27.1582|14.2976|38.6254|20.5531|27.6947|21.099|17.4157,0|0|1|0|962|0|0|0|0|0|0|1117|2|0|29|0|0|0|4|12|0|39|100|0|724|1|61|2|36|6|0|6|1|0|1013|1|0|3|4|5|0|3|0|0|963|0|25|0|0|3|0|10|5|0|832|0|11|0|8|3|0|5|2|0|907|0|73|0|0|4|0|20|1|0|932|0|1|82|3|6|0|24|6|0|914|0|2|0|27|9|0|20|0|0|963|0|0|3|0|4
6,tanh,relu,0.5,interleave,128,0.1,10,ce,ok,85.4079,14.0356,10.02,2.09121,10.02,1.96152,36.8,1,3.12252|4.46344|5.2149|5.16796|5.24727|5.39465|5.36581|4.82633|4.89739|5.38462,47.8133|28.2267|18.7822|19.4933|19.1444|17.1333|17.2267|23.7356|21.4022|14.0356,36.8|10.7|13.02|16.02|18.62|17.92|18.46|18.38|20.46|10.02,30.8606|4.18498|6.11348|10.0218|11.2908|10.9624|12.7139|12.1101|12.0759|2.09121,0|0|0|0|963|0|0|0|0|0|0|0|0|0|1164|0|0|0|0|0|0|0|0|0|969|0|0|0|0|0|0|0|0|0|1033|0|0|0|0|0|0|0|0|0|994|0|0|0|0|0|0|0|0|0|869|0|0|0|0|0|0|0|0|0|991|0|0|0|0|0|0|0|0|0|1037|0|0|8|0|0|0|0|0|0|982|0|0|0|0|0|0|0|0|0|990|0|0|0|0|0
4,tanh,relu,0.5,interleave,128,0.1,10,ce,ok,86.617,23.5444,20.68,10.6262,21.2,10.7361,28.28,4,4.71168|5.2779|4.77872|4.69032|4.576|4.63491|4.61242|4.556|4.7886|4.81863,23.86|17.2067|23.5578|24.9289|26.5511|24.8267|25.4422|26.5644|23.2044|23.5444,16.6|20.68|15.72|28.28|25.06|21.84|25.12|22.76|26.68|20.68,10.3077|12.7962|10.0805|24.1496|17.7914|15.2602|19.4326|13.6254|15.1381|10.6262,0|0|0|0|0|0|0|963|0|0|0|1106|0|0|0|0|0|58|0|0|0|167|0|0|0|0|0|802|0|0|0|43|0|0|0|0|0|990|0|0|0|1|0|0|0|0|0|993|0|0|0|8|0|0|0|0|0|861|0|0|0|7|0|0|0|0|0|984|0|0|0|31|0|0|0|0|0|1014|0|0|0|30|0|0|0|0|0|952|0|0|0|5|0|0|0|0|0|985|0|0
9,tanh,relu,0.5,interleave,128,0.1,10,ce,ok,86.5826,10.1156,10.06,1.82809,9.69,1.7668,18.04,1,4.36459|5.75051|5.85326|5.84422|5.8753|5.87123|5.85383|5.85252|5.85248|5.85632,28.1222|11.0422|10.0978|10.2889|9.82|9.88222|10.1556|10.1756|10.1756|10.1156,18.04|10.32|10.44|10.06|9.86|9.9|9.86|9.64|10.32|10.06,6.13922|1.87126|2.10126|1.82809|1.79501|1.80164|1.79501|1.75848|1.87092|1.82809,0|0|963|0|0|0|0|0|0|0|0|0|1164|0|0|0|0|0|0|0|0|0|969|0|0|0|0|0|0|0|0|0|1033|0|0|0|0|0|0|0|0|0|994|0|0|0|0|0|0|0|0|0|869|0|0|0|0|0|0|0|0|0|991|0|0|0|0|0|0|0|0|0|1045|0|0|0|0|0|0|0|0|0|982|0|0|0|0|0|0|0|0|0|990|0|0|0|0|0|0|0
7,tanh,relu,0.5,interleave,128,0.1,10,ce,ok,86.6088,19.0089,20.44,12.979,21.65,13.3738,43.5,5,4.18995|4.10806|3.90461|4.51636|4.12187|4.48824|4.41062|4.95098|5.32714|5.2404,31.1711|33.8533|35.8733|27.1489|32.9711|27.8822|28.9511|21.8733|17.9422|19.0089,24.06|38.64|18.22|21|43.5|21.72|28.26|16.72|15.92|20.44,17.4091|32.5903|12.7738|13.4625|34.105|15.0054|20.6316|9.70017|10.2885|12.979,135|0|0|0|828|0|0|0|0|0|0|1019|0|0|145|0|0|0|0|0|0|122|0|0|847|0|0|0|0|0|9|22|0|0|1002|0|0|0|0|0|0|1|0|0|993|0|0|0|0|0|18|17|0|0|834|0|0|0|0|0|0|16|0|0|975|0|0|0|0|0|1|2|0|0|1024|0|0|18|0|0|1|15|0|0|966|0|0|0|0|0|0|0|0|0|990|0|0|0|0|0
8,tanh,relu,0.5,interleave,128,0.1,10,ce,ok,86.7013,26.1,32.58,26.7389,33.22,26.9961,42.5,7,4.42631|4.55084|4.18543|4.02998|4.49564|4.66883|4.19421|4.03372|4.25773|4.73129,26.9178|26.7422|32.2022|34.2444|27.9889|25.7889|32.2267|34.2756|30.94|26.1,23.68|20.34|37.54|37.62|15.42|15.4|42.5|35.44|19.16|32.58,15.0316|15.5819|30.4168|28.4312|9.48429|10.7735|34.173|29.974|13.2719|26.7389,587|0|0|0|1|127|0|102|146|0|0|1055|0|0|0|0|0|1|108|0|6|119|0|0|2|11|0|0|831|0|40|6|0|0|0|98|0|5|884|0|0|1|0|0|6|0|0|1|986|0|37|16|0|0|0|118|0|44|654|0|2|6|0|0|3|2|0|0|978|0|5|5|0|0|0|14|0|618|403|0|9|13|0|0|0|21|0|1|938|0|1|1|0|0|0|1|0|39|948|0
10,tanh,relu,0.5,interleave,128,0.1,10,ce,ok,85.8078,57.1733,65.7,64.8227,66.57,65.4,65.7,10,3.11997|4.15235|4.20661|3.28975|3.11738|2.86374|2.81404|2.67155|2.90502|2.63243,47.4667|33.8844|33.6511|46.7111|49.6222|53.4267|54.5489|56.5356|53.0044|57.1733,17.22|21.88|46.52|52.3|43.92|57.56|63.12|53.56|55.18|65.7,12.3095|14.2824|39.7616|50.4367|40.6182|55.2585|63.5983|49.2719|49.5953|64.8227,856|0|41|10|0|4|20|1|31|0|0|1059|14|6|2|1|11|1|69|1|45|5|726|103|6|0|38|5|40|1|6|3|31|770|1|10|12|3|192|5|4|1|220|2|522|4|8|96|70|67|93|3|29|151|5|343|21|12|208|4|72|2|99|5|21|1|664|0|127|0|3|4|117|7|26|2|17|708|116|45|14|3|72|93|20|13|9|3|754|1|5|4|65|44|232|6|6|152|221|255
1,tanh,leaky_relu,0.5,interleave,128,0.001,10,ce,ok,89.2646,97.6578,96.84,96.8479,96.61,96.58,96.84,10,0.63469|0.280837|0.223901|0.181758|0.152401|0.13042|0.113687|0.101087|0.0897412|0.0803245,83.56|91.9|93.4778|94.7222|95.6222|96.24|96.6533|97.0978|97.4933|97.6578,90.64|92.08|93.88|94.66|95.3|96.06|96.14|96.38|96.68|96.84,90.6016|92.0178|93.8604|94.6271|95.2964|96.0448|96.1245|96.362|96.6717|96.8479,943|0|0|1|1|3|3|0|8|4|0|1138|4|2|7|1|0|3|8|1|1|2|933|5|8|2|2|2|12|2|0|2|5|980|1|20|0|7|11|7|1|0|6|0|958|2|6|2|2|17|2|0|4|7|1|842|4|0|4|5|6|1|2|1|3|8|964|0|6|0|4|0|10|4|8|0|0|993|1|25|1|1|4|6|5|4|1|0|954|6|2|0|1|5|14|4|0|5|3|956
2,tanh,leaky_relu,0.5,interleave,128,0.001,10,ce,ok,89.2736,97.6556,96.7,96.6902,96.69,96.6512,96.7,10,0.635359|0.282613|0.227706|0.186995|0.15767|0.135575|0.118083|0.10403|0.0920221|0.0821405,83.9289|91.7356|93.4022|94.5444|95.4689|96.0267|96.5978|96.9467|97.4378|97.6556,90.64|92.34|93.6|94.34|95.58|95.42|96.14|96.42|96.62|96.7,90.5646|92.3008|93.5639|94.321|95.581|95.3886|96.1279|96.41|96.6109|96.6902,949|0|1|1|1|1|4|0|5|1|0|1152|3|1|3|0|0|2|2|1|2|3|943|4|6|0|3|4|4|0|1|4|11|991|1|12|0|8|3|2|2|1|8|0|944|2|12|0|3|22|1|1|3|15|2|824|10|0|7|6|4|1|0|1|0|4|978|0|3|0|4|2|7|5|3|1|0|1011|1|11|3|9|8|13|2|4|7|1|933|2|3|3|1|11|12|2|0|12|2|944
3,tanh,leaky_relu,0.5,interleave,128,0.001,10,ce,ok,89.2553,97.6733,96.68,96.6745,96.72,96.68,96.72,9,0.634434|0.28205|0.223114|0.18257|0.153717|0.13202|0.114942|0.100947|0.090153|0.0802744,83.3711|91.86|93.52|94.7489|95.5022|96.1222|96.6867|97.0022|97.3222|97.6733,90.56|92.74|93.54|94.88|95.04|96.12|96.28|96.6|96.72|96.68,90.4858|92.6899|93.523|94.8661|95.0363|96.1072|96.2678|96.5924|96.7032|96.6745,945|0|1|1|1|2|4|0|5|4|0|1151|4|1|2|1|1|3|0|1|1|4|929|7|10|0|4|6|6|2|0|4|4|992|1|18|0|10|2|2|1|0|5|1|959|0|6|0|2|20|0|0|5|10|1|835|8|0|4|6|3|1|0|0|1|5|977|0|4|0|0|1|6|3|5|1|0|1014|0|15|3|7|6|14|2|10|3|0|932|5|2|2|0|10|15|5|0|16|2|938
4,tanh,leaky_relu,0.5,interleave,128,0.001,10,ce,ok,89.4106,97.6956,96.82,96.8139,96.79,96.7565,96.82,10,0.645893|0.277263|0.218531|0.177884|0.15029|0.129529|0.112911|0.0990589|0.0881778|0.0785139,83.1556|92.0356|93.7467|94.88|95.66|96.1844|96.7867|97.1267|97.4556|97.6956,90.96|93.06|94.1|95.1|95.08|95.74|95.98|96.3|96.56|96.82,90.878|93.0265|94.1002|95.0934|95.07|95.7284|95.9646|96.2878|96.5409|96.8139,940|0|1|1|1|4|4|0|10|2|0|1147|2|0|4|2|0|3|5|1|1|3|932|3|7|2|4|6|11|0|0|5|6|967|2|25|0|11|11|6|0|0|8|0|961|1|9|1|3|11|0|1|3|5|0|842|8|0|4|6|3|1|0|1|1|3|979|0|3|0|0|2|5|1|6|0|1|1018|1|11|1|4|3|5|3|2|9|1|953|1|1|2|1|6|21|3|0|10|6|940
5,tanh,leaky_relu,0.5,interleave,128,0.001,10,ce,ok,89.4162,97.7711,96.78,96.7817,96.82,96.7806,96.78,10,0.632761|0.278738|0.219421|0.176701|0.148389|0.125868|0.109816|0.0967778|0.0858995|0.0768155,84.2444|91.9778|93.6822|95.0067|95.7489|96.4667|96.8289|97.2311|97.5711|97.7711,90.74|92.48|94.22|95.04|95.64|96|96.2|96.52|96.68|96.78,90.6602|92.4609|94.196|95.0267|95.631|95.9832|96.1842|96.5149|96.6684|96.7817,941|0|2|1|1|1|8|0|8|1|0|1148|4|0|5|0|0|3|3|1|1|2|937|2|7|1|3|4|11|1|0|5|10|983|2|14|0|12|4|3|1|0|8|0|962|0|10|2|1|10|2|1|4|2|2|832|10|0|9|7|4|1|0|0|1|1|982|0|2|0|1|1|8|0|6|0|1|1019|1|8|3|4|6|8|2|6|7|0|945|1|5|2|0|7|25|3|0|10|5|933
6,tanh,leaky_relu,0.5,interleave,128,0.001,10,ce,ok,89.4229,97.7556,96.6,96.5925,96.66,96.6206,96.7,9,0.638175|0.275388|0.219172|0.18|0.150754|0.129253|0.111927|0.0983423|0.0870927|0.0776592,83.8378|91.9578|93.6067|94.8556|95.6222|96.1778|96.7511|97.1533|97.4822|97.7556,90.9|93.06|94.06|94.86|95.42|95.76|96.24|96.42|96.7|96.6,90.8038|93.0195|94.0369|94.8454|95.4208|95.7446|96.2402|96.414|96.6987|96.5925,952|0|0|1|1|0|3|0|5|1|0|1151|2|3|2|0|0|3|2|1|3|3|930|5|7|1|3|11|6|0|1|4|3|999|1|5|1|14|3|2|2|1|7|0|951|1|7|4|1|20|3|1|5|21|0|806|13|1|10|9|6|1|0|0|2|1|978|0|3|0|0|3|4|3|2|0|1|1026|1|5|4|12|3|11|1|2|5|0|943|1|6|2|1|11|15|1|0|23|1|930
7,tanh,leaky_relu,0.5,interleave,128,0.001,10,ce,ok,89.3981,97.6333,96.6,96.5969,96.57,96.5271,96.6,10,0.632276|0.28086|0.223483|0.184084|0.155672|0.134593|0.117562|0.103724|0.0925286|0.0831325,83.6578|91.7822|93.4911|94.6667|95.3822|96.1378|96.6533|97.0244|97.32|97.6333,90.68|92.86|94.04|94.66|95.02|95.76|95.9|96.44|96.2|96.6,90.5774|92.8424|94.003|94.6476|94.9895|95.7518|95.9016|96.4307|96.1905|96.5969,945|0|0|1|1|3|3|0|9|1|0|1152|2|0|4|0|0|3|2|1|1|6|924|6|5|0|5|7|14|1|0|5|3|971|1|24|1|10|17|1|2|1|7|0|948|3|6|0|4|23|1|3|4|8|0|838|6|0|6|3|3|1|1|0|2|8|971|0|5|0|1|1|5|3|4|0|0|1022|1|8|2|6|2|7|1|6|3|1|953|1|2|2|1|9|13|7|0|17|6|933
8,tanh,leaky_relu,0.5,interleave,128,0.001,10,ce,ok,89.5195,97.7733,96.78,96.771,96.69,96.6478,96.78,10,0.626878|0.275853|0.216785|0.176607|0.147762|0.125955|0.11003|0.096131|0.0854374|0.0759077,84.1133|91.9667|93.7311|94.9467|95.72|96.4022|96.8111|97.2867|97.4711|97.7733,90.8|92.48|94.26|94.42|95.6|96|96.34|96.68|96.56|96.78,90.7523|92.4299|94.23|94.3798|95.5809|96.0048|96.3336|96.6656|96.5467|96.771,951|0|0|1|1|0|2|0|4|4|0|1154|3|0|2|1|1|2|0|1|3|4|922|8|8|1|5|10|8|0|0|5|6|990|1|15|0|12|1|3|1|1|6|0|963|1|7|1|1|13|1|2|5|13|1|824|8|0|5|10|3|1|0|1|3|4|977|0|2|0|1|3|4|2|7|0|0|1020|1|7|4|5|4|16|5|5|5|1|931|6|2|2|0|10|17|3|0|17|2|937
9,tanh,leaky_relu,0.5,interleave,128,0.001,10,ce,ok,89.2993,97.7778,96.64,96.6318,96.81,96.7795,96.66,9,0.634879|0.280694|0.221681|0.181506|0.152222|0.130843|0.113673|0.0996513|0.0882772|0.0788622,83.9244|91.8067|93.52|94.7067|95.6067|96.2044|96.7711|97.14|97.5711|97.7778,90.84|92.56|93.68|94.98|95.62|95.88|96.06|96.48|96.66|96.64,90.7806|92.4895|93.6504|94.9719|95.6007|95.8659|96.0462|96.4742|96.659|96.6318,949|0|0|1|1|3|3|0|5|1|0|1151|2|1|4|0|0|3|2|1|2|4|931|7|7|1|2|6|9|0|0|5|3|994|1|10|0|13|5|2|2|0|8|0|954|1|9|1|3|16|1|0|5|7|1|836|7|0|5|7|3|1|2|1|3|7|970|0|4|0|2|3|5|2|5|1|1|1015|1|10|2|6|4|12|2|2|4|1|946|3|4|1|1|7|21|2|0|14|5|935
10,tanh,leaky_relu,0.5,interleave,128,0.001,10,ce,ok,89.3058,97.7222,96.96,96.9536,96.97,96.9417,96.96,10,0.641146|0.276149|0.214655|0.173801|0.146775|0.126161|0.110814|0.0977865|0.0877164|0.0787523,83.24|91.98|93.8578|95.0533|95.7067|96.3356|96.8378|97.1933|97.4911|97.7222,91.12|92.78|94.14|95.04|95.5|96.02|96.14|96.44|96.7|96.96,91.0474|92.7519|94.1188|95.0256|95.4897|96.0026|96.1253|96.4321|96.6871|96.9536,950|0|1|1|1|2|2|0|4|2|0|1143|4|0|5|2|1|3|5|1|2|2|938|3|9|1|5|4|5|0|1|3|6|980|1|14|0|14|8|6|1|0|4|0|967|1|7|1|1|12|0|1|4|9|1|833|6|0|7|8|3|1|1|0|4|4|975|0|3|0|0|0|7|0|5|0|0|1024|1|8|3|4|5|7|8|1|4|0|944|6|3|2|0|5|22|0|0|14|1|943
1,tanh,leaky_relu,0.5,interleave,128,0.003,10,ce,ok,89.3652,99.1111,97.6,97.6042,97.56,97.5433,97.92,9,0.405158|0.174824|0.121953|0.0950219|0.0769445|0.062567|0.0521243|0.0431633|0.034807|0.029866,88.6111|94.8289|96.4067|97.1444|97.6511|98.0889|98.4222|98.6711|98.9733|99.1111,93.44|94.26|96.08|96.68|97.12|97.34|97.38|97.42|97.92|97.6,93.4182|94.2526|96.0735|96.6769|97.1192|97.3299|97.3773|97.4219|97.9155|97.6042,952|0|0|1|2|1|4|0|2|1|0|1144|2|1|11|0|1|3|1|1|1|1|943|2|2|0|3|5|9|3|0|2|8|995|1|13|0|5|1|8|0|0|2|0|978|1|2|2|1|8|0|2|0|8|1|844|2|0|4|8|4|1|1|0|11|5|967|0|2|0|0|0|5|1|7|0|0|1014|1|17|4|3|3|4|7|2|2|1|948|8|2|0|0|1|9|2|0|4|1|971
2,tanh,leaky_relu,0.5,interleave,128,0.003,10,ce,ok,89.5747,99.1289,97.42,97.425,97.44,97.4144,97.44,9,0.406697|0.179468|0.1253|0.0963032|0.0777393|0.0627419|0.0518697|0.0436935|0.0368673|0.0297602,88.58|94.7244|96.24|97.0556|97.6756|98.0311|98.4422|98.6067|98.8867|99.1289,92.96|95.3|96.52|95.74|96.84|96.98|97.1|97.18|97.44|97.42,92.9158|95.2844|96.5083|95.7483|96.8438|96.967|97.0926|97.1754|97.4378|97.425,951|0|1|1|1|1|3|0|4|1|0|1148|2|6|2|0|0|2|3|1|2|4|940|12|3|0|1|3|3|1|0|0|2|1020|0|8|0|2|1|0|1|0|6|0|947|0|8|3|4|25|2|2|3|22|0|826|4|0|5|5|4|1|1|1|1|5|976|0|2|0|0|2|8|10|1|1|0|1014|1|8|4|4|4|11|1|0|1|0|956|1|2|0|0|7|6|2|0|5|2|966
4,tanh,leaky_relu,0.5,interleave,128,0.003,10,ce,ok,93.4405,99.1556,97.54,97.5381,97.87,97.8562,97.54,10,0.405728|0.172198|0.120931|0.0924397|0.0750228|0.0606594|0.0487041|0.0403874|0.0350438|0.0281425,88.5956|95.0222|96.4133|97.2289|97.6956|98.1356|98.5378|98.7933|98.86|99.1556,93.72|95.44|96.2|96.7|97|97.1|97.48|97.44|97.44|97.54,93.7011|95.4374|96.2069|96.6874|97.0011|97.1053|97.4809|97.4378|97.4356|97.5381,946|0|2|1|0|0|6|0|6|2|0|1152|1|0|2|0|0|3|6|0|0|2|944|2|4|1|4|5|6|1|0|4|8|990|1|11|0|11|4|4|0|0|2|0|976|0|4|4|1|7|0|1|0|8|1|849|4|0|3|3|1|0|0|0|3|3|981|0|3|0|0|1|4|0|3|0|0|1028|2|7|3|5|1|3|4|1|3|1|960|1|1|0|1|2|10|3|0|9|3|961
3,tanh,leaky_relu,0.5,interleave,128,0.003,10,ce,ok,93.5092,99.1,97.78,97.7744,97.44,97.4111,97.78,10,0.405404|0.176367|0.124147|0.0957426|0.0768718|0.06388|0.0516944|0.0439264|0.0366788|0.0291479,88.4733|94.7867|96.3067|97.1156|97.6578|97.9822|98.4111|98.62|98.86|99.1,93.62|95.26|95.94|96.58|97.1|97.12|97.28|97.06|97.52|97.78,93.5934|95.2384|95.9372|96.5796|97.102|97.1142|97.2758|97.0487|97.5105|97.7744,945|2|1|1|2|0|2|0|3|7|0|1155|1|1|1|0|1|3|1|1|0|4|932|6|5|0|1|12|7|2|0|1|5|997|1|15|0|8|4|2|0|0|3|0|958|0|2|3|2|26|1|1|3|8|0|843|3|0|3|7|3|1|0|1|4|3|973|0|6|0|0|1|2|2|1|0|0|1031|1|7|5|5|4|11|2|6|1|0|942|6|2|0|0|3|5|4|0|8|0|968
5,tanh,leaky_relu,0.5,interleave,128,0.003,10,ce,ok,93.5427,99.1289,97.46,97.4655,97.73,97.7079,97.64,8,0.401476|0.170353|0.118469|0.0909275|0.0741195|0.0604536|0.0510144|0.0415965|0.0338836|0.0286031,88.7178|94.9956|96.3844|97.2178|97.7889|98.1756|98.4089|98.7222|98.96|99.1289,93.64|95.48|96.26|96.72|96.8|96.88|96.66|97.64|97.46|97.46,93.5881|95.4681|96.2549|96.7212|96.7922|96.8697|96.6648|97.6385|97.4572|97.4655,951|0|0|1|2|1|4|1|2|1|0|1150|1|1|3|0|0|4|5|0|1|2|941|5|3|1|3|6|5|2|0|2|6|1005|0|11|0|5|3|1|0|0|5|0|973|0|9|0|1|6|0|1|2|9|0|846|3|0|5|3|4|1|0|0|2|0|983|0|1|0|0|0|6|1|6|0|0|1021|1|10|2|1|3|7|1|4|4|0|959|1|1|1|0|5|18|3|0|8|10|944
6,tanh,leaky_relu,0.5,interleave,128,0.003,10,ce,ok,93.5714,99.1044,97.52,97.5149,97.7,97.6689,97.52,10,0.403894|0.175392|0.121529|0.0937331|0.0747219|0.0617136|0.0504208|0.0422779|0.0354073|0.0287559,88.7044|94.7667|96.3578|97.2578|97.6933|98.0733|98.4178|98.7067|98.9089|99.1044,93.7|95.36|96.46|96.68|96.78|97.42|97.12|97.3|97.38|97.52,93.6593|95.3512|96.4482|96.6823|96.8045|97.4228|97.1094|97.2988|97.3941|97.5149,954|0|1|1|1|0|2|0|3|1|0|1155|1|1|2|0|0|2|2|1|4|1|934|5|6|1|2|7|9|0|1|2|4|1000|2|10|0|6|7|1|0|1|2|0|975|0|5|2|2|7|2|2|3|8|1|831|12|0|5|5|3|2|0|0|2|1|980|0|3|0|0|0|6|4|5|0|0|1022|1|7|3|5|1|3|2|0|2|0|965|1|3|1|0|4|10|3|0|9|6|954
7,tanh,leaky_relu,0.5,interleave,128,0.003,10,ce,ok,88.8305,99.1489,97.52,97.5202,97.39,97.3658,97.52,7,0.406149|0.178565|0.125626|0.0946576|0.0754289|0.0613451|0.0498412|0.0410583|0.0334151|0.0275775,88.5956|94.6489|96.2844|97.1689|97.7089|98.0978|98.4867|98.7956|98.98|99.1489,93.48|95.38|96.32|96.54|96.68|97.38|97.52|97.4|97.4|97.52,93.4391|95.3824|96.3103|96.5535|96.6712|97.3781|97.5137|97.3925|97.401|97.5202,951|0|0|1|1|1|3|0|5|1|0|1153|1|1|2|0|0|3|4|0|1|6|927|11|2|0|2|9|9|2|0|1|2|1008|0|14|0|4|4|0|1|1|4|1|961|1|4|2|2|17|0|2|0|10|0|845|4|0|4|4|4|2|1|2|2|7|965|0|8|0|0|0|5|8|3|1|0|1011|1|16|3|3|2|5|0|7|0|1|960|1|4|2|1|8|4|3|0|8|2|958
8,tanh,leaky_relu,0.5,interleave,128,0.003,10,ce,ok,88.819,99.0844,97.28,97.284,97.38,97.3378,97.5,7,0.399067|0.173907|0.12233|0.0938051|0.0752018|0.060575|0.0509587|0.0430523|0.0347847|0.0291577,88.7|94.9133|96.3933|97.1867|97.6778|98.1956|98.3489|98.6222|98.9267|99.0844,93.34|95.3|96.48|96.22|97.2|97.34|97.5|97.18|97.46|97.28,93.3109|95.2948|96.4682|96.1954|97.1989|97.3456|97.4992|97.1705|97.4535|97.284,954|0|4|1|1|1|1|0|0|1|0|1154|1|3|1|0|0|3|1|1|1|2|952|5|2|0|2|3|1|1|0|1|7|1007|0|9|0|7|1|1|0|0|9|0|971|0|5|3|1|5|0|1|3|25|3|820|10|0|4|3|3|1|0|1|2|4|980|0|0|0|0|1|7|2|4|0|0|1023|1|7|5|3|12|13|3|6|4|1|931|4|3|1|0|14|12|2|0|11|1|946
9,tanh,leaky_relu,0.5,interleave,128,0.003,10,ce,ok,88.8548,99.18,97.7,97.6974,97.73,97.7057,97.7,10,0.40382|0.174626|0.121545|0.0924824|0.0742405|0.0623504|0.050163|0.0415275|0.0346846|0.0274101,88.7289|94.7022|96.3622|97.2089|97.7244|98.0778|98.42|98.7244|98.9422|99.18,93.64|95.14|95.48|96.86|97|97.36|97.16|97.52|97.46|97.7,93.6163|95.1043|95.4628|96.8516|96.9909|97.3531|97.1613|97.5212|97.4647|97.6974,953|0|0|0|1|2|2|0|3|2|0|1153|1|1|4|0|0|2|2|1|2|5|941|6|4|1|1|6|2|1|0|0|2|1009|2|11|0|6|3|0|0|0|5|0|974|0|5|1|1|8|0|0|3|11|1|838|7|0|2|7|4|1|0|1|3|2|978|0|2|0|0|2|10|1|6|1|0|1015|1|9|3|5|2|10|0|2|1|0|953|6|3|1|0|6|12|2|0|6|1|959
10,tanh,leaky_relu,0.5,interleave,128,0.003,10,ce,ok,88.8921,99.1333,97.7,97.7038,97.81,97.7841,97.7,10,0.401106|0.170719|0.120423|0.0922662|0.0750031|0.0622246|0.0511867|0.0422101|0.0365258|0.0294982,88.6356|94.9444|96.4044|97.2422|97.7511|98.0556|98.4689|98.7133|98.8578|99.1333,93.76|95.62|95.94|96.76|97.12|96.74|97.46|97|97.6|97.7,93.7442|95.6149|95.9296|96.7566|97.116|96.7542|97.4588|97.004|97.6017|97.7038,953|0|1|0|1|0|2|1|3|2|0|1147|3|2|3|0|0|3|5|1|2|1|950|4|4|1|2|2|2|1|0|0|8|993|1|15|0|9|4|3|0|0|1|0|972|1|6|3|1|10|0|0|4|7|1|844|2|0|6|5|4|0|2|0|3|2|976|0|4|0|0|0|7|3|2|0|0|1028|1|4|3|1|4|5|3|4|1|1|956|4|3|0|0|2|9|2|0|11|1|962
1,tanh,leaky_relu,0.5,interleave,128,0.01,10,ce,ok,87.7424,99.5022,97.42,97.4293,97.8,97.776,97.64,9,0.28125|0.124273|0.0859903|0.0653225|0.0498213|0.0397998|0.0313748|0.0249407|0.0174367|0.0152657,91.4867|96.1667|97.3044|97.9067|98.3889|98.6933|99.0222|99.1422|99.4111|99.5022,95.04|95.58|96.74|96.92|97.4|97.24|97.36|97.54|97.64|97.42,95.0458|95.575|96.7306|96.924|97.388|97.2318|97.3565|97.5291|97.6303|97.4293,957|0|1|1|0|1|1|0|0|2|0|1140|2|3|9|0|0|3|4|3|2|1|956|3|2|0|0|3|1|1|0|0|5|1002|1|17|0|3|3|2|0|0|3|0|979|0|2|1|1|8|0|0|4|3|0|853|3|0|1|5|7|0|2|0|7|6|967|0|2|0|0|0|13|2|5|2|0|1009|1|13|6|0|4|5|0|9|2|0|942|14|3|0|0|1|4|3|0|3|1|975
2,tanh,leaky_relu,0.5,interleave,128,0.01,10,ce,ok,87.7176,99.6133,97.52,97.5223,97.66,97.6383,97.82,9,0.283109|0.122134|0.0866192|0.0647253|0.0515255|0.0417377|0.030176|0.0238081|0.0187842|0.012267,91.4311|96.2578|97.2444|97.9244|98.32|98.6289|99.02|99.2022|99.4244|99.6133,94.24|96.42|96.72|96.44|97.2|97.06|97.24|97.46|97.82|97.52,94.293|96.4197|96.7198|96.4445|97.1946|97.0498|97.2462|97.4547|97.8153|97.5223,950|0|0|1|1|2|3|0|5|1|0|1152|1|3|3|0|0|3|2|0|1|4|936|15|3|2|1|2|4|1|0|2|2|1013|0|12|0|3|1|0|0|0|1|0|958|1|5|1|1|27|0|0|0|12|1|845|5|0|3|3|3|1|0|1|1|5|976|0|4|0|0|2|7|9|2|3|0|1011|1|10|3|4|0|7|0|5|0|1|960|2|3|0|0|5|6|3|0|6|2|965
3,tanh,leaky_relu,0.5,interleave,128,0.01,10,ce,ok,87.8396,99.48,97.64,97.6413,97.67,97.6527,97.64,10,0.282757|0.124112|0.0849347|0.0657709|0.0500654|0.0423883|0.0311308|0.0254179|0.0171099|0.0160478,91.3356|96.1311|97.3|97.8867|98.34|98.5822|99.0133|99.1778|99.4867|99.48,95.64|96.38|96.48|97.2|97.54|97.4|97.32|97.18|97.54|97.64,95.6275|96.3723|96.4705|97.1937|97.5502|97.3947|97.3249|97.1824|97.543|97.6413,957|0|1|1|1|0|1|0|0|2|0|1151|1|2|1|1|0|4|2|2|1|3|942|3|1|0|2|13|3|1|0|1|3|1008|0|10|0|8|1|2|1|0|3|0|955|0|2|4|1|28|0|0|2|9|0|848|3|0|5|2|3|0|0|0|3|3|978|0|4|0|1|0|3|4|2|0|0|1028|1|6|3|2|2|18|0|6|0|3|929|19|2|0|0|1|1|3|1|11|0|971
4,tanh,leaky_relu,0.5,interleave,128,0.01,10,ce,ok,87.7489,99.5044,97.66,97.6587,97.62,97.5977,97.68,9,0.280637|0.120217|0.0855876|0.0635998|0.0516065|0.0388431|0.0299045|0.02377|0.0180647|0.0156548,91.5644|96.2889|97.3089|97.9889|98.3467|98.7156|99.0489|99.1933|99.4044|99.5044,95.44|96.32|96.68|96.78|97.2|97.54|97.28|97.4|97.68|97.66,95.4013|96.3188|96.6865|96.7795|97.2043|97.5479|97.2817|97.4043|97.6818|97.6587,951|0|1|0|2|0|2|0|4|3|0|1153|1|1|3|0|0|5|1|0|1|3|931|1|10|1|4|11|7|0|0|2|11|994|1|7|0|12|4|2|0|0|2|0|986|0|2|1|0|3|0|1|1|7|2|842|8|0|2|6|3|1|0|0|4|2|979|0|2|0|0|0|3|0|6|0|0|1029|1|6|3|7|3|3|7|6|3|3|939|8|2|0|1|0|16|2|0|11|0|958
5,tanh,leaky_relu,0.5,interleave,128,0.01,10,ce,ok,87.4318,99.5378,97.46,97.462,97.65,97.6201,97.84,9,0.277669|0.120697|0.08364|0.0633027|0.0504914|0.039215|0.0321235|0.0254975|0.0168973|0.0142533,91.4511|96.2267|97.3689|97.9044|98.4133|98.7067|98.9067|99.1667|99.4644|99.5378,94.82|96.24|96.94|97.12|97.3|97.34|97.3|97.82|97.84|97.46,94.7976|96.2237|96.9383|97.1147|97.289|97.3488|97.2982|97.8199|97.8419|97.462,955|0|1|1|2|0|1|0|2|1|0|1149|2|1|1|0|0|7|4|0|2|6|933|6|6|2|1|8|5|0|0|1|4|1000|1|11|0|7|8|1|0|0|1|0|982|0|3|3|1|4|1|1|1|13|2|826|11|0|8|6|3|1|0|1|2|0|981|0|3|0|0|1|4|2|6|0|0|1027|1|4|2|0|3|4|2|0|3|0|966|2|2|0|1|4|20|2|0|11|4|946
6,tanh,leaky_relu,0.5,interleave,128,0.01,10,ce,ok,87.4869,99.5289,97.68,97.6729,97.88,97.8481,97.68,10,0.280125|0.120921|0.0862742|0.064916|0.0492928|0.0393289|0.0301799|0.0249036|0.0178405|0.0148047,91.3911|96.2511|97.2911|97.9133|98.4778|98.6689|99.0244|99.1889|99.4178|99.5289,95.68|96.1|96.66|97.28|97.5|97.66|96.88|97.58|97.26|97.68,95.6623|96.0987|96.6733|97.2946|97.5124|97.6625|96.8704|97.5755|97.2617|97.6729,956|0|0|1|1|0|1|0|3|1|0|1150|0|0|4|0|0|3|5|2|1|3|940|6|1|2|4|4|6|2|0|0|3|1001|0|22|0|3|2|2|1|0|1|0|977|0|5|2|2|6|0|0|2|3|0|850|6|0|3|5|4|1|1|1|2|3|977|0|2|0|1|1|3|2|2|1|0|1028|1|6|3|4|0|6|0|10|1|1|956|1|4|0|0|1|7|5|0|15|5|953
7,tanh,leaky_relu,0.5,interleave,128,0.01,10,ce,ok,87.4502,99.5556,97.66,97.6535,97.68,97.6555,97.72,8,0.28339|0.123253|0.0875416|0.0648181|0.0506264|0.0416533|0.0310621|0.026629|0.0185172|0.0136175,91.3244|96.2333|97.1867|97.9156|98.3667|98.7|98.9289|99.1533|99.3867|99.5556,95.32|96.56|96.72|97.18|97.26|97.34|97.18|97.72|97.52|97.66,95.3203|96.5626|96.7262|97.1813|97.2589|97.3408|97.1765|97.7174|97.527|97.6535,952|0|1|1|1|2|1|0|4|1|0|1152|0|1|1|0|0|3|7|0|0|4|948|7|2|0|1|4|3|0|0|1|6|1003|1|14|0|5|3|0|0|1|3|1|963|1|5|6|5|9|0|1|0|10|0|843|5|0|7|3|3|0|1|0|2|2|978|0|5|0|1|1|7|2|2|0|0|1021|1|10|3|5|3|5|1|2|0|0|962|1|4|1|0|9|7|8|0|8|7|946
8,tanh,leaky_relu,0.5,interleave,128,0.01,10,ce,ok,87.5245,99.54,97.92,97.9212,97.93,97.905,97.92,10,0.280313|0.12484|0.0902551|0.0662804|0.0507303|0.0403737|0.0319593|0.0230735|0.0196355|0.013666,91.4533|96.1444|97.0378|97.8667|98.3956|98.6733|98.9244|99.2311|99.3556|99.54,94.52|96.24|96.78|96.86|97.28|97.4|97.46|97.34|97.48|97.92,94.4813|96.2297|96.7752|96.8542|97.2847|97.4053|97.4617|97.3302|97.4785|97.9212,955|0|0|0|1|0|2|0|3|2|0|1150|2|2|2|0|0|3|4|1|0|2|951|5|1|1|1|3|5|0|0|0|7|1007|0|11|0|5|1|2|0|0|2|1|974|0|5|1|2|9|0|0|1|10|2|842|4|0|4|6|4|1|0|0|4|5|975|0|2|0|0|1|6|1|4|0|0|1026|1|6|4|2|4|5|2|2|1|1|958|3|3|0|1|4|13|1|0|8|5|955
1,tanh,leaky_relu,0.5,interleave,128,0.03,10,ce,ok,86.8629,96.4378,95.52,95.5276,95.85,95.8263,96.12,8,0.295017|0.167299|0.141717|0.138532|0.132673|0.125783|0.128542|0.127015|0.137015|0.140488,91|95.1778|96.0533|96.1178|96.46|96.6222|96.6556|96.58|96.5422|96.4378,93.54|95|95.28|95.42|95.06|95.84|95.44|96.12|94.32|95.52,93.5654|95.0225|95.2627|95.4308|95.0278|95.8238|95.4483|96.1303|94.2928|95.5276,942|0|1|2|3|0|6|0|2|7|0|1136|1|5|6|1|2|2|1|10|0|2|901|36|11|0|3|10|5|1|0|0|2|996|1|10|0|2|12|10|0|0|3|1|974|0|3|1|2|10|1|0|2|26|2|809|2|0|9|18|0|2|0|2|17|10|959|0|1|0|1|6|9|6|10|1|0|989|1|22|1|3|9|21|3|2|4|0|930|9|2|0|1|9|17|5|0|3|4|949
10,tanh,leaky_relu,0.5,interleave,128,0.01,10,ce,ok,87.5256,99.4133,97.66,97.6705,97.78,97.7602,97.68,9,0.279158|0.124246|0.0875662|0.0659367|0.0505494|0.041485|0.0311361|0.0253228|0.0225231|0.0173154,91.5422|96.18|97.2467|97.8822|98.2844|98.6644|98.9267|99.1533|99.22|99.4133,95.52|96.24|95.92|97.32|97.24|96.96|97.56|97.56|97.68|97.66,95.5072|96.2407|95.9289|97.3254|97.2377|96.9701|97.5613|97.5573|97.6809|97.6705,953|0|1|1|1|2|2|0|2|1|0|1143|2|1|5|0|0|7|6|0|3|3|944|3|6|1|2|5|2|0|0|2|9|1001|0|10|0|6|1|4|0|0|3|0|984|0|2|2|1|2|0|1|1|6|2|846|3|1|3|6|4|0|0|0|1|5|979|0|2|0|0|0|5|0|2|1|0|1034|1|2|2|1|4|3|2|2|3|1|955|9|2|0|0|2|27|2|0|17|1|939
9,tanh,leaky_relu,0.5,interleave,128,0.01,10,ce,ok,87.6939,99.4422,97.54,97.5416,97.85,97.821,97.56,8,0.278095|0.121303|0.0860159|0.0636712|0.0496554|0.0415895|0.0303142|0.0229091|0.0202821|0.0165537,91.5356|96.2222|97.3667|97.9511|98.3356|98.6156|99.0089|99.2711|99.3244|99.4422,95.76|95|96.1|97.2|97.44|97.3|97.34|97.56|97.14|97.54,95.7535|94.9779|96.102|97.2131|97.4496|97.2882|97.342|97.5625|97.1341|97.5416,952|0|0|1|1|2|3|0|3|1|0|1157|0|2|2|0|0|1|1|1|0|3|945|5|4|0|1|7|4|0|0|3|7|1002|1|8|0|8|4|0|0|0|4|1|978|1|1|0|2|7|1|2|2|10|0|834|8|1|4|7|3|1|2|0|4|4|974|0|3|0|0|3|5|3|4|0|0|1020|2|8|4|1|0|6|2|2|1|0|961|5|1|0|2|4|9|3|0|7|2|962
2,tanh,leaky_relu,0.5,interleave,128,0.03,10,ce,ok,86.8931,96.5311,94.74,94.7558,94.75,94.7045,96.08,9,0.295584|0.167668|0.147773|0.136551|0.127444|0.12645|0.123388|0.125255|0.12823|0.142957,91.1267|95.2|95.7889|96.2067|96.52|96.5533|96.72|96.7467|96.7067|96.5311,92.1|95.14|95.66|95.78|95.66|95.9|95.28|95.42|96.08|94.74,92.2214|95.1545|95.6495|95.7987|95.654|95.8712|95.2644|95.4318|96.0874|94.7558,952|0|0|3|1|0|2|0|4|1|0|1136|6|15|1|0|0|2|3|1|4|2|901|35|6|1|2|15|3|0|2|1|4|1011|0|7|0|4|2|2|1|0|19|1|954|1|5|4|2|7|3|1|2|22|0|816|10|0|6|9|6|1|8|0|0|8|966|0|2|0|2|2|5|5|2|3|0|1002|1|23|6|5|4|123|4|14|4|1|807|14|6|0|1|4|32|5|0|11|1|930
3,tanh,leaky_relu,0.5,interleave,128,0.03,10,ce,ok,87.1444,96.5289,95.5,95.5106,95.54,95.4873,96.28,6,0.292103|0.166624|0.139678|0.128886|0.123716|0.122578|0.12886|0.141017|0.140181|0.144495,91.1556|95.1289|95.9511|96.46|96.6489|96.72|96.6289|96.4244|96.4689|96.5289,95.14|95.36|95.18|95.28|95.48|96.28|95.74|95.58|95.6|95.5,95.1413|95.3578|95.1646|95.3464|95.5293|96.283|95.7493|95.5789|95.5933|95.5106,941|0|1|1|4|2|1|3|8|2|0|1143|2|2|6|0|0|4|3|4|3|4|908|13|11|0|0|28|2|0|3|3|7|992|0|7|0|15|2|4|0|0|3|0|972|0|1|2|1|15|3|2|1|20|0|827|5|0|6|5|6|1|0|0|13|8|955|0|8|0|0|3|2|10|3|0|0|1013|0|14|8|11|7|38|9|29|0|4|859|17|3|1|1|8|21|3|1|7|1|944
4,tanh,leaky_relu,0.5,interleave,128,0.03,10,ce,ok,87.0569,96.8689,96.32,96.3036,95.62,95.5646,96.52,7,0.297292|0.168164|0.146801|0.135863|0.128405|0.123818|0.129253|0.124617|0.127563|0.126072,91.0756|95.14|95.8333|96.1756|96.4578|96.5956|96.62|96.7133|96.7533|96.8689,95.02|95.62|95.32|95.86|94.9|96.48|96.52|95.02|95.8|96.32,94.9715|95.5959|95.3235|95.8439|94.8961|96.4989|96.5006|95.0007|95.8001|96.3036,935|0|2|0|2|6|8|0|8|2|0|1138|1|1|5|1|1|1|16|0|2|6|928|5|6|3|3|7|9|0|0|3|7|945|0|31|0|12|30|5|1|0|3|0|967|0|9|1|4|9|0|0|2|12|2|832|9|0|7|5|4|2|0|0|0|5|978|0|2|0|4|7|8|0|5|3|1|1001|3|13|2|10|4|2|5|12|12|0|932|3|5|0|0|5|30|18|2|14|10|906
5,tanh,leaky_relu,0.5,interleave,128,0.03,10,ce,ok,87.1233,96.7267,95.78,95.7819,95.67,95.6302,96.48,3,0.293738|0.170401|0.146662|0.130258|0.129289|0.137264|0.135094|0.134897|0.139779|0.137605,91.16|95.0889|95.8289|96.2911|96.52|96.3067|96.4511|96.5133|96.4778|96.7267,93.68|96|96.48|94.84|95.82|95.96|95.04|95.56|95.32|95.78,93.6594|95.9901|96.4981|94.8772|95.792|95.9401|95.0191|95.564|95.2583|95.7819,947|1|2|0|1|0|8|0|3|1|0|1147|1|1|9|0|1|3|2|0|4|10|927|3|12|0|6|2|5|0|0|9|12|984|4|13|0|6|5|0|0|0|2|0|979|0|6|0|2|5|1|2|2|10|3|815|21|1|5|9|4|1|0|1|3|1|981|0|0|0|1|5|9|7|14|1|0|1001|2|5|4|6|4|10|9|2|16|0|930|1|5|3|1|15|83|3|0|12|12|856
6,tanh,leaky_relu,0.5,interleave,128,0.03,10,ce,ok,87.0865,96.4733,95.46,95.4525,95.37,95.3273,96.36,6,0.295114|0.164134|0.149613|0.137601|0.137399|0.129381|0.131993|0.13068|0.123171|0.141496,91.0956|95.2644|95.7022|96.1178|96.2289|96.54|96.4622|96.6089|96.6844|96.4733,93.94|94.76|95.66|95.9|95.82|96.36|94.9|96.08|95.34|95.46,93.9178|94.7195|95.6663|95.9256|95.8215|96.3612|94.9254|96.0762|95.3516|95.4525,950|0|2|0|1|1|6|0|2|1|0|1137|1|10|2|2|0|2|9|1|3|7|918|19|4|0|1|12|5|0|2|2|8|993|0|11|1|4|7|5|4|0|4|1|929|2|5|16|8|25|6|0|5|15|3|820|10|1|7|2|15|10|5|0|3|4|945|0|9|0|1|0|5|9|1|1|0|1023|1|4|9|6|10|10|3|6|1|8|927|2|15|1|3|6|12|4|0|38|16|895
7,tanh,leaky_relu,0.5,interleave,128,0.03,10,ce,ok,87.1045,96.3644,96.08,96.0655,95.82,95.7819,96.54,8,0.296169|0.168776|0.148371|0.133915|0.136276|0.126969|0.127202|0.139971|0.140784|0.145037,90.8533|95.1022|95.7511|96.2844|96.16|96.6022|96.5111|96.3178|96.5244|96.3644,95.38|95.16|96.38|95.9|95.5|96.34|95.54|96.54|95.34|96.08,95.3849|95.152|96.3627|95.9379|95.505|96.351|95.5441|96.5427|95.347|96.0655,952|0|3|0|1|0|1|0|4|2|0|1151|0|1|2|0|0|5|5|0|5|19|898|7|6|0|5|18|10|1|1|5|5|977|1|20|0|10|12|2|0|4|3|0|966|0|5|4|2|10|1|2|1|13|1|830|8|2|9|2|8|2|1|0|26|3|944|0|7|0|4|1|2|4|1|0|0|1021|1|11|4|5|3|4|1|4|2|1|956|2|7|4|0|12|32|6|0|28|14|887
8,tanh,leaky_relu,0.5,interleave,128,0.03,10,ce,ok,87.1203,96.4311,95.92,95.922,96.09,96.0495,95.98,5,0.294235|0.169641|0.145722|0.138797|0.128101|0.128933|0.131667|0.133209|0.130046|0.144321,91.0111|95.0889|95.8444|96.1178|96.4711|96.46|96.5889|96.6244|96.7089|96.4311,93.9|93.52|95.72|95.84|95.98|95.3|94.92|95.16|95.36|95.92,93.8685|93.5063|95.7151|95.8313|95.9828|95.2945|94.9323|95.1672|95.3854|95.922,944|0|2|1|1|0|8|0|4|3|1|1152|3|0|0|0|1|5|2|0|9|3|946|1|4|0|4|1|1|0|1|4|14|990|1|12|0|6|1|4|4|10|7|0|948|1|7|1|1|15|3|3|1|12|1|821|11|2|6|9|6|2|1|0|3|1|976|0|2|0|0|4|18|6|2|0|0|993|1|21|4|7|20|5|5|7|9|1|915|9|5|2|1|11|19|3|0|20|5|924
9,tanh,leaky_relu,0.5,interleave,128,0.03,10,ce,ok,87.0862,96.6578,95.14,95.129,95.58,95.5439,95.8,8,0.292107|0.166969|0.146254|0.13589|0.126274|0.122993|0.128228|0.132224|0.121192|0.133811,91.1133|95.1644|95.8911|96.1956|96.4867|96.66|96.6378|96.4844|96.8689|96.6578,94.32|93.1|95.3|94.58|95.76|95.76|95.14|95.8|95.56|95.14,94.3012|93.0698|95.2792|94.6361|95.7682|95.7536|95.1373|95.8122|95.5604|95.129,893|0|30|3|1|2|8|0|8|18|0|1154|1|2|2|0|0|1|4|0|0|3|939|4|8|0|1|3|10|1|0|6|9|997|1|9|0|4|4|3|0|1|5|0|960|0|2|0|2|24|0|6|1|11|3|825|7|0|5|11|1|4|2|3|10|5|960|0|5|1|0|4|14|12|9|0|0|971|2|33|0|7|12|21|7|10|2|1|909|13|1|2|0|7|18|4|0|4|4|950
10,tanh,leaky_relu,0.5,interleave,128,0.03,10,ce,ok,87.1273,96.7844,95.22,95.2138,95.09,95.0251,96,6,0.300004|0.174326|0.143498|0.137792|0.132831|0.128638|0.128894|0.131008|0.129751|0.126266,90.98|94.9489|95.96|96.1822|96.3911|96.5333|96.6333|96.5933|96.6222|96.7844,94.46|94.78|94.44|95.14|95.46|96|95.08|95.34|95.88|95.22,94.4624|94.801|94.4782|95.1257|95.4524|96.0092|95.1108|95.3122|95.8471|95.2138,944|0|2|0|3|1|5|0|1|7|1|1146|2|0|8|1|2|2|2|0|4|1|939|0|5|0|1|3|1|15|3|1|21|953|4|23|0|12|5|11|0|0|5|0|950|0|6|0|0|33|0|0|4|6|5|812|17|0|8|17|5|1|2|0|5|0|977|0|1|0|0|4|7|1|5|0|0|1008|0|20|11|5|27|4|6|6|11|2|829|81|2|2|0|2|24|2|0|7|0|951
1,tanh,leaky_relu,0.5,interleave,128,0.1,10,ce,ok,86.953,84.4933,87.28,87.3227,87.69,87.5729,87.28,10,6.86974|4.97727|4.85631|4.60333|4.49158|4.48114|4.44184|4.36018|4.38965|4.28465,72.7133|81.9867|82.4244|83.34|83.7444|83.7822|83.9244|84.22|84.1133|84.4933,85.68|84.32|77.2|82.36|83.84|80.82|85.54|77.98|84.48|87.28,85.6105|84.1493|76.6895|81.5255|83.5287|80.6679|85.536|77.988|84.0456|87.3227,915|0|15|11|4|9|3|0|5|1|0|1110|6|17|12|11|0|3|4|1|4|6|746|95|13|12|34|12|39|8|0|8|13|950|10|20|1|11|17|3|9|1|5|3|897|3|21|2|11|42|16|7|4|80|28|701|8|3|16|6|11|3|2|5|20|24|908|0|17|1|8|5|15|26|14|2|0|934|1|40|4|11|4|133|13|28|1|3|769|16|9|4|3|21|63|9|1|30|11|839
2,tanh,leaky_relu,0.5,interleave,128,0.1,10,ce,ok,86.9876,84.2844,83.3,82.6496,83.18,82.453,87.8,9,6.86515|5.21797|4.69727|4.58798|4.48359|4.44061|4.47438|4.4707|4.43631|4.34237,72.4244|81.1156|83|83.3956|83.7733|83.9289|83.8067|83.82|83.9444|84.2844,79.44|78.62|85.26|83.84|82.36|87.52|86.3|86.48|87.8|83.3,79.2828|79.0232|84.8982|83.836|81.8752|87.4849|86.1094|86.3086|87.6841|82.6496,916|0|7|6|2|0|10|3|6|13|0|1058|5|15|3|2|7|2|69|3|39|10|819|5|7|1|31|19|35|3|29|5|73|802|3|22|5|27|26|41|3|11|13|2|833|1|43|30|16|42|209|12|33|33|11|457|52|10|44|8|8|1|36|2|3|3|937|0|1|0|4|13|20|6|6|1|0|955|10|30|9|18|23|29|8|28|21|5|774|67|10|7|5|10|40|10|3|80|58|767
3,tanh,leaky_relu,0.5,interleave,128,0.1,10,ce,ok,87.0013,84.7267,87.56,87.4766,87.12,86.8665,87.56,10,6.95442|5.27507|4.87227|4.62175|4.50386|4.56157|4.35219|4.30983|4.32886|4.22018,72.3911|80.9089|82.3667|83.2733|83.7|83.4911|84.2489|84.4022|84.3333|84.7267,80.9|82.78|83.82|85.74|84.86|83.36|87.54|79.48|78|87.56,79.9584|82.876|83.8879|85.6221|85.0544|82.8546|87.2483|79.3942|78.4648|87.4766,904|1|2|4|10|5|13|7|13|4|0|1097|5|4|4|9|3|14|20|8|2|1|818|24|30|1|23|30|26|14|7|14|42|875|6|18|6|38|9|18|2|0|8|0|876|1|8|20|3|76|14|9|10|85|28|659|10|11|21|22|7|1|0|2|30|14|919|0|14|4|6|0|6|1|10|2|1|982|3|34|10|20|25|83|20|52|3|11|716|42|6|0|3|13|23|5|1|67|6|866
4,tanh,leaky_relu,0.5,interleave,128,0.1,10,ce,ok,87.0254,84.3333,84.64,84.6904,84.4,84.2973,86.38,6,6.79568|5.11849|4.73227|4.61684|4.69789|4.63096|4.54315|4.41421|4.3129|4.32886,72.5933|81.4756|82.8733|83.2911|82.9978|83.24|83.5578|84.0244|84.3911|84.3333,81.82|85.66|85.3|85.84|82.08|86.38|83.66|83.32|85.18|84.64,81.8434|85.5064|85.0622|85.7976|82.0725|86.3414|83.0602|83.4851|85.1637|84.6904,877|1|3|3|3|15|18|9|6|28|0|1097|4|0|2|8|8|8|31|6|13|31|741|15|13|18|76|22|29|11|4|13|20|664|5|42|11|34|44|196|2|1|8|1|776|4|31|20|10|141|9|5|1|31|6|715|37|22|16|27|3|1|2|0|4|10|967|0|2|2|6|11|8|2|15|4|0|951|2|46|3|35|8|6|0|35|39|22|773|61|5|4|0|5|10|15|2|70|0|879
6,tanh,leaky_relu,0.5,interleave,128,0.1,10,ce,ok,84.1477,83.3756,84.58,84.6032,83.91,83.7979,85.94,4,6.84506|5.13814|4.68929|4.58798|4.47561|4.48237|4.51245|4.45903|4.62052|4.5935,72.4689|81.4044|83.0289|83.3956|83.8022|83.7778|83.6689|83.8622|83.2778|83.3756,77.46|84.88|83.66|85.94|83.62|84.26|84.7|82.22|83.6|84.58,76.958|84.8211|83.5151|86.0115|83.4551|83.3246|84.9434|81.9579|83.2113|84.6032,933|0|1|4|2|12|0|0|11|0|0|1047|1|83|4|25|0|0|3|1|50|27|679|122|18|30|8|4|21|10|13|4|1|914|3|78|1|9|9|1|15|2|6|2|901|9|5|20|8|26|30|4|1|49|5|753|5|7|12|3|27|10|12|0|25|64|846|3|4|0|8|12|4|56|22|4|0|926|0|13|14|42|10|114|12|90|2|12|684|2|13|2|1|34|86|12|0|128|6|708
8,tanh,leaky_relu,0.5,interleave,128,0.1,10,ce,ok,84.1325,84.8578,85.08,85.1252,84.43,84.4795,87.76,3,6.78667|5.19033|4.7421|4.66473|4.67087|4.46702|4.40009|4.30921|4.34605|4.18395,72.4156|81.2156|82.8378|83.1178|83.0956|83.8333|84.0756|84.4044|84.2711|84.8578,77.24|81.48|87.76|82.68|80.94|80.12|83.44|85.06|75.42|85.08,77.5155|81.6777|87.5513|82.1758|80.8283|79.8455|83.3765|85.0225|75.3644|85.1252,928|0|5|1|0|4|6|2|14|3|0|976|1|2|1|1|0|4|178|1|27|20|721|46|19|5|20|22|81|8|17|15|2|859|0|20|2|14|95|9|5|14|1|6|714|4|31|8|52|159|58|10|1|60|5|602|28|0|74|31|17|4|2|0|5|2|927|0|34|0|9|8|5|21|6|2|0|931|14|49|12|7|0|11|2|5|5|2|924|14|7|4|0|21|9|5|1|32|50|861
7,tanh,leaky_relu,0.5,interleave,128,0.1,10,ce,ok,84.2106,84.0378,82.66,81.927,82.65,81.7721,86.92,9,7.09219|5.02332|4.7599|4.67333|4.6064|4.48789|4.45289|4.41974|4.36877|4.41052,71.92|81.82|82.7733|83.0867|83.3289|83.7578|83.8844|84.0044|84.1889|84.0378,82.4|85.08|84.56|80.9|83.84|85.92|85.16|85.42|86.92|82.66,81.901|85.0186|84.2943|81.1448|83.6504|85.8282|84.8961|85.3324|87.0782|81.927,762|0|25|12|5|18|114|9|18|0|0|1099|9|31|10|0|0|7|4|4|0|7|837|40|30|2|15|13|19|6|0|3|31|938|6|5|3|22|20|5|0|5|10|6|914|0|11|25|3|20|7|11|11|97|32|424|32|10|222|23|0|2|11|2|20|2|936|1|14|3|12|0|11|13|21|1|0|955|2|30|1|10|31|87|58|4|11|18|736|26|4|0|3|39|136|0|5|133|6|664
5,tanh,leaky_relu,0.5,interleave,128,0.1,10,ce,ok,84.278,84.6622,82.54,82.2436,82.24,81.8676,87.52,5,6.9317|5.03253|4.59228|4.54315|4.43324|4.41789|4.31842|4.37675|4.3|4.23798,72.0089|81.7867|83.38|83.5578|83.9556|84.0111|84.3711|84.16|84.4378|84.6622,82.22|84.04|85.92|80.6|87.52|86.58|85.22|85.96|79.6|82.54,82.2137|83.7592|85.6813|80.7765|87.4762|86.4075|85.177|86.1443|79.4562|82.2436,925|0|19|0|3|4|5|4|2|1|0|1046|25|35|3|12|4|22|15|2|19|1|874|8|23|1|18|10|14|1|31|4|274|631|6|59|2|9|15|2|5|1|21|12|904|4|24|2|11|10|90|3|16|35|26|638|37|5|16|3|24|2|17|1|54|6|886|0|1|0|4|1|37|16|21|3|0|924|2|37|30|24|63|50|8|60|25|5|715|2|15|2|15|27|108|37|7|75|23|681
9,tanh,leaky_relu,0.5,interleave,128,0.1,10,ce,ok,97.5761,84.4511,83.02,82.9279,83.7,83.3699,87.58,9,6.91504|5.15533|4.82315|4.56894|4.54868|4.47807|4.56342|4.42956|4.39272|4.29632,72.3867|81.3422|82.5444|83.4644|83.5378|83.7933|83.4844|83.9689|84.1022|84.4511,80.88|78.42|80.76|78.5|80.74|86.24|85.56|84.88|87.58|83.02,80.7153|77.1073|80.1531|77.4188|79.764|86.0486|85.5317|84.9344|87.5292|82.9279,910|0|16|12|0|5|5|0|2|13|0|1051|1|5|30|25|0|3|44|5|7|63|661|119|18|14|23|39|11|14|0|10|6|948|1|23|2|12|11|20|2|0|12|0|829|8|43|3|2|95|39|1|7|140|11|629|5|4|7|26|25|0|47|7|3|39|844|0|17|9|8|3|1|12|20|3|3|932|3|60|20|15|10|77|4|75|4|3|674|100|13|0|1|16|31|8|0|27|2|892
10,tanh,leaky_relu,0.5,interleave,128,0.1,10,ce,ok,97.5946,85.0311,83.42,83.2431,83.66,83.206,85.5,8,6.78512|5.20507|4.78324|4.6285|4.47561|4.47745|4.39088|4.21281|4.30737|4.13606,72.62|81.1622|82.6889|83.2489|83.8022|83.7956|84.1089|84.7533|84.4111|85.0311,83.22|75.36|75.96|83.32|77.54|85.36|82.7|85.5|82.86|83.42,82.8475|75.5877|75.8851|83.4794|75.0536|85.2593|82.4818|85.524|82.8732|83.2431,935|1|1|1|1|11|3|3|6|1|0|1117|5|1|1|1|0|2|37|0|18|12|774|9|13|7|19|91|14|12|9|18|15|848|3|37|7|66|9|21|8|6|4|0|879|17|7|45|15|13|21|10|10|62|4|696|21|11|26|8|8|1|5|0|9|33|888|1|44|2|10|14|2|1|11|2|0|1000|0|5|11|55|24|13|5|118|6|72|577|101|12|12|1|10|113|10|1|171|8|652
