seed,act1,act2,ratio,layout,hidden,lr,epochs,loss,status,seconds,train_acc,val_acc,val_f1,test_acc,test_f1,best_val_acc,best_val_epoch,epoch_loss,epoch_train_acc,epoch_val_acc,epoch_val_f1,test_confusion
1,relu,relu,0,interleave,64,0.001,10,ce,ok,41.483,97.5222,96.88,96.8754,96.64,96.5992,96.88,10,0.712598|0.288914|0.224015|0.181934|0.152667|0.131806|0.11616|0.102518|0.0918447|0.0831861,80.5333|91.7067|93.5311|94.8467|95.6822|96.2133|96.5889|97.0822|97.3756|97.5222,90.68|92.3|93.98|94.94|95.12|95.4|95.96|96.14|96.06|96.88,90.5762|92.228|93.951|94.9217|95.094|95.3844|95.9578|96.1346|96.0667|96.8754,948|0|0|1|1|2|4|0|6|1|0|1146|2|1|3|2|0|2|7|1|3|5|924|8|10|1|6|3|9|0|0|4|5|977|1|26|0|10|7|3|0|0|4|1|966|1|6|3|3|10|1|2|5|5|0|844|5|1|4|2|3|1|0|0|1|6|972|0|8|0|2|1|5|4|6|1|0|1016|1|9|2|5|2|7|4|7|1|4|948|2|2|4|2|7|21|14|0|13|4|923
2,relu,relu,0,interleave,64,0.001,10,ce,ok,41.4903,97.6267,96.5,96.4859,96.57,96.5281,96.54,8,0.739714|0.286241|0.216343|0.17274|0.144543|0.124538|0.108401|0.0963395|0.0870535|0.0789023,79.1111|91.7933|93.82|94.9689|95.8022|96.3378|96.8267|97.1333|97.3889|97.6267,90.88|93.34|94.6|95.46|95.38|96.04|96.2|96.54|96.28|96.5,90.7818|93.3079|94.5831|95.4433|95.3634|96.0251|96.1888|96.5333|96.2741|96.4859,951|0|0|1|1|3|2|0|3|2|0|1150|2|1|2|0|1|3|3|2|5|6|922|9|4|1|6|7|7|2|1|3|7|992|0|14|0|9|2|5|3|1|4|0|938|2|8|1|2|35|2|2|4|8|0|827|8|1|4|13|5|1|0|0|2|3|975|0|5|0|2|1|5|4|4|3|0|1005|1|20|6|4|3|13|3|7|3|0|934|9|2|0|1|7|7|3|0|7|0|963
3,relu,relu,0,interleave,64,0.001,10,ce,ok,41.7927,97.6978,96.56,96.5582,96.74,96.6922,96.76,9,0.705606|0.285661|0.218876|0.17661|0.149453|0.12929|0.11344|0.10032|0.0900226|0.0804272,80.6956|91.7133|93.7511|94.82|95.6444|96.1978|96.6444|97.0733|97.34|97.6978,90.08|93.04|94.08|94.68|95.68|95.74|96.4|96.32|96.76|96.56,89.9856|92.9718|94.0402|94.6625|95.6689|95.7284|96.3847|96.3091|96.7575|96.5582,952|0|1|1|1|1|3|0|3|1|0|1153|2|0|3|0|0|3|2|1|3|3|934|6|1|1|8|7|5|1|0|2|6|990|1|14|0|13|6|1|4|0|5|1|935|1|12|4|1|31|0|1|4|12|1|833|7|0|5|6|3|1|0|0|1|6|978|0|2|0|1|0|9|0|2|2|0|1018|0|13|2|6|7|11|0|13|10|1|926|6|3|2|1|5|8|2|0|13|1|955
4,relu,relu,0,interleave,64,0.001,10,ce,ok,41.7916,97.62,96.78,96.7772,96.67,96.6357,96.78,10,0.72812|0.290178|0.225297|0.182003|0.153352|0.132516|0.116094|0.103022|0.0921784|0.0829317,80.6089|91.7911|93.4933|94.7756|95.5689|96.24|96.6778|97.0044|97.4022|97.62,90.68|92.3|94.3|95.18|95.56|95.96|96.18|96.62|96.42|96.78,90.6314|92.2491|94.2822|95.1553|95.5464|95.9465|96.1769|96.6183|96.4178|96.7772,950|0|0|1|1|1|1|0|7|2|0|1142|6|2|3|1|0|3|6|1|5|3|922|9|5|1|2|11|10|1|1|3|3|984|1|20|1|10|7|3|0|0|6|0|958|1|1|1|4|23|1|1|4|8|1|836|8|0|5|5|8|1|2|1|4|6|959|0|10|0|0|0|5|4|7|1|1|1013|3|11|5|6|2|6|1|6|1|0|953|2|2|2|0|5|14|4|0|10|3|950
5,relu,relu,0,interleave,64,0.001,10,ce,ok,41.7932,97.5089,96.82,96.8163,96.73,96.6866,96.88,9,0.70544|0.289077|0.224828|0.184327|0.155211|0.134041|0.11724|0.104578|0.0936514|0.0847515,81.1756|91.6356|93.6067|94.68|95.4511|96.0644|96.5489|96.9044|97.2689|97.5089,90.14|92.34|93.6|94.32|95.64|95.92|96.16|96.46|96.88|96.82,90.0296|92.3079|93.5586|94.2879|95.6277|95.9144|96.1375|96.4482|96.8816|96.8163,947|0|1|1|1|2|5|0|5|1|0|1154|3|2|2|0|1|1|0|1|4|3|936|7|5|0|3|3|7|1|1|4|6|990|1|14|1|7|5|4|0|1|4|0|962|2|5|0|2|18|2|1|7|15|0|828|7|0|5|4|6|1|1|3|1|7|970|0|2|0|0|3|12|8|7|1|0|1000|2|12|3|7|2|13|3|11|1|1|938|3|5|2|1|8|10|5|0|10|1|948
6,relu,relu,0,interleave,64,0.001,10,ce,ok,41.7964,97.6156,96.62,96.6195,96.56,96.5271,96.62,10,0.733469|0.278757|0.210058|0.17039|0.143333|0.12417|0.110091|0.098187|0.0884982|0.0807608,79.1667|92.0378|93.9689|95.1444|95.8667|96.4556|96.8133|97.1356|97.4489|97.6156,90.68|93.42|94.58|95.18|95.58|95.88|96.6|96.48|96.52|96.62,90.6232|93.3878|94.5723|95.1799|95.5673|95.89|96.5903|96.4787|96.5096|96.6195,951|0|0|1|1|1|2|0|6|1|0|1142|4|2|4|1|2|3|4|2|3|2|932|1|5|2|2|4|15|3|2|3|7|980|1|11|1|12|7|9|3|0|6|0|944|1|8|2|2|28|1|1|4|11|1|825|10|0|8|8|8|1|0|0|3|5|971|0|3|0|1|1|6|3|4|0|0|1008|1|21|6|4|0|13|2|4|3|1|945|4|4|0|1|6|9|0|0|9|3|958
7,relu,relu,0,interleave,64,0.001,10,ce,ok,41.0559,97.6667,96.7,96.6993,96.59,96.5558,96.7,10,0.70286|0.28921|0.227284|0.18062|0.15039|0.129075|0.112277|0.0998621|0.089735|0.0800076,80.8511|91.5067|93.3222|94.7378|95.6267|96.2244|96.74|97.0867|97.3444|97.6667,90.12|92.76|93.82|94.68|95.32|95.86|96.02|96.36|96.34|96.7,90.0603|92.7168|93.7962|94.6538|95.2929|95.8597|96.013|96.3499|96.3341|96.6993,934|0|0|1|1|3|5|0|14|5|0|1143|4|0|5|0|0|1|10|1|3|2|919|15|8|3|4|2|11|2|1|3|2|985|1|19|0|9|12|1|0|0|4|1|960|1|5|1|5|17|0|1|4|2|0|847|2|0|9|4|3|1|0|0|2|12|966|0|7|0|1|2|7|6|6|1|0|1009|1|12|1|4|1|11|0|7|2|0|951|5|3|0|0|9|16|6|0|9|2|945
8,relu,relu,0,interleave,64,0.001,10,ce,ok,41.0596,97.7089,96.96,96.9554,96.68,96.6427,96.96,10,0.720777|0.293505|0.227399|0.182232|0.150853|0.12783|0.112212|0.0979225|0.0878051|0.0786202,80.8311|91.64|93.5|94.7289|95.6578|96.3267|96.7511|97.18|97.5044|97.7089,89.92|92.28|94.04|94.94|95.32|96.16|96.44|96.3|96.58|96.96,89.8624|92.229|94.0272|94.9308|95.3048|96.1568|96.4354|96.301|96.5729|96.9554,945|0|0|1|1|0|4|0|8|4|0|1151|4|0|3|0|0|1|4|1|2|1|931|7|6|0|7|7|7|1|0|4|6|992|1|9|0|11|5|5|0|0|7|0|948|1|8|1|2|27|0|1|3|22|0|814|9|1|10|9|5|1|0|1|3|2|977|0|2|0|3|2|7|1|5|0|1|1008|1|17|6|6|2|9|2|1|4|1|944|7|4|2|0|5|11|0|0|9|1|958
9,relu,relu,0,interleave,64,0.001,10,ce,ok,39.5875,97.6978,96.74,96.745,96.79,96.75,96.76,9,0.71523|0.288558|0.218912|0.175162|0.145311|0.123352|0.108152|0.0961565|0.0867687|0.0785596,79.8667|91.6044|93.72|94.9667|95.8689|96.4244|96.8444|97.2911|97.4667|97.6978,89.66|93.02|93.64|94.78|95.7|96.14|96.24|96.36|96.76|96.74,89.6005|93.0088|93.6193|94.7659|95.6897|96.1269|96.2342|96.3494|96.7571|96.745,947|0|2|1|2|2|5|1|2|1|0|1152|2|0|3|0|1|1|5|0|0|3|943|3|6|0|4|4|6|0|0|1|9|991|0|19|0|10|2|1|0|1|8|0|966|0|9|2|1|7|0|2|8|8|0|837|4|0|5|5|2|1|1|0|1|7|977|0|2|0|0|3|9|2|6|0|1|1017|1|6|2|8|6|17|5|7|7|0|926|4|4|2|1|9|24|4|1|20|2|923
10,relu,relu,0,interleave,64,0.001,10,ce,ok,39.5909,97.78,96.8,96.8019,96.89,96.8565,96.8,10,0.736758|0.282869|0.216288|0.17283|0.144438|0.124296|0.109226|0.0962578|0.0868013|0.0774106,79.0644|91.8267|93.8044|95.0756|95.8244|96.3578|96.7911|97.26|97.4622|97.78,90.56|92.86|94.34|95.4|95.64|96.04|96.44|96.72|96.36|96.8,90.4746|92.8452|94.3204|95.4021|95.6253|96.0298|96.4435|96.7273|96.3502|96.8019,950|0|1|0|1|2|2|0|5|2|0|1148|3|2|3|0|0|3|4|1|1|3|938|6|4|1|1|5|8|2|0|5|6|995|1|11|0|8|5|2|1|0|7|0|947|0|6|0|6|27|1|4|4|15|0|822|6|0|11|6|5|1|3|0|2|7|969|0|4|0|1|3|5|5|2|0|0|1014|2|13|2|5|3|8|1|2|3|0|957|1|1|2|0|8|12|3|0|8|7|949
2,relu,relu,0,interleave,64,0.003,10,ce,ok,41.2706,98.8444,97.14,97.1463,97.01,96.9672,97.32,8,0.442931|0.173885|0.123869|0.0963884|0.0812538|0.0674177|0.056075|0.0489413|0.0431564|0.0366174,86.8444|94.8156|96.2733|97.0622|97.4244|97.8844|98.2622|98.4756|98.6222|98.8444,93.96|95.48|96.02|96.7|96.4|96.9|97.08|97.32|97.28|97.14,93.9217|95.4658|96.0172|96.6883|96.4003|96.9019|97.0619|97.3078|97.2774|97.1463,949|1|0|1|2|2|4|0|1|3|0|1160|0|1|0|0|0|2|1|0|7|3|927|11|2|2|3|6|6|2|1|2|4|1005|0|9|0|4|6|2|2|0|3|0|931|1|6|1|2|48|1|0|5|12|1|831|5|0|5|9|4|1|0|1|2|7|975|0|1|0|0|2|7|5|2|2|0|999|1|27|4|4|6|5|1|3|4|0|950|5|2|0|0|3|1|5|0|4|1|974
1,relu,relu,0,interleave,64,0.003,10,ce,ok,41.2697,98.8156,97.6,97.5918,97.27,97.2394,97.6,10,0.442549|0.177568|0.126188|0.10154|0.0827648|0.0706151|0.0596251|0.0518145|0.0447202|0.0370584,87.02|94.7467|96.2556|96.9533|97.4489|97.8244|98.0822|98.3578|98.5778|98.8156,93.72|95.04|95.54|96.52|96.34|96.98|97.1|96.92|97.22|97.6,93.6869|95.0219|95.5527|96.5073|96.3224|96.9724|97.1025|96.8965|97.2103|97.5918,946|1|0|0|1|4|3|1|5|2|0|1150|1|0|3|1|0|3|5|1|1|5|930|7|8|1|4|5|7|1|1|5|7|981|1|20|0|5|9|4|0|0|4|0|965|1|4|4|2|14|0|2|4|6|1|845|5|0|5|1|1|2|0|0|1|4|979|0|4|0|0|3|5|5|4|1|0|1018|1|8|2|5|3|2|1|4|2|0|961|2|1|0|1|4|14|10|0|4|4|952
4,relu,relu,0,interleave,64,0.003,10,ce,ok,41.5368,98.7444,97.34,97.344,97.55,97.5254,97.42,7,0.439345|0.176052|0.126426|0.100956|0.0840691|0.070524|0.0612875|0.0526635|0.0466554|0.0400374,87.3378|94.7289|96.1289|96.9644|97.4711|97.82|98.0556|98.3222|98.5178|98.7444,94.02|95.1|96.38|96.76|96.62|96.8|97.42|97.02|97.02|97.34,94.0152|95.0992|96.3832|96.7587|96.6109|96.7942|97.4169|97.0199|97.0172|97.344,958|0|0|0|1|0|1|0|1|2|0|1148|1|1|1|0|0|3|8|2|3|2|938|10|4|1|0|4|6|1|0|3|3|996|0|14|0|5|6|6|0|0|5|0|959|0|1|1|2|26|0|0|2|10|0|839|6|1|9|2|3|1|0|1|3|4|975|0|4|0|0|0|5|8|4|1|0|1018|1|8|6|2|4|4|0|2|0|0|961|3|5|0|0|2|3|3|0|9|5|963
3,relu,relu,0,interleave,64,0.003,10,ce,ok,41.5389,98.7111,97.62,97.612,97.49,97.4499,97.62,10,0.428684|0.173128|0.124546|0.0966809|0.0803099|0.0680847|0.0588045|0.0509311|0.0422085|0.039098,87.4689|94.8733|96.2422|97.1178|97.4667|97.8733|98.18|98.3267|98.6467|98.7111,92.14|95.28|96.5|96.2|96.58|96.92|97.18|97.28|97.56|97.62,92.1439|95.2548|96.4982|96.189|96.5823|96.9063|97.1752|97.2736|97.5591|97.612,954|0|0|0|1|0|3|0|3|2|0|1150|1|2|2|0|0|5|4|0|1|4|946|2|2|4|3|6|1|0|0|0|6|991|1|25|0|7|2|1|0|0|5|0|956|1|7|6|2|17|0|0|3|2|1|845|6|0|5|7|4|0|0|0|2|5|977|0|3|0|0|1|5|0|2|3|0|1026|1|7|6|5|5|8|0|9|3|2|938|6|3|0|1|1|5|2|1|11|0|966
5,relu,relu,0,interleave,64,0.003,10,ce,ok,42.0853,98.8022,97.22,97.2198,97.26,97.2283,97.22,10,0.4339|0.18076|0.129709|0.103746|0.0837929|0.0715278|0.0611396|0.0533513|0.0470264|0.0395512,87.6444|94.6111|96.0978|96.7467|97.4244|97.8289|98.1178|98.2911|98.5311|98.8022,93.56|94.92|94.86|96.04|96.52|96.38|96.74|96.78|96.9|97.22,93.5233|94.9156|94.8863|96.0358|96.5218|96.3736|96.7254|96.7664|96.9027|97.2198,951|0|0|1|1|2|1|0|6|1|0|1150|3|5|0|0|0|2|4|0|1|5|946|8|3|1|2|2|1|0|1|2|6|1002|0|16|0|2|3|1|1|0|5|2|964|2|2|0|1|17|1|1|4|13|0|835|5|0|7|3|5|0|2|2|3|7|968|0|4|0|0|2|14|12|2|0|0|1002|2|11|3|5|2|11|2|7|2|0|943|7|5|0|0|5|4|3|0|6|2|965
6,relu,relu,0,interleave,64,0.003,10,ce,ok,42.0943,98.8089,96.9,96.9117,96.84,96.8251,97.3,7,0.438054|0.168062|0.120431|0.0974605|0.0810535|0.068786|0.05869|0.0500356|0.0422407|0.0375574,87.02|95.0689|96.3311|97.0689|97.5289|97.8756|98.1644|98.4|98.6333|98.8089,94.38|96.16|95.88|96.52|96.88|97.16|97.3|97.18|97.26|96.9,94.3614|96.147|95.8665|96.5261|96.8855|97.1564|97.296|97.1725|97.2637|96.9117,954|0|3|0|1|0|1|0|3|1|0|1137|4|0|4|1|0|3|14|1|3|1|944|3|0|1|3|2|9|3|0|2|5|989|1|12|0|7|13|4|4|0|8|0|919|0|9|4|4|46|0|1|2|5|0|840|9|0|5|7|6|1|0|0|2|3|976|0|2|1|1|1|11|8|0|1|1|999|1|22|5|3|1|4|0|3|4|1|956|5|3|0|0|6|1|1|0|6|3|970
7,relu,relu,0,interleave,64,0.003,10,ce,ok,41.9437,98.88,97,96.9963,97.34,97.2951,97.26,9,0.433824|0.176877|0.123557|0.0957706|0.0793901|0.0670933|0.0572567|0.0481122|0.0434763|0.0351374,87.3511|94.6244|96.2111|97.12|97.5578|97.9444|98.2111|98.4556|98.6867|98.88,94.02|95.3|96.24|96.36|96.56|97.12|96.86|97|97.26|97,93.9944|95.3044|96.2221|96.3537|96.5443|97.1094|96.8464|97.0095|97.2481|96.9963,951|0|1|0|1|2|3|0|3|2|0|1150|1|1|3|2|0|3|4|0|0|1|943|8|3|3|3|3|5|0|0|1|5|1000|0|20|0|5|2|0|1|0|6|0|957|1|6|2|2|19|0|0|4|4|1|850|4|1|3|2|3|1|0|1|1|13|970|0|2|0|0|1|6|7|2|1|0|1020|1|7|1|3|3|11|1|11|2|1|948|1|2|0|0|10|6|14|0|9|4|945
8,relu,relu,0,interleave,64,0.003,10,ce,ok,41.9536,98.8044,97.02,97.0181,96.99,96.9621,97.2,9,0.442134|0.17846|0.125667|0.100421|0.0814987|0.0687896|0.0599102|0.0517192|0.0417352|0.0368406,87.3444|94.7|96.2044|96.96|97.6311|97.8956|98.0956|98.3822|98.66|98.8044,93.98|95.5|96.38|96.98|96.58|96.92|97.14|96.8|97.2|97.02,93.9637|95.4829|96.3728|96.9773|96.5902|96.9136|97.1345|96.804|97.1904|97.0181,932|0|1|2|2|1|5|2|7|11|0|1153|2|2|0|0|1|3|2|1|1|4|927|10|7|0|4|7|6|3|0|4|4|1002|0|9|0|8|2|4|0|0|5|0|952|1|9|3|1|23|0|1|2|13|0|834|5|1|5|8|4|1|0|0|3|4|977|0|2|0|0|2|11|4|4|0|1|1004|1|18|4|3|2|5|1|6|3|1|950|7|1|1|0|4|6|2|0|6|2|968
10,relu,relu,0,interleave,64,0.003,10,ce,ok,42.1231,98.8711,97.02,97.0249,96.86,96.8338,97.02,8,0.441718|0.172082|0.122922|0.0969052|0.079599|0.0672222|0.0580502|0.0494092|0.0423499|0.0359743,86.9067|94.8556|96.3089|97.1267|97.5533|97.9244|98.1978|98.4356|98.5956|98.8711,94.06|95.12|96.42|96.66|96.76|96.92|97|97.02|96.56|97.02,94.0251|95.1244|96.4114|96.6635|96.7634|96.9209|97.0013|97.0273|96.5447|97.0249,949|0|2|0|3|0|2|0|1|6|0|1154|1|0|3|0|0|2|2|2|1|8|922|7|7|1|4|15|2|2|0|7|3|986|2|15|0|10|2|8|0|0|2|0|969|0|4|1|0|18|0|1|2|7|3|829|7|0|6|14|6|3|0|0|4|3|974|0|1|0|0|3|5|3|3|0|0|1011|0|20|5|7|3|7|7|7|2|2|917|25|2|0|0|0|8|1|0|4|0|975
9,relu,relu,0,interleave,64,0.003,10,ce,ok,42.1329,98.8156,97.18,97.1657,97.35,97.3176,97.18,10,0.436979|0.171153|0.124812|0.0982135|0.0811957|0.0685034|0.0586265|0.050109|0.0428711|0.0374779,87.2311|94.9133|96.2222|97.0733|97.5333|97.88|98.1711|98.4622|98.72|98.8156,92.96|95.38|95.42|96.48|96.8|96.8|96.44|97.1|97.12|97.18,92.9576|95.3936|95.4472|96.4833|96.7995|96.7951|96.4222|97.1007|97.1111|97.1657,952|1|2|0|1|0|3|1|1|2|0|1154|1|2|2|0|0|3|2|0|0|5|942|9|3|1|1|6|2|0|0|1|6|1005|1|9|0|9|2|0|0|0|6|0|966|0|10|6|1|5|1|0|6|13|0|836|2|2|6|3|6|2|2|0|2|3|974|0|2|0|0|0|6|3|2|0|1|1028|1|4|6|6|7|5|1|5|6|1|942|3|3|0|0|9|16|7|0|17|2|936
1,relu,relu,0,interleave,64,0.01,10,ce,ok,42.1872,98.5644,96.78,96.7739,97.2,97.1661,97.34,7,0.307001|0.138988|0.101243|0.0854095|0.0714838|0.0619403|0.0552441|0.0478163|0.046333|0.0455575,90.5933|95.8044|96.9578|97.3311|97.8|98.0378|98.3067|98.5156|98.5422|98.5644,95.06|94.76|96.46|96.8|96.08|96.56|97.34|96.78|96.2|96.78,95.0548|94.7364|96.4656|96.79|96.0909|96.558|97.3359|96.772|96.2246|96.7739,950|0|0|1|1|0|5|0|5|1|0|1152|2|1|2|0|0|2|3|2|6|7|928|7|3|0|3|8|7|0|0|2|5|999|1|7|0|8|11|0|0|0|3|0|968|0|10|2|6|5|4|3|2|15|0|823|6|1|8|7|3|1|0|2|2|0|980|0|3|0|3|3|3|0|5|0|0|1020|2|9|2|3|4|3|1|3|2|3|957|4|2|1|1|4|19|4|1|8|7|943
2,relu,relu,0,interleave,64,0.01,10,ce,ok,42.1889,98.6978,97.14,97.1238,97.39,97.3508,97.14,10,0.306577|0.140242|0.103694|0.0857645|0.0740181|0.061217|0.0540116|0.0534479|0.0470778|0.0407967,90.6244|95.7444|96.7933|97.2667|97.6689|98.0467|98.3267|98.2556|98.3844|98.6978,94.6|95.66|96.24|96.52|96.8|96.36|96.04|96.54|96.78|97.14,94.6204|95.6475|96.244|96.5242|96.7943|96.3631|96.0601|96.5311|96.771|97.1238,950|0|0|1|1|0|8|0|2|1|0|1150|2|0|2|0|0|3|4|3|4|5|932|5|1|3|8|4|6|1|1|1|10|995|1|14|0|5|4|2|2|0|4|0|966|1|8|1|0|12|1|4|1|9|2|832|11|1|4|4|3|1|0|1|2|1|982|0|1|0|1|1|2|2|5|4|0|1018|2|10|5|0|5|3|4|3|7|0|951|4|2|1|0|3|14|1|0|4|2|963
3,relu,relu,0,interleave,64,0.01,10,ce,ok,42.0916,98.4956,96.94,96.9342,96.86,96.822,96.94,10,0.305839|0.140887|0.105705|0.086909|0.074055|0.0656463|0.0581611|0.0536308|0.0490351|0.0474538,90.6044|95.6267|96.8111|97.2956|97.6556|97.9578|98.1733|98.3467|98.4578|98.4956,92.32|95.9|96.38|96.04|96.48|96.92|96.54|96.1|96.54|96.94,92.4039|95.8847|96.3883|96.0233|96.4725|96.9246|96.5432|96.0699|96.5335|96.9342,941|0|0|0|0|3|13|0|3|3|0|1156|1|0|0|1|0|3|3|0|1|13|924|5|5|1|4|4|9|3|1|2|5|985|0|25|0|7|7|1|1|2|6|0|946|1|13|4|2|19|0|1|1|8|0|849|5|0|3|2|4|1|0|1|1|6|976|0|2|0|1|3|9|1|1|2|1|1019|1|7|4|8|1|17|2|9|4|1|933|3|4|0|2|8|5|4|0|6|4|957
4,relu,relu,0,interleave,64,0.01,10,ce,ok,42.0916,98.5267,97.04,97.0167,97.19,97.143,97.08,4,0.310758|0.145544|0.111381|0.0896922|0.0736046|0.0693442|0.0581977|0.0526014|0.0463233|0.0450391,90.4822|95.5333|96.6356|97.2022|97.7089|97.7867|98.12|98.2978|98.52|98.5267,93.86|95.56|96.46|97.08|96.34|96.74|96.58|96.56|96.56|97.04,93.9041|95.5707|96.4562|97.0775|96.3047|96.7272|96.5744|96.5515|96.5545|97.0167,956|0|2|1|1|0|0|0|1|2|0|1155|2|1|0|0|0|3|3|0|4|1|950|3|2|0|3|3|0|3|2|0|12|988|0|15|0|10|3|3|5|0|3|0|962|0|5|3|2|14|5|2|1|10|1|836|6|0|4|4|9|2|0|1|3|4|972|0|0|0|1|2|7|0|3|0|0|1027|1|4|8|4|20|8|3|7|0|0|921|11|2|2|0|3|13|5|0|13|0|952
5,relu,relu,0,interleave,64,0.01,10,ce,ok,42.064,98.7022,96.72,96.7277,96.93,96.8935,97.04,8,0.30455|0.135083|0.102447|0.0852198|0.0727412|0.061691|0.0537965|0.0477921|0.0448893|0.0400254,90.7156|95.8756|96.8422|97.3311|97.7022|98.0422|98.2222|98.4844|98.5933|98.7022,95.3|93.04|95.48|96.14|96.94|96.52|96.96|97.04|96.9|96.72,95.2795|93.0574|95.4841|96.1325|96.9433|96.5197|96.9495|97.0253|96.8963|96.7277,950|0|0|0|1|1|1|0|5|5|0|1151|1|2|3|0|0|2|5|0|2|3|924|16|8|0|1|4|8|3|0|2|4|1008|1|11|0|1|1|5|1|0|5|0|963|0|8|2|2|13|0|1|1|18|0|833|5|0|3|8|6|1|2|1|0|3|976|0|2|0|0|1|3|24|4|2|0|998|1|12|2|2|5|11|0|18|4|1|925|14|4|0|0|1|14|0|0|6|0|965
6,relu,relu,0,interleave,64,0.01,10,ce,ok,42.0662,98.6289,96.74,96.7345,96.93,96.8932,97.26,7,0.303268|0.141234|0.107171|0.0857161|0.0743506|0.0644641|0.0584285|0.0517399|0.0465241|0.0425442,90.6067|95.7378|96.6578|97.4556|97.6956|98.0356|98.0822|98.28|98.4822|98.6289,94.6|96.1|95.9|96.94|96.58|96.74|97.26|96.9|96.26|96.74,94.5993|96.0984|95.9028|96.963|96.5698|96.7389|97.2614|96.8931|96.2877|96.7345,954|0|2|1|0|1|1|0|3|1|0|1149|2|2|0|0|0|5|5|1|1|2|934|10|2|2|0|9|8|1|1|0|7|1002|0|10|0|7|6|0|1|1|11|2|933|1|8|3|5|29|2|1|3|14|0|839|0|0|6|4|6|0|3|2|1|7|968|0|4|0|2|0|6|3|2|0|0|1021|2|9|3|3|1|11|1|6|2|1|951|3|5|0|2|15|1|7|0|8|10|942
7,relu,relu,0,interleave,64,0.01,10,ce,ok,42.0797,98.6911,96.54,96.5393,96.64,96.6066,97.12,9,0.30329|0.140355|0.103859|0.0821035|0.0703435|0.063307|0.0560294|0.0481853|0.042735|0.0396125,90.6667|95.7444|96.8289|97.4911|97.7022|98.0067|98.2156|98.4467|98.6311|98.6911,94.62|95.34|96.4|96.04|96.7|96.68|96.9|96.94|97.12|96.54,94.6154|95.3282|96.3952|96.0362|96.6979|96.6796|96.8935|96.934|97.127|96.5393,943|2|0|0|3|0|9|1|3|2|0|1153|1|0|2|1|0|4|3|0|4|9|877|23|9|0|6|24|15|2|1|5|4|975|1|25|0|8|7|7|0|0|1|0|958|3|10|2|1|19|0|1|0|3|1|855|3|0|5|1|2|3|0|1|2|9|971|0|2|1|1|2|2|2|3|2|0|1022|0|11|2|10|2|4|0|8|3|1|948|4|2|3|0|4|4|3|0|9|3|962
8,relu,relu,0,interleave,64,0.01,10,ce,ok,42.0925,98.8533,96.78,96.7601,97.3,97.2408,97.3,5,0.308107|0.14183|0.106035|0.088501|0.0762978|0.0647311|0.0555422|0.0501233|0.0471362|0.0368421,90.6244|95.6978|96.7889|97.2333|97.6911|97.9533|98.22|98.3711|98.4978|98.8533,95.62|95.78|96.72|96.46|97.3|96.68|97.02|96.28|97.18|96.78,95.6096|95.7671|96.7116|96.4414|97.3081|96.6892|97.0373|96.2901|97.1826|96.7601,955|0|0|0|1|0|0|0|4|3|0|1153|3|2|2|0|0|2|2|0|1|1|946|6|5|1|0|4|5|0|0|2|6|1010|0|4|0|5|5|1|1|1|3|0|968|1|5|1|2|12|2|1|3|40|0|793|9|2|14|5|5|2|1|1|2|3|972|0|5|0|1|1|10|4|4|0|0|1020|2|3|3|4|6|1|1|2|1|1|960|3|3|0|0|6|6|1|0|15|6|953
9,relu,relu,0,interleave,64,0.01,10,ce,ok,42.0421,98.6422,96.76,96.7665,97.01,96.9921,96.96,6,0.303853|0.139539|0.106068|0.0849403|0.0715179|0.0622488|0.0585894|0.0536204|0.0490202|0.0426701,90.8089|95.7422|96.7111|97.4|97.7644|97.9756|98.0778|98.3156|98.4511|98.6422,94.48|95.98|95.54|96.46|96.7|96.96|96.6|96.96|96.96|96.76,94.4812|95.9812|95.5723|96.4506|96.6953|96.9606|96.5989|96.953|96.971|96.7665,948|0|2|2|2|0|7|1|0|1|0|1153|1|2|5|0|0|1|2|0|1|1|941|15|3|0|1|3|4|0|0|1|2|1017|0|5|0|3|3|2|0|0|4|1|965|0|7|4|1|12|1|1|1|27|0|827|3|0|9|0|1|1|0|1|1|5|976|0|6|0|1|5|7|17|5|2|0|993|1|14|2|8|3|11|2|6|7|1|938|4|2|0|1|15|13|3|0|10|3|943
10,relu,relu,0,interleave,64,0.01,10,ce,ok,42.0443,98.5889,96.82,96.8435,96.77,96.7357,96.82,4,0.309323|0.139144|0.105016|0.0866518|0.0726208|0.0629408|0.0571926|0.0513164|0.0411767|0.0427107,90.5667|95.8089|96.7756|97.2822|97.7778|97.9956|98.1733|98.3533|98.6289|98.5889,95.2|95.8|96.58|96.82|96.68|96.6|96.76|96.58|95.92|96.82,95.1867|95.7981|96.5807|96.8137|96.6566|96.5974|96.7602|96.5893|95.9174|96.8435,948|0|3|0|1|2|2|1|3|3|0|1146|0|1|0|0|0|5|9|3|5|3|912|17|0|2|3|12|12|3|0|1|2|1001|1|10|0|6|5|7|0|0|4|1|907|1|18|2|7|54|1|0|0|12|0|834|5|1|7|9|2|1|0|1|0|5|981|0|1|0|0|3|3|4|0|1|1|1025|0|8|3|4|3|0|1|4|4|0|952|11|2|0|0|3|1|1|0|11|1|971
1,relu,relu,0,interleave,64,0.03,10,ce,ok,42.1451,96.4578,95.34,95.3266,95.49,95.4234,95.72,7,0.357581|0.234577|0.19859|0.186362|0.177555|0.161696|0.163584|0.164986|0.156927|0.148571,89.6267|93.7556|94.8511|95.2533|95.5467|95.9889|96.0222|96.0556|96.2822|96.4578,93.54|93.44|94.5|95.4|94.14|95.32|95.72|95.38|94.9|95.34,93.5535|93.4792|94.4916|95.3822|94.1201|95.3043|95.7265|95.3652|94.9044|95.3266,909|0|11|1|1|13|14|0|12|2|0|1138|3|3|4|1|7|0|6|2|1|1|907|13|3|20|3|4|16|1|0|0|4|991|1|18|0|5|7|7|2|0|5|0|944|3|5|6|7|22|0|0|1|14|0|836|8|1|5|4|0|0|4|1|6|15|962|0|3|0|0|11|12|5|4|2|0|994|1|16|0|5|2|10|0|24|1|2|931|7|1|1|0|12|10|5|1|11|12|937
2,relu,relu,0,interleave,64,0.03,10,ce,ok,42.1482,96.0111,95.2,95.1753,95.25,95.1621,95.44,7,0.365991|0.228413|0.208406|0.197751|0.185016|0.184842|0.181024|0.164164|0.164951|0.174833,89.3711|93.7889|94.4867|94.9244|95.4222|95.5978|95.7267|96.0756|96.1644|96.0111,92.02|94.8|94.5|94.48|93.76|94.36|95.44|94.86|95.22|95.2,91.9561|94.7945|94.5083|94.4402|93.7202|94.3631|95.4328|94.8523|95.2367|95.1753,947|0|1|1|1|3|4|0|6|0|0|1136|2|3|4|2|2|5|10|0|12|1|893|14|7|15|7|4|14|2|1|3|9|989|0|10|0|13|6|2|1|0|4|1|954|5|4|6|1|18|4|0|2|19|1|814|10|7|10|2|5|2|1|0|2|11|967|0|3|0|0|0|9|1|9|4|0|1012|3|7|7|7|2|5|6|12|8|2|927|6|2|2|0|8|31|15|0|36|10|886
3,relu,relu,0,interleave,64,0.03,10,ce,ok,41.8293,95.7511,94.92,94.9386,95.1,95.0342,95.14,7,0.365181|0.231768|0.204003|0.197371|0.181921|0.179461|0.173898|0.165375|0.184586|0.185509,89.4444|93.7422|94.5778|94.9044|95.5489|95.6356|95.8444|95.9756|95.8289|95.7511,92.34|93.42|94.84|94.04|94.16|94.54|95.14|94.58|94.76|94.92,92.3022|93.4319|94.8314|94.0291|94.1571|94.533|95.1494|94.5931|94.779|94.9386,943|0|4|1|0|4|1|3|5|2|0|1135|1|4|1|3|0|15|5|0|3|0|896|9|3|20|0|25|13|0|1|0|10|952|0|27|0|30|7|6|1|2|5|0|911|11|5|3|17|39|0|0|1|12|0|836|2|3|12|3|7|0|2|1|1|27|941|0|11|1|0|0|3|3|2|6|0|1023|1|7|3|3|2|6|0|21|1|2|943|1|4|2|0|6|4|17|1|16|10|930
4,relu,relu,0,interleave,64,0.03,10,ce,ok,41.8562,96.6867,95.26,95.248,95.04,94.9571,95.76,9,0.351931|0.225252|0.197258|0.184328|0.170629|0.162379|0.153103|0.146342|0.165491|0.134218,89.7844|93.9689|94.8267|95.3133|95.7289|95.9778|96.34|96.3978|96.1733|96.6867,92.48|93.78|95.5|95.58|94.88|94.4|94.64|95.06|95.76|95.26,92.5558|93.6918|95.4944|95.5904|94.9116|94.4237|94.6697|95.0804|95.7515|95.248,914|0|1|2|1|9|24|2|6|4|0|1149|4|6|0|1|0|1|3|0|2|3|913|13|0|14|2|6|11|5|0|1|7|985|0|23|0|6|6|5|1|5|7|0|886|4|3|17|10|61|1|0|4|16|0|823|16|0|7|2|1|2|8|0|2|13|954|0|10|1|0|1|5|5|2|1|0|1015|4|12|3|4|6|23|1|12|4|1|921|7|0|1|0|8|3|6|0|17|11|944
5,relu,relu,0,interleave,64,0.03,10,ce,ok,41.869,96.4244,94.96,94.9553,95.24,95.1774,95.28,7,0.35242|0.243327|0.210315|0.201821|0.184633|0.170025|0.158228|0.15025|0.149647|0.146214,89.6911|93.5533|94.5489|94.9911|95.4644|95.7711|96.0933|96.3333|96.3889|96.4244,92.06|93.56|94.58|94.96|95.24|95.18|95.28|95.28|95.22|94.96,92.0169|93.5817|94.55|94.9541|95.2481|95.1977|95.2335|95.281|95.2251|94.9553,942|0|5|0|1|1|6|0|7|1|0|1144|5|0|5|2|2|0|4|2|3|2|931|10|1|3|8|3|3|5|1|1|19|970|0|19|1|2|6|14|0|0|11|0|939|0|10|1|0|33|3|2|7|11|1|828|6|1|7|3|8|1|3|0|1|5|971|0|2|0|2|3|31|8|5|5|0|968|2|21|3|6|17|8|4|24|8|2|892|18|3|0|6|5|8|7|0|10|12|939
6,relu,relu,0,interleave,64,0.03,10,ce,ok,41.8756,96.36,95.5,95.5257,95.92,95.879,95.56,4,0.350543|0.224715|0.196205|0.188504|0.18019|0.163024|0.18315|0.156698|0.170851|0.160716,89.84|93.9511|94.7956|95.2222|95.6044|95.9711|95.6378|96.2844|95.9956|96.36,89.7|94.38|94.82|95.56|94.2|94.5|91.32|94.42|94.26|95.5,89.8032|94.3634|94.8185|95.5755|94.1318|94.5159|91.4041|94.4633|94.316|95.5257,941|0|1|0|1|3|3|0|11|3|0|1143|1|6|2|0|0|5|5|2|0|5|918|9|3|2|0|12|9|11|1|1|5|987|0|9|0|6|6|18|1|0|10|0|933|0|7|5|7|31|1|0|1|13|0|815|10|3|7|19|7|0|1|1|3|3|969|0|6|1|0|1|7|8|1|1|0|1014|1|12|4|6|5|10|5|7|2|2|938|3|1|0|5|1|9|3|2|14|21|934
8,relu,relu,0,interleave,64,0.03,10,ce,ok,41.4107,96.1511,94.68,94.6736,94.75,94.6663,95.5,6,0.368037|0.231614|0.210839|0.198051|0.19219|0.17627|0.168796|0.167095|0.166491|0.169858,89.3644|93.6956|94.3689|94.8889|95.1222|95.6267|95.8222|95.9422|96.0956|96.1511,93.38|93.36|95.34|94.2|94.06|95.5|94.76|93.28|94.94|94.68,93.3786|93.3373|95.3199|94.215|94.053|95.5012|94.7557|93.2186|94.917|94.6736,945|0|4|1|1|2|4|0|5|1|0|1144|6|1|3|0|2|1|4|3|5|1|939|2|4|5|2|4|4|3|0|2|18|971|0|22|0|5|2|13|3|0|7|1|920|5|9|2|1|46|1|3|12|32|1|789|9|3|8|11|9|5|7|1|4|9|948|0|8|0|0|1|19|10|4|9|1|977|0|24|3|6|31|8|2|7|7|0|895|23|2|0|4|10|9|6|0|9|3|947
7,relu,relu,0,interleave,64,0.03,10,ce,ok,41.4125,97.0511,95.82,95.8197,95.92,95.8607,96,8,0.352159|0.228665|0.192812|0.179784|0.166024|0.153223|0.151831|0.153815|0.145527|0.121805,89.7289|93.7822|94.8622|95.28|95.6422|96.1511|96.2067|96.3178|96.4644|97.0511,92.2|93.88|94.98|93.74|95.92|95.7|94.98|96|95.7|95.82,92.2071|93.813|94.9831|93.7267|95.9021|95.7135|94.9721|95.9898|95.6803|95.8197,938|1|5|0|0|4|2|0|10|3|0|1151|5|0|1|1|0|3|2|1|7|2|933|3|3|6|1|9|5|0|0|4|12|970|1|24|0|6|7|9|1|0|10|1|922|12|4|3|10|31|0|5|4|8|1|828|4|1|13|5|4|1|4|1|2|7|956|0|16|0|1|1|7|9|6|4|0|1002|2|13|1|7|10|6|1|5|2|0|944|6|1|1|0|8|6|4|0|10|12|948
10,relu,relu,0,interleave,64,0.03,10,ce,ok,40.5969,96.3178,95.06,95.0654,94.98,94.8954,95.88,7,0.36996|0.234298|0.203061|0.199356|0.184186|0.176146|0.173256|0.173345|0.15758|0.161711,89.3044|93.6822|94.6933|94.9556|95.5|95.8156|95.7133|96.04|96.2222|96.3178,92.98|94.1|94.94|94.3|94.72|95.72|95.88|95.22|94.78|95.06,92.946|94.0997|94.8945|94.3475|94.7255|95.7187|95.8693|95.2085|94.8095|95.0654,942|0|8|1|1|1|3|0|4|3|0|1138|7|0|1|2|1|2|13|0|0|5|938|3|4|3|1|12|2|1|1|6|40|898|1|41|0|12|15|19|2|0|6|0|939|1|2|6|3|35|2|3|15|1|1|809|11|0|22|5|6|0|2|0|4|19|953|1|5|1|0|2|15|3|3|0|0|1011|1|10|5|5|12|0|4|17|3|0|932|4|2|0|9|1|17|5|0|9|9|938
9,relu,relu,0,interleave,64,0.03,10,ce,ok,40.6087,96.1289,95.9,95.8962,95.49,95.4277,96.02,4,0.353803|0.227441|0.197938|0.189786|0.179622|0.17351|0.159395|0.174707|0.158388|0.169045,89.7089|93.9533|94.7089|95.2533|95.4867|95.6356|96.1111|95.9178|96.3222|96.1289,93.38|93.92|92.24|96.02|95.6|94.78|95.6|93.44|95.34|95.9,93.3214|93.9537|92.4063|96.0182|95.5957|94.7374|95.5892|93.5206|95.3663|95.8962,943|0|4|3|2|2|0|1|7|1|0|1155|4|1|1|0|1|1|1|0|4|6|943|3|2|1|1|6|3|0|0|3|17|976|1|16|0|6|4|10|1|0|11|0|953|2|4|2|5|16|3|1|9|8|1|833|2|0|3|9|10|2|41|3|10|13|908|0|4|0|3|3|14|6|3|1|0|999|1|15|8|6|16|14|5|16|1|1|902|13|4|1|6|4|11|5|0|16|6|937
2,relu,relu,0,interleave,64,0.1,10,ce,ok,45.5436,10.38,10.74,1.93968,10.45,1.89243,19.84,1,1.89901|1.99642|2.16057|2.06358|2.32435|2.32317|2.32326|2.32373|2.3231|2.324,26.6267|18.4156|14.5378|16.4778|10.2444|10.0911|10.4444|10.2022|10.2733|10.38,19.84|14.44|17.94|10.74|10.18|10.32|10.72|9.86|10.72|10.74,7.2327|4.70105|6.39354|1.97429|1.84789|1.87092|1.93642|1.79501|1.93642|1.93968,0|0|0|0|0|0|0|963|0|0|0|0|0|0|0|0|0|1164|0|0|0|0|0|0|0|0|0|969|0|0|0|0|0|0|0|0|0|1033|0|0|0|0|0|0|0|0|1|993|0|0|0|0|0|0|0|0|0|869|0|0|0|0|0|0|0|0|0|991|0|0|0|0|0|0|0|0|0|1045|0|0|0|0|0|0|0|0|0|982|0|0|0|0|0|0|0|0|0|990|0|0
1,relu,relu,0,interleave,64,0.1,10,ce,ok,45.5713,10.1956,10.18,1.84789,10.33,1.87256,21.1,1,2.03941|2.0541|2.07048|2.17255|2.26456|2.32349|2.32529|2.32348|2.32376|2.3227,23.6556|19.2756|19.6022|15.9267|12.4578|10.2244|9.99111|10.46|10.3378|10.1956,21.1|10.3|20.16|10.74|10.72|9.4|10.18|10.74|10.74|10.18,8.01249|2.10214|11.2999|1.93968|1.93642|1.71846|1.84789|1.93968|1.93968|1.84789,0|0|0|963|0|0|0|0|0|0|0|0|0|1164|0|0|0|0|0|0|0|0|0|969|0|0|0|0|0|0|0|0|0|1033|0|0|0|0|0|0|0|0|0|994|0|0|0|0|0|0|0|0|0|869|0|0|0|0|0|0|0|0|0|991|0|0|0|0|0|0|0|0|0|1045|0|0|0|0|0|0|0|0|0|982|0|0|0|0|0|0|0|0|0|990|0|0|0|0|0|0
4,relu,relu,0,interleave,64,0.1,10,ce,ok,40.4245,10.2422,10.06,1.82809,9.69,1.7668,19.8,7,2.05917|2.10487|2.03794|2.03972|2.03668|2.04298|2.03333|1.99131|2.01605|2.32393,22.4844|18.4933|18.6133|18.7156|18.9911|18.3|18.9111|19.1267|18.2156|10.2422,17.54|18.76|19.72|19.4|19.72|19.52|19.8|19.26|10.18|10.06,6.44756|6.97633|6.62807|7.78059|6.59319|7.40408|7.03719|6.74532|1.84789|1.82809,0|0|963|0|0|0|0|0|0|0|0|0|1164|0|0|0|0|0|0|0|0|0|969|0|0|0|0|0|0|0|0|0|1033|0|0|0|0|0|0|0|0|0|994|0|0|0|0|0|0|0|0|0|869|0|0|0|0|0|0|0|0|0|991|0|0|0|0|0|0|0|0|0|1045|0|0|0|0|0|0|0|0|0|982|0|0|0|0|0|0|0|0|0|990|0|0|0|0|0|0|0
3,relu,relu,0,interleave,64,0.1,10,ce,ok,40.4578,10.0444,9.9,1.80164,9.82,1.78838,19.74,1,2.00476|2.05355|2.03216|1.99912|2.07551|2.2625|2.32372|2.32359|2.32427|2.32521,23.4333|19.0022|18.2022|18.8889|17.2289|11.9978|10.1111|10.2422|10.3356|10.0444,19.74|16.88|19.36|17.2|19.56|9.86|9.64|9.18|10.72|9.9,7.10687|6.01374|6.52452|6.13942|6.51228|1.79501|1.75848|1.68163|1.93642|1.80164,0|0|0|0|0|0|0|0|963|0|0|0|0|0|0|0|0|0|1164|0|0|0|0|0|0|0|0|0|969|0|0|0|0|0|0|0|0|0|1033|0|0|0|0|0|0|0|0|0|994|0|0|0|0|0|0|0|0|0|869|0|0|0|0|0|0|0|0|0|991|0|0|0|0|0|0|0|0|0|1045|0|0|0|0|0|0|0|0|0|982|0|0|0|0|0|0|0|0|0|990|0
6,relu,relu,0,interleave,64,0.1,10,ce,ok,40.3774,19.3178,19.14,6.52626,19.09,6.45819,20.3,4,1.87635|1.91913|1.92132|1.91955|1.88882|1.87563|1.89035|1.87684|1.87435|1.87046,27.1156|19.1622|18.8556|19.2689|19.1222|20.1667|19.08|19.4644|19.6022|19.3178,16.64|18.92|19.64|20.3|19.74|19.64|18.36|19.88|19.76|19.14,5.63589|6.41692|6.584|7.03346|6.68356|6.83722|6.20186|6.64547|6.69747|6.52626,957|0|0|0|0|0|0|0|0|6|77|0|0|0|0|0|0|0|0|1087|902|0|0|0|0|0|0|0|1|66|919|0|0|0|0|0|0|0|0|114|44|0|0|0|0|0|0|0|0|950|786|1|0|0|0|0|0|0|0|82|967|1|0|0|0|0|0|0|1|22|25|0|0|0|0|0|0|0|0|1020|913|1|0|0|0|0|0|0|0|68|38|0|0|0|0|0|0|0|0|952
5,relu,relu,0,interleave,64,0.1,10,ce,ok,40.3948,18.7267,18.52,6.82757,17.09,6.44249,20.24,7,1.99294|2.01139|1.97345|2.06206|2.03105|1.94458|1.95805|1.97223|1.95835|1.94247,23.4756|18.6578|19.2889|17.7156|17.9978|18.8311|18.6044|18.6422|18.8689|18.7267,16.78|20.2|11.22|11.58|20.08|20.1|20.24|18.58|15.86|18.52,6.66748|6.91862|3.93461|4.48687|7.04221|6.96009|6.91982|6.36539|6.12645|6.82757,0|0|0|0|0|942|0|0|0|21|0|0|0|0|0|1162|0|0|0|2|0|0|0|0|0|898|0|0|0|71|0|0|0|0|0|1006|0|0|0|27|0|0|0|0|0|46|0|0|0|948|0|0|0|0|0|821|0|0|0|48|0|0|0|0|0|845|0|0|0|146|0|0|0|0|0|116|0|0|0|929|0|0|0|0|0|945|0|0|0|37|0|0|0|0|0|102|0|0|0|888
8,relu,relu,0,interleave,64,0.1,10,ce,ok,40.9112,10.1111,10.32,1.87092,9.9,1.80164,10.74,2,2.14396|2.32426|2.32371|2.32398|2.32368|2.3246|2.32321|2.32382|2.32369|2.32466,19.2267|10.4178|10.1956|9.98|10.3622|10.0644|10.3311|10.2289|10.2356|10.1111,9.9|10.74|10.72|10.72|10.74|10.74|9.9|9.86|9.4|10.32,1.80164|1.93968|1.93642|1.93642|1.93968|1.93968|1.80164|1.79501|1.71846|1.87092,0|0|0|0|0|0|0|0|0|963|0|0|0|0|0|0|0|0|0|1164|0|0|0|0|0|0|0|0|0|969|0|0|0|0|0|0|0|0|0|1033|0|0|0|0|0|0|0|0|0|994|0|0|0|0|0|0|0|0|0|869|0|0|0|0|0|0|0|0|0|991|0|0|0|0|0|0|0|0|0|1045|0|0|0|0|0|0|0|0|0|982|0|0|0|0|0|0|0|0|0|990
7,relu,relu,0,interleave,64,0.1,10,ce,ok,40.9244,10.2244,10.72,1.93677,11.64,2.08546,29.42,2,2.221|2.18236|2.20823|2.1153|2.32411|2.32373|2.32387|2.32395|2.32434|2.32403,16.3356|15.6267|14.7889|17.8911|10.2578|10.1756|10.0533|10.2244|9.96222|10.2244,10.74|29.42|9.86|10.72|9.18|10.72|9.64|10.72|10.18|10.72,1.93968|17.9524|1.79534|1.93642|1.68163|1.93642|1.75848|1.93642|1.84789|1.93677,0|963|0|0|0|0|0|0|0|0|0|1164|0|0|0|0|0|0|0|0|0|969|0|0|0|0|0|0|0|0|0|1033|0|0|0|0|0|0|0|0|0|994|0|0|0|0|0|0|0|0|0|869|0|0|0|0|0|0|0|0|0|991|0|0|0|0|0|0|0|0|0|1044|0|0|0|1|0|0|0|0|0|982|0|0|0|0|0|0|0|0|0|990|0|0|0|0|0|0|0|0
10,relu,relu,0,interleave,64,0.1,10,ce,ok,41.5981,10.2778,10.74,1.93968,10.45,1.89226,10.74,10,2.23197|2.32425|2.32339|2.32401|2.32408|2.32402|2.32502|2.32394|2.3237|2.32405,15.3867|10.0178|10.1022|10.2756|10.2689|10.1511|10.08|10.14|10.1667|10.2778,9.9|9.9|9.86|9.64|10.72|10.72|10.32|10.18|10.72|10.74,1.80164|1.80164|1.79501|1.75848|1.93642|1.93642|1.87092|1.84789|1.93642|1.93968,0|0|0|0|0|0|0|963|0|0|0|0|0|0|0|0|0|1164|0|0|0|0|0|0|0|0|0|969|0|0|0|0|0|0|0|0|0|1033|0|0|0|0|0|0|0|0|0|994|0|0|0|0|0|0|0|0|0|869|0|0|0|0|0|0|0|0|0|991|0|0|0|0|0|0|0|0|0|1045|0|0|0|0|0|0|0|0|0|982|0|0|0|0|0|0|0|0|0|990|0|0
9,relu,relu,0,interleave,64,0.1,10,ce,ok,41.6102,10.1378,9.18,1.68163,9.63,1.75682,10.74,4,2.10264|2.32364|2.32531|2.32323|2.32438|2.32318|2.32288|2.32391|2.32334|2.3241,20.86|10.24|10.1489|10.1756|10.1156|10.2444|10.3578|10.2333|10.3733|10.1378,9.18|9.86|10.32|10.74|9.64|10.72|10.74|10.74|10.32|9.18,1.68163|1.79501|1.87092|1.93968|1.75848|1.93642|1.93968|1.93968|1.87092|1.68163,963|0|0|0|0|0|0|0|0|0|1164|0|0|0|0|0|0|0|0|0|969|0|0|0|0|0|0|0|0|0|1033|0|0|0|0|0|0|0|0|0|994|0|0|0|0|0|0|0|0|0|869|0|0|0|0|0|0|0|0|0|991|0|0|0|0|0|0|0|0|0|1045|0|0|0|0|0|0|0|0|0|982|0|0|0|0|0|0|0|0|0|990|0|0|0|0|0|0|0|0|0
1,tanh,tanh,0,interleave,64,0.001,10,ce,ok,46.4208,97.3933,96.6,96.6031,96.29,96.2449,96.6,10,0.640112|0.284741|0.226793|0.189036|0.161972|0.141326|0.124598|0.110793|0.0995373|0.0904592,84.0356|91.8622|93.4333|94.64|95.3489|95.9822|96.4422|96.8022|97.2467|97.3933,90.76|92.3|93.66|94.8|95|95.36|95.56|95.92|96.22|96.6,90.6813|92.256|93.6357|94.7951|94.9743|95.3506|95.5565|95.9153|96.2196|96.6031,942|0|0|1|1|2|7|0|9|1|0|1145|3|1|4|1|0|2|7|1|1|3|919|6|11|1|7|7|13|1|0|5|5|973|1|26|0|10|10|3|1|0|7|0|958|1|7|2|3|15|0|0|4|9|1|835|9|0|8|3|3|1|0|1|3|8|969|0|6|0|0|1|8|3|7|1|0|1010|1|14|5|4|4|4|4|6|3|0|948|4|2|1|2|9|25|2|0|13|6|930
2,tanh,tanh,0,interleave,64,0.001,10,ce,ok,46.4413,97.4711,96.5,96.4921,96.49,96.4445,96.5,10,0.645444|0.284242|0.227811|0.18906|0.160933|0.139298|0.122832|0.10996|0.0992953|0.0901985,83.2511|91.8667|93.5156|94.6178|95.38|95.9844|96.5333|96.8822|97.1467|97.4711,90.72|92.58|93.64|94.62|95.2|95.66|96.02|96.28|96.22|96.5,90.6087|92.5365|93.6053|94.6021|95.1779|95.6474|96.0115|96.2727|96.2091|96.4921,946|0|2|1|1|0|5|0|7|1|0|1149|4|1|4|0|0|2|3|1|2|2|933|4|9|1|8|4|6|0|1|4|9|982|1|17|0|11|2|6|2|0|7|0|952|1|8|1|1|22|0|2|5|13|5|819|9|0|7|9|3|1|1|1|3|5|975|0|2|0|3|2|9|4|7|1|0|1000|0|19|4|5|5|7|2|5|6|1|940|7|4|1|0|7|14|1|0|9|1|953
3,tanh,tanh,0,interleave,64,0.001,10,ce,ok,51.2792,97.4867,96.6,96.5986,96.42,96.3737,96.6,10,0.650494|0.287867|0.231143|0.190237|0.160824|0.139113|0.122653|0.109627|0.0984985|0.0894196,83.3444|91.7578|93.3711|94.4822|95.3844|96.0178|96.5067|96.8267|97.2|97.4867,90.44|92.36|93.58|94.48|94.98|95.46|95.7|96.16|96.44|96.6,90.3625|92.3023|93.5378|94.4566|94.9664|95.4499|95.6927|96.1489|96.4346|96.5986,951|0|0|1|1|2|3|0|4|1|0|1149|3|2|3|0|0|3|3|1|4|3|928|5|7|1|9|10|2|0|0|4|7|977|1|22|0|13|6|3|4|1|5|0|940|1|9|7|2|25|1|1|3|8|1|833|8|0|7|7|6|2|0|0|0|8|973|0|2|0|1|1|6|0|5|1|1|1023|0|7|6|7|8|7|3|6|6|1|933|5|4|2|0|6|12|5|0|24|2|935
4,tanh,tanh,0,interleave,64,0.001,10,ce,ok,51.2736,97.4333,96.56,96.5487,96.36,96.3174,96.56,10,0.64172|0.283257|0.22405|0.184927|0.157976|0.1377|0.121903|0.109103|0.0987926|0.0894825,84.1533|91.9067|93.5822|94.8111|95.52|96.0467|96.5289|96.9489|97.2178|97.4333,90.96|92.6|93.88|94.76|95.12|95.64|95.88|96.14|96.34|96.56,90.8985|92.5563|93.862|94.7318|95.1032|95.633|95.8733|96.1355|96.3278|96.5487,945|0|0|1|1|5|4|0|3|4|0|1146|4|4|2|0|0|1|6|1|7|2|920|7|7|1|4|11|10|0|1|4|6|988|1|12|0|9|7|5|1|0|6|1|952|1|6|1|2|24|1|1|3|10|3|829|6|1|9|6|7|1|2|0|5|10|962|0|4|0|1|0|4|5|7|1|0|1013|1|13|5|7|4|9|4|6|1|0|936|10|2|2|0|10|16|1|0|12|2|945
6,tanh,tanh,0,interleave,64,0.001,10,ce,ok,46.306,97.3844,96.5,96.4893,96.54,96.5083,96.5,10,0.658413|0.28804|0.228797|0.188863|0.159738|0.1391|0.12263|0.109275|0.0989504|0.0899514,82.7|91.72|93.3133|94.5333|95.3956|96.0156|96.4867|96.8156|97.1311|97.3844,90.38|92.6|93.58|94.48|94.84|95.44|95.84|96.14|96.26|96.5,90.3107|92.5445|93.5491|94.4662|94.8259|95.433|95.82|96.1323|96.2414|96.4893,947|0|0|1|1|3|5|0|5|1|0|1139|4|4|4|1|0|3|8|1|6|2|931|4|9|0|7|3|5|2|2|4|6|984|1|12|0|10|10|4|1|0|7|1|959|1|8|2|1|14|3|1|3|11|1|833|6|0|6|5|4|1|1|0|2|5|974|0|4|0|5|2|7|3|9|2|0|999|1|17|3|4|3|9|3|5|5|0|945|5|3|1|1|6|17|6|0|10|3|943
5,tanh,tanh,0,interleave,64,0.001,10,ce,ok,46.3468,97.3956,96.58,96.5737,96.34,96.2999,96.58,10,0.643124|0.283332|0.2252|0.187088|0.159603|0.13982|0.123717|0.11103|0.100039|0.0904855,83.8644|91.8178|93.6356|94.68|95.4156|95.9889|96.4844|96.7511|97.1422|97.3956,90.64|92.7|93.5|94.66|95.12|95.16|95.82|96.1|96.44|96.58,90.5536|92.673|93.4533|94.6425|95.1141|95.1661|95.8083|96.0873|96.4413|96.5737,942|0|0|1|1|3|6|0|8|2|0|1143|4|3|2|2|0|1|8|1|3|3|927|8|9|1|4|4|8|2|0|4|6|990|1|13|1|10|4|4|2|0|10|2|942|1|12|1|3|21|3|1|5|7|2|828|5|0|10|8|5|1|1|0|2|4|975|0|3|0|3|3|10|9|5|2|0|997|1|15|3|4|3|9|2|7|4|1|944|5|3|2|1|8|17|3|0|6|4|946
7,tanh,tanh,0,interleave,64,0.001,10,ce,ok,47.922,97.5689,96.68,96.6816,96.46,96.4173,96.68,10,0.644323|0.285061|0.225479|0.18373|0.154363|0.131558|0.114929|0.102166|0.0915282|0.0822475,83.3289|91.7689|93.5444|94.7333|95.5022|96.1733|96.76|97.0689|97.3333|97.5689,90.46|92.62|93.88|94.54|95.12|95.78|96.04|96.52|96.58|96.68,90.3804|92.5761|93.8423|94.5121|95.079|95.7694|96.0303|96.5168|96.5729|96.6816,941|0|1|1|1|4|4|0|10|1|0|1145|3|0|3|2|0|4|6|1|1|2|918|13|7|3|6|6|12|1|0|3|3|989|0|22|0|8|6|2|0|0|6|4|948|0|6|1|3|26|0|0|2|10|1|845|2|0|6|3|5|1|1|1|2|19|959|0|3|0|2|3|6|9|4|3|0|1002|1|15|2|3|3|7|0|9|3|0|952|3|1|0|1|11|10|6|0|11|3|947
8,tanh,tanh,0,interleave,64,0.001,10,ce,ok,48.0298,97.42,96.42,96.417,96.36,96.3162,96.42,10,0.656879|0.281667|0.223162|0.186612|0.160475|0.140516|0.124862|0.111348|0.100197|0.0908623,83.4622|92.1089|93.6489|94.7711|95.4378|95.9622|96.4533|96.8489|97.1756|97.42,90.56|92.7|93.86|94.42|94.92|95.64|95.96|96.08|96.24|96.42,90.4903|92.6515|93.8568|94.4126|94.9045|95.6356|95.9545|96.0796|96.2251|96.417,946|0|0|1|1|1|3|0|9|2|0|1145|3|1|5|0|0|3|6|1|3|2|933|2|9|0|7|4|8|1|1|4|7|984|1|13|0|11|8|4|0|0|7|0|942|1|7|3|2|32|1|1|3|16|3|811|11|0|14|9|5|1|2|0|1|5|972|0|5|0|3|2|6|4|4|1|0|1006|0|19|3|7|6|10|3|2|5|0|938|8|3|1|0|8|10|0|1|6|2|959
9,tanh,tanh,0,interleave,64,0.001,10,ce,ok,45.6792,97.5422,96.26,96.2542,96.46,96.4163,96.46,9,0.651499|0.28531|0.228781|0.189422|0.16052|0.138846|0.122296|0.109228|0.0988247|0.0893577,83.7133|91.7778|93.5222|94.5867|95.4044|96.0267|96.5311|96.9533|97.1911|97.5422,90.32|92.52|93.36|94.56|95.3|95.66|95.98|96.08|96.46|96.26,90.2461|92.4947|93.3256|94.5424|95.285|95.6492|95.9769|96.074|96.4538|96.2542,943|0|0|1|1|6|5|0|6|1|0|1147|4|2|3|0|0|2|5|1|1|3|943|3|5|2|3|4|5|0|0|4|10|982|1|17|0|11|5|3|2|0|8|0|958|1|9|4|1|11|1|0|6|9|1|836|6|0|6|4|5|1|3|1|1|8|969|0|3|0|4|2|9|4|6|0|0|1012|2|6|3|7|5|12|2|8|4|0|940|1|5|2|2|14|22|6|0|21|2|916
10,tanh,tanh,0,interleave,64,0.001,10,ce,ok,45.6249,97.4267,96.56,96.5484,96.52,96.4725,96.56,10,0.63786|0.282063|0.224035|0.184463|0.157179|0.137049|0.121819|0.108348|0.0985892|0.0891542,83.8778|91.9044|93.5178|94.7378|95.5422|96.0644|96.4911|96.96|97.16|97.4267,90.82|92.44|93.76|94.68|95.02|95.62|95.84|96.16|96.04|96.56,90.7444|92.4221|93.7287|94.6753|95.0078|95.6078|95.8346|96.1494|96.0316|96.5484,945|0|3|1|1|3|3|0|6|1|0|1146|4|2|2|0|0|3|6|1|2|2|937|5|7|0|3|6|4|3|0|4|5|990|1|13|0|12|4|4|2|1|7|0|945|0|8|1|2|28|3|1|4|14|3|816|6|0|12|10|6|1|2|1|2|8|966|0|5|0|1|1|6|3|5|0|0|1016|1|12|3|5|8|7|0|6|4|1|946|2|1|1|1|12|10|1|0|15|4|945
1,tanh,tanh,0,interleave,64,0.003,10,ce,ok,46.7672,98.8622,97.18,97.1706,97.14,97.1028,97.18,10,0.409358|0.190268|0.136748|0.108564|0.0890252|0.0740423|0.0625661|0.0534254|0.0460606|0.0398585,88.7489|94.4444|95.9867|96.8244|97.3356|97.8022|98.1111|98.4333|98.66|98.8622,93.24|95.12|95.58|96.32|96.24|96.44|97.02|96.68|96.9|97.18,93.2276|95.1197|95.5761|96.3242|96.2227|96.4269|97.0138|96.6856|96.902|97.1706,946|0|0|0|1|1|9|0|4|2|0|1147|1|4|3|0|3|3|2|1|1|5|927|7|7|2|6|6|8|0|0|1|4|992|0|20|0|9|5|2|0|0|2|0|969|1|6|6|3|7|0|0|2|10|1|842|7|1|4|2|3|1|0|0|2|7|974|0|4|0|0|2|4|6|3|2|0|1015|0|13|4|3|1|4|1|14|3|1|948|3|2|0|0|7|12|5|0|8|2|954
2,tanh,tanh,0,interleave,64,0.003,10,ce,ok,46.8569,98.7711,97,96.9824,97.02,96.9777,97.34,9,0.408786|0.18767|0.13516|0.106328|0.0889339|0.0746608|0.0630851|0.0539003|0.046728|0.0405413,88.5156|94.4444|96.0533|96.8756|97.4133|97.7244|98.0978|98.3911|98.6022|98.7711,93.4|95.5|96.24|96.62|96.48|97.12|97.18|97.28|97.34|97,93.3492|95.4864|96.226|96.6074|96.477|97.1227|97.1809|97.2727|97.3356|96.9824,951|0|2|1|2|0|3|0|0|4|0|1152|1|1|2|0|0|3|4|1|4|2|936|6|5|0|5|8|2|1|0|3|10|998|1|7|0|8|1|5|1|0|5|0|940|1|7|2|1|37|2|2|3|15|1|817|10|0|9|10|2|1|0|1|1|3|980|0|3|0|1|1|7|3|2|0|0|1019|0|12|5|2|7|9|2|3|6|1|939|8|3|0|0|2|4|1|0|9|1|970
3,tanh,tanh,0,interleave,64,0.003,10,ce,ok,52.4858,98.7378,97.12,97.1106,97.17,97.1414,97.22,9,0.412748|0.187272|0.134398|0.106166|0.0879643|0.0733424|0.0626037|0.0544174|0.0470174|0.0409067,88.5667|94.5222|96.0689|96.8556|97.4178|97.8111|98.0956|98.3933|98.5956|98.7378,92.74|95.3|95.84|96.2|96.5|96.56|97.04|96.82|97.22|97.12,92.7108|95.2757|95.8332|96.1852|96.5078|96.5566|97.039|96.8253|97.22|97.1106,953|0|0|1|1|0|4|0|3|1|0|1145|1|1|2|0|0|7|7|1|2|1|942|4|4|1|2|9|4|0|0|4|11|979|2|16|0|12|7|2|4|1|4|0|957|0|8|5|5|10|2|0|2|8|0|833|8|1|11|4|6|1|1|0|1|5|975|0|2|0|0|1|7|0|2|1|0|1025|2|7|7|3|8|1|0|2|1|1|957|2|3|1|0|2|8|2|0|19|4|951
4,tanh,tanh,0,interleave,64,0.003,10,ce,ok,52.6054,98.7733,97.3,97.302,97.17,97.1335,97.36,8,0.405428|0.186801|0.136075|0.107955|0.0879028|0.0751237|0.0645761|0.0546329|0.0476266|0.0402593,88.9756|94.4978|95.9422|96.8089|97.4067|97.7067|97.9822|98.2689|98.5267|98.7733,93.32|94.74|96.2|96.32|96.44|96.56|97.16|97.36|97.34|97.3,93.3265|94.7193|96.1995|96.3213|96.4302|96.5545|97.1609|97.358|97.3335|97.302,948|0|3|1|1|2|3|0|4|1|0|1152|2|2|2|0|0|3|3|0|3|2|937|6|1|2|2|6|9|1|0|3|7|994|1|16|0|6|5|1|0|0|6|1|963|0|3|2|2|17|1|1|2|8|1|838|4|1|11|2|5|1|3|1|5|7|962|0|7|0|0|0|8|9|3|2|0|1011|1|11|4|3|5|6|2|4|1|0|955|2|3|2|0|4|8|3|0|10|3|957
5,tanh,tanh,0,interleave,64,0.003,10,ce,ok,46.8316,98.8867,96.86,96.8663,97.16,97.1255,97.08,8,0.408074|0.18729|0.135744|0.107157|0.0865762|0.0738608|0.0624471|0.0537314|0.046255|0.0389189,88.8356|94.5622|96.0244|96.7844|97.4489|97.7622|98.1622|98.3111|98.6156|98.8867,93.16|94.9|95.22|95.92|96.9|96.76|96.92|97.08|96.86|96.86,93.1185|94.9074|95.2194|95.9279|96.8971|96.7615|96.9165|97.0737|96.8665|96.8663,940|0|3|2|1|3|4|0|8|2|0|1151|3|4|2|0|0|2|1|1|1|1|941|9|4|1|2|4|6|0|0|1|4|1015|0|9|0|2|2|0|0|0|7|0|964|1|6|5|2|9|0|1|4|15|0|839|3|0|4|3|3|1|3|0|2|11|969|0|2|0|1|2|10|14|4|3|0|999|0|12|1|5|3|13|2|9|1|2|943|3|1|0|1|7|13|5|0|7|1|955
6,tanh,tanh,0,interleave,64,0.003,10,ce,ok,46.6662,98.8422,97.44,97.4254,97.23,97.1905,97.44,10,0.414787|0.186401|0.133168|0.106389|0.0869215|0.0730424|0.0623797|0.0519127|0.0457796|0.0396073,88.2822|94.5244|96.0511|96.7933|97.4422|97.7733|98.1111|98.4667|98.5933|98.8422,93.44|95.4|96.02|96.12|96.56|96.86|97.02|96.98|97.26|97.44,93.411|95.3793|95.9941|96.1324|96.5479|96.857|97.0076|96.973|97.2575|97.4254,947|0|0|1|1|2|7|0|4|1|0|1149|2|2|3|0|0|3|4|1|8|1|938|2|5|1|4|3|6|1|2|1|5|1000|0|8|0|6|9|2|0|0|5|1|964|1|5|3|1|14|2|1|2|8|2|834|8|0|7|5|4|0|0|0|2|6|976|0|3|0|3|3|8|1|5|2|0|1007|0|16|5|2|3|9|4|3|4|0|949|3|3|0|0|4|10|5|0|7|2|959
7,tanh,tanh,0,interleave,64,0.003,10,ce,ok,47.9301,98.9444,97,97.0023,97.04,97.0058,97.38,9,0.410345|0.184818|0.129642|0.0991379|0.0809187|0.0675454|0.058099|0.0485163|0.042895|0.0359068,88.4156|94.5089|96.14|97.0911|97.4911|97.9956|98.22|98.5111|98.6578|98.9444,92.9|95.18|96.02|96.42|96.56|97.08|96.92|96.96|97.38|97,92.8679|95.1749|96.0148|96.4227|96.5433|97.0783|96.9194|96.953|97.3857|97.0023,947|0|0|1|1|2|5|0|5|2|0|1148|2|0|3|0|0|4|7|0|2|1|928|14|3|2|3|8|7|1|1|3|3|1008|0|12|0|4|0|2|1|0|4|2|958|0|6|2|2|19|0|0|3|13|1|842|4|0|4|2|4|0|0|1|2|18|963|0|3|0|1|0|8|7|4|1|0|1011|1|12|2|2|4|12|1|4|2|1|950|4|2|0|0|18|4|5|0|9|3|949
8,tanh,tanh,0,interleave,64,0.003,10,ce,ok,47.9227,98.7778,96.8,96.7975,97.21,97.1754,97.06,7,0.410367|0.185136|0.134956|0.107114|0.0884257|0.0748835|0.0643163|0.0548271|0.0459257|0.0399448,88.5533|94.6644|96.0489|96.8867|97.4333|97.7556|98.0333|98.3733|98.6667|98.7778,93.5|94.86|96.08|96.1|96.48|96.98|97.06|96.8|97.04|96.8,93.5003|94.8402|96.0693|96.0881|96.4818|96.9747|97.067|96.8069|97.037|96.7975,953|0|0|1|1|0|3|0|4|1|0|1151|2|2|3|0|0|3|2|1|2|2|942|6|3|0|2|3|7|2|1|5|5|1000|1|7|0|6|3|5|0|0|7|0|961|1|7|1|1|16|3|2|2|14|1|817|9|0|12|9|5|1|1|1|0|4|977|0|2|0|0|3|11|1|7|0|0|1005|1|17|5|6|6|6|3|1|2|0|948|5|4|0|0|4|8|0|0|6|1|967
10,tanh,tanh,0,interleave,64,0.003,10,ce,ok,47.8375,98.86,97.4,97.4008,97.18,97.1495,97.4,10,0.405346|0.18518|0.134957|0.106148|0.0869788|0.0723459|0.0623138|0.0528832|0.0457101|0.0390544,88.8333|94.5867|96.0244|96.8356|97.4089|97.8378|98.1489|98.4467|98.6067|98.86,93.38|94.76|96.04|96.48|96.78|97.22|97.3|97.32|96.98|97.4,93.3327|94.7582|96.0375|96.4799|96.7715|97.2144|97.3025|97.3147|96.9741|97.4008,950|0|0|1|1|3|3|0|3|2|0|1152|2|1|2|0|0|3|2|2|1|5|929|7|8|1|2|8|8|0|0|4|3|996|0|9|0|10|8|3|1|0|4|0|954|0|7|2|2|24|1|3|1|12|1|830|6|0|8|7|3|2|1|0|1|9|972|0|3|0|0|2|5|2|5|0|0|1017|0|14|2|5|3|8|0|6|2|1|953|2|2|0|0|2|8|0|0|11|2|965
9,tanh,tanh,0,interleave,64,0.003,10,ce,ok,48.0443,98.7844,96.84,96.8325,97.03,96.987,97.22,9,0.412169|0.188498|0.135799|0.107384|0.0900777|0.0750856|0.0649937|0.0557705|0.0485444|0.0417985,88.7267|94.4556|95.9667|96.84|97.3133|97.76|98.1133|98.3467|98.5644|98.7844,93.04|95.18|95.56|96.22|96.62|96.54|96.9|97.02|97.22|96.84,93.019|95.1772|95.556|96.2225|96.6129|96.5255|96.8973|97.0126|97.2145|96.8325,948|0|4|1|1|3|2|0|3|1|0|1152|2|2|3|0|0|2|2|1|1|4|950|3|3|0|1|4|2|1|1|1|6|1002|1|12|0|8|2|0|0|0|6|0|971|1|6|3|1|6|1|2|7|15|0|833|3|1|5|2|3|1|5|0|2|11|967|0|2|0|2|3|8|2|3|2|0|1020|1|4|4|4|9|14|0|8|3|1|934|5|3|0|2|12|19|2|0|23|3|926
1,tanh,tanh,0,interleave,64,0.01,10,ce,ok,44.6322,99.1511,97.18,97.1695,97.15,97.1238,97.18,10,0.293693|0.140753|0.101896|0.081007|0.0646262|0.0534578|0.0457642|0.0347222|0.0306588|0.0263102,91.3222|95.7089|96.9|97.5022|97.9444|98.3444|98.5244|98.9133|99.04|99.1511,94.6|95.32|96.56|96.18|96.16|96.84|97.14|96.88|97|97.18,94.6163|95.3251|96.5611|96.1852|96.1515|96.8328|97.1315|96.8722|97.0049|97.1695,945|0|1|0|2|2|4|0|5|4|0|1147|1|0|2|0|1|6|5|2|4|5|928|6|7|2|2|8|6|1|1|3|4|980|2|13|1|13|10|6|0|0|2|0|973|0|5|6|0|8|0|1|1|9|2|830|8|1|9|8|2|3|0|1|2|1|979|0|3|0|0|1|3|1|4|1|0|1027|0|8|2|0|3|1|2|3|3|4|960|4|1|0|0|6|15|1|0|18|3|946
2,tanh,tanh,0,interleave,64,0.01,10,ce,ok,44.5879,99.0333,97.48,97.4764,97.27,97.2212,97.48,10,0.295632|0.143171|0.103098|0.0834182|0.0645339|0.0549328|0.0457412|0.0375586|0.0321171|0.0289262,91.1444|95.6533|96.8822|97.4467|98.0778|98.26|98.5578|98.7667|98.98|99.0333,94.88|95.64|96.38|96.7|96.46|97.02|97.28|97.06|96.92|97.48,94.8644|95.62|96.3798|96.6991|96.46|97.0112|97.2711|97.0636|96.9266|97.4764,950|0|1|1|2|4|3|0|0|2|0|1155|3|1|1|0|0|3|1|0|4|2|931|4|3|6|9|4|5|1|1|2|4|993|0|18|0|8|3|4|1|0|3|0|958|1|6|1|1|23|0|2|2|4|1|848|5|0|3|4|3|1|1|0|3|6|975|0|2|0|0|1|5|2|2|2|0|1016|1|16|3|4|4|4|0|19|6|1|937|4|2|1|0|3|7|4|0|6|3|964
4,tanh,tanh,0,interleave,64,0.01,10,ce,ok,49.3749,99.1467,97.06,97.0654,96.72,96.6838,97.06,10,0.293588|0.140928|0.10304|0.0813956|0.0656607|0.0551124|0.0457118|0.0371833|0.0325643|0.0272687,91.3|95.6667|96.8311|97.4711|97.9022|98.2178|98.5133|98.8267|98.9111|99.1467,94.78|95.94|96.42|96.86|96.1|97.04|96.9|96.94|96.98|97.06,94.8126|95.9372|96.4191|96.854|96.1328|97.0387|96.9009|96.9489|96.9902|97.0654,949|0|0|1|1|3|4|0|2|3|0|1147|1|1|0|0|0|5|9|1|4|3|924|10|2|1|6|9|9|1|1|1|5|999|1|11|0|8|3|4|1|1|4|1|942|0|7|1|3|34|1|0|1|12|2|831|6|0|12|4|3|0|0|0|1|5|967|0|14|1|0|1|2|5|4|2|0|1014|1|16|4|4|6|11|1|4|1|0|946|5|3|1|0|7|10|5|0|8|3|953
3,tanh,tanh,0,interleave,64,0.01,10,ce,ok,49.4826,99.2222,97.34,97.3504,96.98,96.9513,97.34,10,0.292197|0.137695|0.100691|0.0788123|0.0633857|0.0518865|0.0420083|0.0380795|0.0274895|0.0251017,91.3467|95.8156|96.8578|97.5556|98.0244|98.3867|98.6689|98.7844|99.2|99.2222,93.76|95.32|97.04|96.44|96.38|96.84|97.12|97.2|97.24|97.34,93.7798|95.2762|97.0361|96.4232|96.4042|96.8285|97.1261|97.1983|97.2408|97.3504,951|0|0|1|1|1|2|0|6|1|0|1137|3|1|3|0|0|13|6|1|3|3|926|3|3|1|4|17|7|2|0|3|5|990|1|15|0|11|7|1|1|0|3|0|960|1|7|5|2|15|2|0|3|12|0|835|6|0|6|5|4|0|1|0|2|8|973|0|3|0|0|0|5|0|3|1|0|1022|1|13|3|2|3|4|1|6|4|3|949|7|3|0|0|2|13|5|0|11|1|955
5,tanh,tanh,0,interleave,64,0.01,10,ce,ok,46.241,99.1933,97.22,97.228,97.34,97.2984,97.22,10,0.294472|0.137832|0.101875|0.0794686|0.0660478|0.053375|0.0449246|0.0366791|0.0330241|0.0256032,91.2778|95.92|96.9244|97.4844|97.8711|98.2111|98.5378|98.8111|98.8844|99.1933,94.86|95.04|95.9|96.32|97.16|96.72|96.78|97.04|97.08|97.22,94.8713|95.0466|95.9033|96.3456|97.1617|96.7282|96.7798|97.036|97.0778|97.228,939|0|2|1|1|5|6|1|5|3|0|1158|1|0|1|0|0|2|1|1|0|4|938|3|4|2|1|5|9|3|0|2|1|998|0|12|0|5|7|8|0|2|6|0|963|1|6|4|1|11|1|2|3|11|1|837|2|0|4|8|4|1|2|0|2|9|969|0|4|0|1|3|5|2|6|2|0|1018|0|8|2|7|2|3|1|7|1|2|947|10|1|1|0|2|7|4|0|7|1|967
6,tanh,tanh,0,interleave,64,0.01,10,ce,ok,46.2416,99.1756,96.98,96.9767,97.08,97.0372,97.14,8,0.296486|0.138917|0.100324|0.0799991|0.0650983|0.0531114|0.0445018|0.0353382|0.0291081|0.0261098,91.0444|95.7622|96.8489|97.5378|97.9533|98.3333|98.5689|98.88|99.0978|99.1756,94.5|96.14|96.56|96.58|95.58|96.6|96.76|97.14|97.1|96.98,94.5066|96.1238|96.5524|96.5958|95.5831|96.596|96.7505|97.1376|97.0985|96.9767,948|0|0|0|1|3|4|0|5|2|0|1148|1|2|3|0|0|4|5|1|7|2|911|9|5|2|3|7|23|0|2|0|2|997|2|14|0|5|10|1|0|0|4|0|966|0|7|4|1|12|0|1|4|6|0|834|6|0|12|6|6|0|0|1|3|6|968|0|7|0|1|2|6|4|5|1|0|1016|0|10|2|2|4|6|1|3|1|1|961|1|3|0|0|5|8|2|0|10|3|959
7,tanh,tanh,0,interleave,64,0.01,10,ce,ok,44.4266,99.1511,96.74,96.7588,96.72,96.7053,97.18,8,0.293701|0.13653|0.0989634|0.0766611|0.0632669|0.0498817|0.0437177|0.0351574|0.0313317|0.0257916,91.2933|95.8533|96.96|97.5311|98.02|98.3622|98.6244|98.8844|98.9978|99.1511,94.98|95.82|96.26|96.76|96.94|96.94|96.68|97.18|97.12|96.74,94.9556|95.8016|96.2567|96.7492|96.9267|96.9275|96.6842|97.1718|97.12|96.7588,940|0|1|2|1|6|6|0|5|2|0|1124|4|3|2|1|0|4|25|1|1|1|925|16|3|2|4|9|8|0|0|3|6|996|0|14|0|7|6|1|0|0|5|5|949|2|7|6|2|18|0|0|2|9|1|845|2|0|9|1|4|0|0|0|1|9|971|0|6|0|2|0|4|11|5|3|0|999|2|19|1|0|5|5|1|5|1|0|962|2|2|0|0|7|3|5|0|3|9|961
8,tanh,tanh,0,interleave,64,0.01,10,ce,ok,44.4319,99.2089,97.2,97.1821,97.26,97.2075,97.2,10,0.293705|0.135954|0.0992949|0.078774|0.0637542|0.0544285|0.0437351|0.0357852|0.0284875|0.0252611,91.2444|95.8578|96.9378|97.6444|98.0356|98.3444|98.5489|98.8711|99.1|99.2089,95.24|95.8|96.34|96.72|96.42|96.94|97.1|97.08|97.02|97.2,95.2365|95.7752|96.3359|96.7124|96.4285|96.9253|97.1024|97.0816|97.0199|97.1821,958|0|0|1|0|0|2|0|0|2|0|1152|3|1|2|0|0|3|3|0|8|3|931|6|7|1|3|3|5|2|1|4|4|1008|0|6|0|3|3|4|4|0|2|0|957|1|7|5|3|15|7|1|0|24|3|810|7|1|9|7|9|1|0|0|1|2|975|0|3|0|1|2|7|0|3|2|0|1015|0|15|7|5|1|4|1|5|1|2|952|4|3|1|0|1|9|2|0|5|1|968
10,tanh,tanh,0,interleave,64,0.01,10,ce,ok,45.4126,99.1867,97.1,97.087,97.19,97.1614,97.1,10,0.295176|0.139456|0.102599|0.080227|0.0626935|0.0516848|0.040973|0.0338687|0.0286481|0.0246141,91.3378|95.7311|96.8778|97.48|98.0467|98.3356|98.7133|98.9911|99.0489|99.1867,95.28|95.54|96.76|96.9|97.02|96.66|96.7|97.02|96.74|97.1,95.2611|95.5334|96.7502|96.9036|97.0137|96.6464|96.6955|97.0183|96.7254|97.087,946|0|0|1|1|2|2|0|6|5|0|1148|3|0|4|0|0|3|4|2|3|2|934|13|7|1|0|4|5|0|0|3|5|997|0|11|0|7|6|4|0|0|4|0|972|0|2|1|1|14|0|1|2|10|1|839|4|0|5|7|6|3|1|1|6|9|964|0|1|0|1|1|6|4|5|1|0|1013|1|13|3|6|3|10|2|5|6|2|941|4|3|0|0|3|5|4|0|7|3|965
9,tanh,tanh,0,interleave,64,0.01,10,ce,ok,45.4436,99.2044,97.06,97.0613,97.01,96.9664,97.28,9,0.291791|0.136681|0.10187|0.0817646|0.066372|0.0549518|0.0441315|0.0345463|0.0307776|0.025385,91.4844|95.8978|96.8667|97.5044|97.88|98.2267|98.6644|98.9311|99.0067|99.2044,95.12|95.94|96.2|96.12|96.74|96.48|96.38|97.08|97.28|97.06,95.1089|95.9462|96.2028|96.1087|96.7287|96.4719|96.3691|97.0732|97.2808|97.0613,947|0|8|0|1|2|3|0|1|1|0|1149|2|2|5|0|0|3|3|0|1|1|944|7|5|1|1|4|5|0|1|2|12|998|1|13|0|5|1|0|0|0|6|0|972|0|6|3|1|6|0|0|6|15|1|830|5|0|9|3|5|1|5|0|6|5|967|0|2|0|2|2|6|3|5|1|0|1019|2|5|4|3|10|13|2|5|3|0|936|6|3|0|3|12|21|5|0|7|0|939
2,tanh,tanh,0,interleave,64,0.03,10,ce,ok,46.7849,96.4333,95.18,95.1866,95.17,95.1092,95.8,9,0.316144|0.204946|0.17667|0.162066|0.156177|0.14928|0.140089|0.140282|0.133808|0.121554,90.7222|94.0778|94.7356|95.2489|95.4667|95.6133|95.8911|95.8756|96.0422|96.4333,93.14|93.9|94.46|94.9|94.56|95.3|95.08|95.66|95.8|95.18,93.1518|93.8503|94.4466|94.9078|94.5591|95.2912|95.0778|95.6553|95.7986|95.1866,938|0|0|1|1|4|5|0|10|4|0|1143|3|1|4|0|1|5|6|1|8|5|875|15|6|0|7|21|28|4|2|3|3|969|0|25|1|16|9|5|3|0|4|1|910|2|7|4|3|60|5|3|1|13|0|827|4|3|7|6|8|1|1|1|4|14|948|0|13|1|1|3|6|1|4|1|0|1001|1|27|4|2|3|1|0|11|3|2|950|6|3|1|1|3|5|7|0|12|2|956
1,tanh,tanh,0,interleave,64,0.03,10,ce,ok,46.8295,96.4,94.96,94.9581,95.22,95.1464,95.18,3,0.315713|0.193589|0.172726|0.16292|0.157648|0.142726|0.135178|0.125933|0.130769|0.120776,90.6178|94.3|95.0133|95.2822|95.4356|95.8822|96.0644|96.2222|96.1889|96.4,94.54|94|95.18|94.38|94.74|94.62|94.92|95.16|95.12|94.96,94.5542|94.0015|95.1734|94.4192|94.7272|94.5847|94.9335|95.1478|95.1393|94.9581,945|1|1|1|1|3|7|0|3|1|0|1148|3|2|4|1|0|3|3|0|13|4|898|8|8|1|6|14|16|1|1|3|6|983|1|11|0|11|15|2|1|0|4|0|964|1|4|2|3|15|2|2|4|16|0|824|3|2|13|3|6|2|2|1|4|15|951|0|10|0|2|1|5|3|11|0|0|1004|2|17|2|9|0|5|1|16|2|0|942|5|5|1|1|9|82|6|0|15|8|863
4,tanh,tanh,0,interleave,64,0.03,10,ce,ok,45.1879,96.3489,94.74,94.7477,94.85,94.7916,95.56,8,0.317001|0.199041|0.178782|0.158708|0.146309|0.14142|0.135602|0.1301|0.128109|0.125674,90.48|94.14|94.82|95.38|95.5889|95.9578|96.0889|96.2244|96.2267|96.3489,92.9|94.46|95.5|95.38|94.4|94.62|95.34|95.56|95.54|94.74,92.9406|94.4475|95.4921|95.3521|94.3591|94.5912|95.3569|95.5599|95.5483|94.7477,944|0|4|1|1|0|2|0|7|4|0|1130|5|3|3|0|0|9|13|1|5|2|915|16|8|0|4|6|12|1|0|3|5|985|1|17|0|10|11|1|1|1|4|0|911|2|8|7|2|58|7|2|3|28|2|794|13|0|14|6|8|4|5|1|2|9|947|0|12|3|3|0|7|6|2|0|0|1013|1|13|7|1|10|36|2|7|3|4|903|9|1|0|0|11|7|3|0|20|5|943
3,tanh,tanh,0,interleave,64,0.03,10,ce,ok,45.2078,96.5578,95.96,95.9424,95.78,95.7154,95.96,10,0.317492|0.19004|0.168766|0.156285|0.151375|0.138794|0.131288|0.119321|0.125141|0.116671,90.4222|94.46|95.0667|95.3289|95.4978|95.9422|96.0733|96.5067|96.2311|96.5578,90.5|94.42|94.42|95|94.76|91.38|95.72|95.18|95.26|95.96,90.5206|94.3954|94.4001|94.9961|94.7659|91.5694|95.7184|95.1855|95.2734|95.9424,945|0|1|0|0|7|4|0|5|1|0|1145|0|0|3|1|1|10|4|0|8|4|902|7|10|3|8|8|14|5|3|5|12|957|1|15|3|15|18|4|2|1|1|0|941|0|7|7|4|31|4|2|0|21|3|808|11|1|12|7|5|1|0|0|1|4|978|0|2|0|0|1|6|2|5|0|0|1019|3|9|9|6|2|6|3|6|6|2|935|7|4|0|0|4|10|3|0|15|6|948
6,tanh,tanh,0,interleave,64,0.03,10,ce,ok,45.4575,96.2244,95.52,95.5176,95.45,95.3922,95.52,10,0.322325|0.201922|0.170426|0.159323|0.149842|0.143412|0.139523|0.131349|0.128351|0.126555,90.2822|94.1156|94.9267|95.4133|95.6222|95.7667|95.9222|96.1778|96.1556|96.2244,93.34|94.48|94.84|94.04|93.96|95.28|95.1|95.32|94.72|95.52,93.3176|94.443|94.8573|94.0729|93.9848|95.2938|95.0779|95.3003|94.7049|95.5176,945|0|2|0|2|4|5|0|3|2|0|1144|2|4|2|0|0|5|5|2|4|7|923|4|3|0|6|5|15|2|1|6|14|964|0|19|1|12|13|3|1|1|7|1|937|2|12|5|2|26|5|7|3|10|2|814|15|2|5|6|4|1|4|0|2|5|973|0|2|0|2|2|9|2|5|3|0|993|0|29|7|7|8|16|2|16|5|2|908|11|5|1|0|10|15|3|0|10|2|944
5,tanh,tanh,0,interleave,64,0.03,10,ce,ok,45.516,96.3444,95.58,95.6005,95.81,95.7686,95.58,10,0.325742|0.20002|0.169932|0.158623|0.151069|0.143615|0.13895|0.12634|0.124393|0.124234,90.3422|94.1444|95.04|95.4044|95.5267|95.7311|95.8178|96.2556|96.2533|96.3444,94.1|92.72|93.76|92.06|95.5|94.64|95.08|95.3|95.28|95.58,94.0775|92.7085|93.7507|92.0779|95.4821|94.6397|95.042|95.2789|95.254|95.6005,939|0|1|2|1|5|5|1|8|1|0|1139|5|5|0|0|1|4|7|3|4|2|918|17|5|4|4|7|4|4|1|2|8|998|1|9|0|4|8|2|2|0|7|0|945|0|7|5|2|26|2|0|5|22|2|817|9|0|7|5|4|2|3|0|4|4|969|0|5|0|1|2|14|12|7|0|0|992|1|16|5|2|12|18|1|4|5|1|927|7|2|2|2|8|13|6|0|13|7|937
7,tanh,tanh,0,interleave,64,0.03,10,ce,ok,46.6694,96.5556,95.38,95.3701,95.18,95.118,95.64,9,0.319385|0.201196|0.175085|0.160505|0.151696|0.138653|0.137717|0.136628|0.124501|0.116628,90.3689|94.0978|95.0622|95.2467|95.5978|95.9578|95.9844|96.0422|96.4667|96.5556,93.34|93.76|94.94|94.36|95.42|95.54|95.14|95|95.64|95.38,93.3296|93.7375|94.939|94.3495|95.3931|95.5343|95.1125|94.9915|95.6407|95.3701,915|0|5|2|1|16|8|2|7|7|0|1139|5|1|3|0|2|6|7|1|2|3|914|11|9|1|2|9|17|1|0|5|9|957|0|30|1|8|17|6|0|2|5|0|959|2|9|8|2|7|1|2|3|6|4|831|8|0|12|2|2|2|2|0|5|12|962|0|6|0|0|4|8|8|3|2|0|1015|0|5|2|7|2|12|3|11|2|3|937|3|3|1|1|13|19|13|0|37|14|889
8,tanh,tanh,0,interleave,64,0.03,10,ce,ok,46.6458,96.4778,95.08,95.0702,95.06,95.005,95.66,6,0.317399|0.192406|0.179301|0.15306|0.148488|0.135133|0.137882|0.133029|0.121437|0.117978,90.5422|94.5133|94.7089|95.4622|95.7067|95.9733|95.9822|96.1756|96.4556|96.4778,91.72|93.98|91.88|94.9|94.92|95.66|95.32|95.46|95.62|95.08,91.7415|93.953|91.8817|94.9107|94.911|95.6587|95.3156|95.4498|95.6067|95.0702,939|0|2|0|1|0|10|0|7|4|0|1133|7|3|5|3|3|3|6|1|2|2|879|16|11|0|11|3|43|2|0|3|9|973|0|7|0|5|27|9|4|0|4|0|951|0|9|0|1|25|7|1|1|22|0|782|22|0|22|12|2|0|0|0|1|0|982|0|6|0|1|6|14|15|7|2|2|967|4|27|2|8|2|5|0|4|6|1|952|2|1|1|0|0|10|3|1|16|10|948
10,tanh,tanh,0,interleave,64,0.03,10,ce,ok,46.8237,96.2733,95.08,95.1014,94.95,94.8963,95.82,9,0.320493|0.197217|0.175927|0.155746|0.147788|0.142133|0.13505|0.128376|0.133802|0.125034,90.4378|94.2667|94.7889|95.4089|95.6556|95.7422|95.9444|96.2178|96.0911|96.2733,94.64|94.92|95.46|95.22|94.96|95.34|95.5|95.2|95.82|95.08,94.6113|94.9107|95.4541|95.2265|94.959|95.3319|95.4919|95.1826|95.8169|95.1014,927|0|5|1|2|6|4|0|17|1|0|1142|5|1|2|0|0|5|7|2|1|6|905|9|4|5|6|10|23|0|2|4|6|941|0|25|3|19|26|7|0|1|8|0|924|0|8|3|8|42|2|2|4|16|1|810|8|0|17|9|5|0|4|0|6|6|957|0|12|1|2|3|9|4|3|2|0|995|6|21|2|5|4|4|0|3|3|1|958|2|1|1|0|4|13|9|0|15|11|936
9,tanh,tanh,0,interleave,64,0.03,10,ce,ok,46.9004,96.0422,95.5,95.4933,95.31,95.2446,95.86,5,0.312392|0.199139|0.17417|0.158542|0.146494|0.14321|0.142413|0.137837|0.128796|0.132932,90.6022|94.2489|94.9356|95.3933|95.7222|95.8378|95.7822|95.9156|96.24|96.0422,93.66|94.94|94.88|94.92|95.86|94.12|95.04|95.42|95.02|95.5,93.6521|94.9278|94.8795|94.9284|95.8511|94.1364|95.0438|95.3875|94.9833|95.4933,940|0|11|1|1|5|3|0|2|0|0|1143|3|0|1|1|1|5|9|1|4|8|929|9|3|0|1|9|6|0|1|2|16|976|1|18|2|6|10|1|6|1|12|1|950|0|5|3|1|15|5|3|3|18|2|823|6|0|8|1|6|5|15|0|7|15|939|0|4|0|1|3|8|4|5|0|0|1019|0|5|4|8|15|9|2|13|5|0|922|4|5|2|1|11|33|8|0|33|7|890
1,tanh,tanh,0,interleave,64,0.1,10,ce,ok,49.0612,57.2178,64.88,62.6672,65.14,62.4986,64.88,10,2.74045|3.03642|2.79946|2.79118|2.73692|2.48373|2.58175|2.6653|2.49478|2.61499,51.7622|49.9711|54.0267|53.8133|55.1044|59.6822|57.88|56.5089|59.0933|57.2178,54.38|50.38|56.7|61.38|51.64|57.24|51.62|53.8|41.3|64.88,48.2355|44.3185|53.8507|56.9784|44.8246|51.3597|45.1519|49.0737|39.377|62.6672,810|1|3|6|10|104|3|19|7|0|0|1132|2|20|2|2|0|0|0|6|27|30|636|74|53|40|43|22|41|3|4|24|54|851|4|57|0|17|14|8|0|11|7|11|776|19|20|80|7|63|29|14|22|318|30|415|15|6|14|6|5|13|27|2|106|108|678|3|48|1|2|48|9|8|20|7|1|778|0|172|8|76|76|510|13|169|6|8|99|17|2|31|1|49|292|44|3|225|4|339
2,tanh,tanh,0,interleave,64,0.1,10,ce,ok,49.0652,65.7956,71.54,71.0306,71.11,70.4417,71.54,10,2.73412|3.10524|2.97362|3.00825|2.91729|2.7078|2.62232|2.5235|2.33911|2.10368,51.9222|48.4089|51.3822|50.4156|52.3111|56.0556|56.9978|58.66|61.76|65.7956,48.36|49.42|44.22|57.34|46.66|55.06|61.14|67.54|70.84|71.54,40.7224|41.1741|38.5189|52.6299|40.516|47.1861|60.6785|66.7898|69.17|71.0306,823|1|1|43|1|57|5|1|23|8|0|1137|0|2|1|0|2|2|20|0|25|26|597|27|14|2|50|23|180|25|12|62|15|740|0|23|4|14|133|30|4|19|3|1|537|0|51|1|34|344|46|54|2|143|10|396|42|3|92|81|21|32|17|3|9|15|858|0|22|14|8|29|0|15|13|7|2|901|15|55|5|125|7|92|8|100|49|0|457|139|10|58|0|30|65|16|2|66|78|665
4,tanh,tanh,0,interleave,64,0.1,10,ce,ok,41.1805,63.9289,71.98,71.603,71.99,71.4866,71.98,10,2.8054|3.48471|3.23952|3.0854|2.82572|2.6557|2.60262|2.45601|2.51819|2.22611,50.5489|42.4178|46.8133|49.3533|53.8933|56.8733|57.2267|60.2733|58.9289|63.9289,41.8|51.92|38.96|56.62|58.86|52.84|65.12|65.9|44.34|71.98,37.5921|46.4667|30.4286|51.1167|54.4963|50.3166|62.9987|64.4575|41.7587|71.603,879|0|2|0|1|17|7|6|48|3|0|955|1|1|1|2|20|5|178|1|67|3|365|6|15|2|86|19|395|11|13|5|15|605|0|33|5|35|317|5|12|2|2|0|797|6|47|4|35|89|42|2|8|69|6|284|56|24|373|5|49|0|5|0|13|0|893|1|30|0|18|8|10|2|18|4|2|869|46|68|12|6|7|5|7|17|35|15|838|40|10|1|4|8|80|22|9|85|57|714
3,tanh,tanh,0,interleave,64,0.1,10,ce,ok,41.348,61.8956,67.44,64.5818,67.21,64.2301,67.44,10,2.71242|3.22869|3.17715|2.90832|2.55248|2.36397|2.2511|2.28127|2.12765|2.33849,51.98|46.5044|47.72|52.6222|58.6244|61.2467|63.3|62.7444|65.1356|61.8956,51.48|54.74|50.5|42.84|60.16|56.68|60.62|65.58|65.78|67.44,45.4963|50.1483|45.2534|37.4049|53.0216|52.2688|53.9324|61.583|63.6338|64.5818,826|0|55|40|16|0|6|1|7|12|0|1095|13|6|4|0|3|1|39|3|13|37|704|63|36|1|59|1|33|22|23|19|65|650|10|4|9|4|220|29|1|5|6|0|881|0|15|0|5|81|98|14|12|178|105|79|28|5|304|46|14|3|324|61|77|0|492|0|7|13|7|19|26|3|29|6|0|656|2|297|52|38|42|121|41|10|17|1|539|121|6|3|5|6|137|8|0|10|16|799
5,tanh,tanh,0,interleave,64,0.1,10,ce,ok,41.5089,63.2933,59.56,58.867,59.42,58.5012,64.44,8,2.53141|3.07944|3.0937|2.99901|2.91111|2.77382|2.65045|2.50887|2.43998|2.26198,55.2222|48.9133|49.0822|50.8378|52.4044|54.3333|56.84|58.8689|60.44|63.2933,56.7|45.08|44.04|50.5|62.16|39|59.32|64.44|55.26|59.56,53.7077|43.3739|35.563|45.2209|58.7305|33.0288|57.2598|63.4252|53.1362|58.867,684|1|1|1|9|236|9|1|1|20|0|1127|0|2|1|22|0|1|3|8|21|39|345|8|32|177|170|9|34|134|1|29|8|176|3|618|1|11|51|135|2|3|0|0|729|14|33|0|16|197|40|16|3|2|93|553|12|19|22|109|22|14|6|1|15|73|837|0|4|19|10|23|13|4|30|37|0|539|3|386|1|73|5|4|65|397|8|0|287|142|8|6|0|2|253|26|5|17|8|665
6,tanh,tanh,0,interleave,64,0.1,10,ce,ok,41.5307,64.36,66.32,65.1193,67.54,65.996,67.9,7,2.61994|2.88794|2.66465|2.62745|2.57578|2.39518|2.1384|2.26222|2.34026|2.19682,53.8022|52.1511|56.0689|57.0978|57.92|60.9044|65.0867|62.7511|61.5356|64.36,55.74|56.86|49.56|62.52|58.9|45.82|67.9|64.44|62.08|66.32,56.6845|50.4084|45.2297|59.5289|55.5571|42.994|64.3975|58.5256|62.9373|65.1193,837|0|13|1|3|12|16|79|1|1|1|1068|11|10|10|1|2|46|13|2|42|17|655|11|69|4|59|99|9|4|63|7|47|605|4|21|6|257|21|2|3|3|8|0|823|2|8|40|0|107|100|6|20|39|36|161|38|421|45|3|9|1|14|0|53|15|884|11|4|0|3|1|2|2|28|1|0|979|2|27|58|6|26|6|50|18|29|428|333|28|7|0|6|6|123|7|2|426|4|409
7,tanh,tanh,0,interleave,64,0.1,10,ce,ok,42.8846,64.4911,64.94,61.487,65.47,61.7502,68.54,8,2.52287|2.95029|2.90567|2.70874|2.66379|2.60112|2.40264|2.54176|2.22955|2.18039,55.3378|51.1844|52.1044|55.7778|56.3733|57.1467|60.7333|58.34|63.8933|64.4911,52.6|42.32|49.58|61.7|50.56|56.4|57.18|68.54|60.68|64.94,50.1459|37.3335|46.4073|60.7189|49.1302|53.1006|51.4777|67.5405|55.3516|61.487,867|0|0|1|12|60|8|9|4|2|0|1121|0|0|2|8|3|27|3|0|45|121|287|40|104|36|182|112|42|0|25|23|9|404|14|357|12|150|37|2|6|7|0|0|906|8|18|38|4|7|21|41|0|17|30|670|49|25|15|1|24|10|1|0|117|40|793|0|6|0|10|13|1|1|63|2|0|942|1|12|7|49|1|46|51|89|78|227|432|2|9|13|0|4|545|38|3|252|1|125
8,tanh,tanh,0,interleave,64,0.1,10,ce,ok,42.9075,62.0422,57.12,54.7053,57.74,54.8163,66.54,4,2.50805|2.72128|2.74016|2.57351|2.46694|2.34969|2.3375|2.60555|2.26207|2.32518,55.66|54.6511|55.1467|57.64|59.6533|61.8511|61.6356|57.5511|63.0022|62.0422,48.38|54.66|59.06|66.54|63.76|65.1|60.22|56.02|66|57.12,47.2183|52.3438|56.3838|66.5444|63.7894|64.4078|57.9473|49.8989|63.3956|54.7053,501|0|0|417|4|27|5|7|1|1|0|981|1|82|0|18|2|76|0|4|18|26|93|540|24|8|201|28|3|28|2|10|0|971|1|16|3|16|1|13|4|7|0|12|374|2|31|5|0|559|21|9|0|465|8|312|31|7|6|10|38|5|0|21|11|65|844|0|0|7|8|12|1|40|11|0|3|808|0|162|6|22|0|455|7|59|24|76|167|166|6|8|0|100|53|3|0|97|0|723
9,tanh,tanh,0,interleave,64,0.1,10,ce,ok,42.0174,64.0467,64.18,60.4936,64.9,60.7145,68.08,4,2.39809|2.43513|2.49488|2.27493|2.16038|2.37104|2.19596|2.00713|1.95277|2.19307,57.4844|59.7756|58.9711|62.7089|64.5111|61.0644|64.2333|67.4533|67.9333|64.0467,57.46|53.84|59.1|68.08|53.9|63.12|59.68|64.84|61.24|64.18,54.478|48.2434|55.3388|65.9938|48.3739|61.2676|56.2281|65.5636|62.9585|60.4936,700|0|71|25|7|119|31|1|0|9|0|1115|16|9|7|14|1|1|0|1|10|16|717|88|19|7|104|6|0|2|15|11|45|790|15|120|12|17|0|8|1|4|10|4|844|15|90|0|0|26|17|11|35|166|32|547|37|6|0|18|3|11|63|9|39|51|815|0|0|0|14|31|32|22|69|17|0|698|0|162|0|41|214|279|142|260|31|2|0|13|4|11|12|27|538|95|9|30|0|264
10,tanh,tanh,0,interleave,64,0.1,10,ce,ok,41.9446,61.6156,66.46,66.292,66.45,66.0218,66.46,10,2.72504|3.21341|2.82476|2.72061|2.56355|2.56683|2.40109|2.41725|2.36651|2.33447,51.8711|46.6978|53.6933|55.3889|58.26|57.9489|60.8889|60.5089|61.4733|61.6156,53.44|53.18|54.38|51.4|61.7|64.06|53.56|46.7|65.3|66.46,48.0564|46.9081|47.9942|46.7765|59.0273|61.1676|48.6222|43.4424|62.6272|66.292,624|0|5|8|6|70|68|0|174|8|0|1137|2|0|4|9|2|1|7|2|10|59|572|16|43|20|140|2|102|5|19|41|61|501|8|236|3|5|126|33|1|25|5|0|854|7|7|0|19|76|15|16|8|21|12|579|14|0|177|27|3|14|20|0|56|70|755|0|73|0|1|32|6|3|45|22|0|368|12|556|2|34|10|14|11|219|9|0|567|116|6|39|2|2|164|21|1|20|47|688
1,leaky_relu,leaky_relu,0,interleave,64,0.001,10,ce,ok,41.2223,97.3444,96.58,96.578,96.39,96.3456,96.58,10,0.702584|0.294867|0.235975|0.194665|0.164856|0.143826|0.127505|0.112795|0.101679|0.0922194,80.9267|91.5533|93.2178|94.5533|95.3111|95.8622|96.3022|96.7022|97.04|97.3444,90.74|91.9|93.7|94.68|94.64|95.36|95.72|96.1|95.84|96.58,90.6547|91.7961|93.6551|94.6494|94.6067|95.3399|95.7181|96.0904|95.8503|96.578,948|0|0|0|1|3|4|0|6|1|0|1145|2|1|3|2|0|2|8|1|2|4|920|8|12|2|8|3|10|0|0|4|6|972|1|27|0|11|7|5|0|0|5|1|964|1|6|2|4|11|1|1|4|6|0|841|7|1|5|3|3|1|1|0|1|7|972|0|6|0|2|2|5|4|7|2|0|1011|1|11|2|5|3|11|4|8|2|2|944|1|2|4|1|9|24|11|0|14|3|922
2,leaky_relu,leaky_relu,0,interleave,64,0.001,10,ce,ok,41.2071,97.4889,96.46,96.4463,96.61,96.568,96.46,10,0.726394|0.293729|0.23077|0.188563|0.158642|0.137213|0.119742|0.106608|0.0960696|0.0872023,79.6356|91.6333|93.4467|94.5667|95.4267|95.9333|96.5956|96.8867|97.2378|97.4889,90.92|92.74|93.92|94.88|95.18|95.78|95.92|96.38|96.18|96.46,90.8249|92.7038|93.9028|94.8627|95.1569|95.7615|95.9086|96.3719|96.1736|96.4463,950|0|0|1|1|3|3|0|3|2|0|1147|4|3|2|0|0|3|4|1|4|3|931|9|4|0|7|5|5|1|0|2|9|989|1|15|0|9|4|4|2|1|6|0|942|1|6|0|2|34|1|2|5|12|0|822|10|0|6|11|2|1|0|0|2|4|979|0|3|0|2|1|6|5|6|1|0|1006|1|17|5|3|4|12|3|6|2|1|936|10|2|2|1|7|8|3|0|6|2|959
4,leaky_relu,leaky_relu,0,interleave,64,0.001,10,ce,ok,41.2103,97.3022,96.64,96.634,96.31,96.27,96.64,10,0.71751|0.294795|0.23432|0.192017|0.163404|0.142472|0.126285|0.112614|0.101689|0.0918266,80.8667|91.6644|93.2044|94.5489|95.2156|95.9044|96.3489|96.6756|97.0578|97.3022,90.52|92.18|94.02|94.82|95.18|95.72|95.86|96.36|96.2|96.64,90.4727|92.1246|94.0003|94.7944|95.1616|95.7057|95.8556|96.3602|96.1909|96.634,950|0|0|1|1|1|2|0|6|2|0|1142|5|3|3|1|0|2|7|1|4|4|917|8|6|1|3|11|15|0|3|4|3|982|1|19|1|10|6|4|1|0|8|0|948|1|4|1|5|26|1|1|4|14|1|827|9|0|6|6|7|1|2|0|4|7|960|0|10|0|2|1|4|6|5|1|0|1006|3|17|5|6|4|6|2|7|1|1|948|2|2|2|0|6|14|3|0|11|1|951
3,leaky_relu,leaky_relu,0,interleave,64,0.001,10,ce,ok,41.2757,97.3933,96.46,96.4605,96.49,96.4448,96.46,10,0.696186|0.289809|0.227976|0.186646|0.159231|0.138638|0.122691|0.109199|0.098443|0.0893434,80.9978|91.6022|93.46|94.5578|95.3156|95.9667|96.3489|96.8111|97.1022|97.3933,90.26|92.96|93.64|94.4|95.22|95.42|96.1|96.02|96.4|96.46,90.1599|92.8901|93.5977|94.3814|95.203|95.4106|96.0878|96.0034|96.402|96.4605,949|0|0|1|1|1|5|0|5|1|0|1150|3|0|3|0|0|3|4|1|2|4|930|5|4|2|8|10|4|0|0|1|7|989|1|14|0|13|5|3|5|1|5|0|923|1|12|6|2|39|1|4|3|11|1|826|9|1|7|6|3|1|0|0|1|5|979|0|2|0|0|0|6|0|3|1|1|1021|0|13|3|7|7|14|0|7|7|1|930|6|4|1|1|5|7|2|0|17|1|952
6,leaky_relu,leaky_relu,0,interleave,64,0.001,10,ce,ok,41.064,97.5089,96.46,96.4583,96.7,96.6693,96.46,10,0.724472|0.283782|0.218568|0.178515|0.150298|0.130598|0.115968|0.103809|0.0942877|0.086392,79.5178|91.9156|93.6889|94.8778|95.6267|96.2533|96.6378|97.0067|97.22|97.5089,90.72|93.14|94.06|94.88|95.24|95.88|96.04|96.28|96.32|96.46,90.6601|93.1003|94.0473|94.8787|95.2319|95.8862|96.0238|96.2727|96.3172|96.4583,951|0|1|1|1|2|2|0|3|2|0|1143|4|2|4|1|2|3|4|1|2|3|939|2|5|0|2|4|9|3|2|4|4|984|1|10|1|12|9|6|2|0|6|0|946|1|6|2|2|29|1|0|4|11|1|826|10|0|7|9|5|1|0|0|3|5|975|0|2|0|2|1|5|4|5|0|0|1010|1|17|4|4|1|14|1|7|2|1|941|7|3|0|1|7|12|1|0|10|1|955
5,leaky_relu,leaky_relu,0,interleave,64,0.001,10,ce,ok,41.0705,97.3222,96.74,96.7418,96.45,96.4086,96.74,10,0.699273|0.295336|0.236017|0.195977|0.165803|0.144034|0.126345|0.113086|0.101418|0.0920291,81.4022|91.46|93.2267|94.3111|95.18|95.7467|96.2933|96.6978|97.0844|97.3222,90.14|92.1|93.3|94.2|95.44|95.56|95.88|96.34|96.68|96.74,90.0354|92.0533|93.2457|94.1701|95.4323|95.5528|95.8579|96.3257|96.6864|96.7418,947|0|1|1|1|2|5|0|5|1|0|1150|3|4|2|0|1|1|2|1|3|3|935|7|6|0|2|3|8|2|2|4|6|988|1|14|1|6|6|5|2|1|7|0|943|4|6|0|3|28|2|2|6|14|1|826|7|0|6|5|5|1|1|1|1|7|972|0|3|0|1|3|12|8|7|1|0|996|2|15|3|7|2|13|4|8|1|2|937|5|4|2|0|10|9|5|0|8|1|951
8,leaky_relu,leaky_relu,0,interleave,64,0.001,10,ce,ok,41.1955,97.3978,96.62,96.6169,96.34,96.2997,96.62,10,0.711999|0.298326|0.238962|0.196936|0.165796|0.142033|0.124625|0.109766|0.0983064|0.0883667,81.1511|91.5244|93.1|94.2911|95.2244|95.8267|96.4667|96.8489|97.1933|97.3978,89.94|91.96|93.5|94.32|94.92|95.74|96.12|95.9|96.32|96.62,89.8765|91.9073|93.4822|94.3088|94.9051|95.7346|96.1201|95.8969|96.3185|96.6169,941|0|0|1|1|2|5|0|8|5|0|1149|4|0|3|0|1|2|4|1|2|2|925|8|6|0|7|8|9|2|0|4|5|993|1|7|1|12|5|5|1|1|7|0|936|1|8|1|3|36|1|4|3|19|1|806|8|1|12|14|5|1|0|0|3|2|977|0|3|0|2|2|7|2|5|0|0|1003|1|23|4|5|2|6|2|2|6|1|945|9|2|1|0|4|12|0|1|10|1|959
7,leaky_relu,leaky_relu,0,interleave,64,0.001,10,ce,ok,41.1964,97.3978,96.34,96.3418,96.23,96.1931,96.34,10,0.692446|0.293912|0.238606|0.19493|0.163923|0.140649|0.12226|0.109421|0.0983311|0.0879903,81.2933|91.3933|93.0422|94.3533|95.2378|95.86|96.4156|96.8044|97.0822|97.3978,90.14|92.6|93.76|94.3|95.2|95.5|95.64|96.04|96.24|96.34,90.0791|92.5583|93.7296|94.2618|95.1736|95.5051|95.6236|96.0202|96.2291|96.3418,933|0|0|1|1|3|5|0|15|5|0|1141|4|1|4|0|0|1|12|1|2|4|909|16|12|3|5|3|15|0|1|4|1|991|1|15|0|7|12|1|0|0|5|1|949|4|7|1|6|21|0|0|4|10|0|837|4|0|10|4|4|1|0|0|3|13|960|0|10|0|1|2|3|10|6|2|0|1009|1|11|1|5|1|9|0|8|2|0|953|3|1|1|0|13|15|5|0|9|5|941
10,leaky_relu,leaky_relu,0,interleave,64,0.001,10,ce,ok,41.1767,97.46,96.58,96.5808,96.7,96.6598,96.58,10,0.725401|0.289974|0.228301|0.185296|0.155969|0.135233|0.119484|0.106127|0.0962575|0.0862484,79.4667|91.6356|93.4556|94.7311|95.5111|96.0978|96.5156|96.9044|97.1733|97.46,90.58|92.62|93.92|94.86|95.2|95.78|96.2|96.5|96.14|96.58,90.4985|92.5999|93.9028|94.8587|95.1874|95.7756|96.1991|96.4976|96.1218|96.5808,948|0|2|1|1|2|2|0|6|1|0|1149|4|0|3|0|0|3|4|1|1|4|933|7|5|0|4|6|8|1|0|6|7|992|1|9|0|9|6|3|2|0|7|0|945|1|7|0|8|24|2|4|5|18|0|815|8|0|11|6|5|1|1|0|1|7|970|0|6|0|0|3|6|4|3|0|0|1016|1|12|1|5|3|9|0|3|5|0|954|2|1|2|1|11|11|3|0|9|4|948
9,leaky_relu,leaky_relu,0,interleave,64,0.001,10,ce,ok,41.1918,97.5222,96.46,96.4621,96.66,96.6192,96.46,10,0.707559|0.294639|0.230479|0.187809|0.156903|0.134433|0.117866|0.105197|0.0952575|0.0861077,80.2156|91.4378|93.3578|94.6|95.6111|96.0867|96.5822|96.9733|97.2089|97.5222,89.7|92.64|93.06|94.54|95.2|95.72|95.96|96.2|96.44|96.46,89.6396|92.6188|93.0351|94.5184|95.1902|95.717|95.9563|96.1916|96.4418|96.4621,944|0|5|1|1|3|5|0|3|1|0|1151|2|0|3|0|1|2|4|1|0|4|934|9|7|0|3|5|7|0|0|0|8|992|0|18|0|11|2|2|1|3|8|0|953|1|10|3|1|14|0|2|6|7|0|841|5|0|4|4|2|1|0|0|1|10|975|0|2|0|0|2|7|4|6|0|1|1019|1|5|2|9|6|15|3|10|6|0|927|4|3|2|0|10|17|7|0|19|2|930
1,leaky_relu,leaky_relu,0,interleave,64,0.003,10,ce,ok,41.2475,98.6222,97.34,97.338,97.24,97.2079,97.4,9,0.442572|0.187895|0.134899|0.109962|0.090183|0.0772099|0.0654823|0.0570459|0.0500185|0.0430179,87.06|94.4511|95.9733|96.7067|97.2578|97.5756|97.9267|98.2267|98.3911|98.6222,93.46|94.48|95.34|96.58|96.1|96.94|96.82|96.86|97.4|97.34,93.4224|94.4621|95.3612|96.5676|96.0901|96.9472|96.8345|96.8478|97.4009|97.338,936|1|2|1|1|4|7|0|8|3|0|1150|1|0|4|0|0|2|7|0|0|7|930|6|9|0|3|8|6|0|1|6|6|992|1|16|0|8|2|1|0|0|5|0|967|1|5|3|4|9|1|2|2|5|1|848|4|0|5|1|2|1|0|0|2|11|968|0|7|0|0|2|6|3|4|0|0|1024|1|5|2|4|1|3|1|5|2|1|962|1|2|1|1|5|11|11|0|7|5|947
2,leaky_relu,leaky_relu,0,interleave,64,0.003,10,ce,ok,41.2549,98.6333,96.88,96.8857,96.8,96.7821,97.2,8,0.446258|0.182746|0.131774|0.103948|0.087186|0.0720461|0.0608833|0.0544357|0.0466356|0.0423664,86.8733|94.6222|96.1222|96.7867|97.36|97.8422|98.1511|98.2756|98.5356|98.6333,93.52|95.28|96.02|96.58|96.12|96.68|96.92|97.2|97.2|96.88,93.475|95.2552|96.0126|96.5657|96.1187|96.6842|96.8988|97.1945|97.1938|96.8857,951|0|0|0|0|0|3|0|3|6|0|1142|1|2|4|0|0|3|9|3|4|2|931|12|0|1|4|6|5|4|1|1|4|1003|0|15|0|4|1|4|2|0|4|0|919|1|7|2|1|58|1|1|3|10|0|845|1|0|3|5|4|1|0|1|1|8|972|0|4|0|0|0|10|7|2|1|0|998|1|26|5|2|4|8|0|8|0|1|947|7|2|0|0|4|1|3|0|8|0|972
3,leaky_relu,leaky_relu,0,interleave,64,0.003,10,ce,ok,41.2316,98.6178,96.96,96.9615,97.1,97.0683,97.2,7,0.428959|0.182696|0.136333|0.108354|0.0906612|0.0764763|0.0655273|0.0578201|0.0498749|0.0433136,87.5467|94.5978|95.8622|96.7133|97.1956|97.6178|97.9667|98.1222|98.4067|98.6178,92.08|95.22|96.12|96.04|96.62|96.52|97.2|96.92|97.04|96.96,92.0764|95.1965|96.1138|96.0225|96.611|96.5122|97.19|96.9182|97.0387|96.9615,955|0|0|1|1|2|1|0|2|1|0|1147|1|1|2|0|0|7|5|1|2|6|929|7|3|1|5|11|3|2|0|1|4|994|1|20|0|7|4|2|2|0|6|0|940|1|7|3|1|34|0|1|3|2|0|848|5|0|3|7|4|0|0|0|1|7|975|0|4|0|1|1|5|2|2|4|0|1008|1|21|4|3|3|6|0|12|3|0|938|13|3|0|0|1|2|3|0|5|0|976
4,leaky_relu,leaky_relu,0,interleave,64,0.003,10,ce,ok,41.2315,98.6,97.5,97.4991,97.76,97.7373,97.5,10,0.440661|0.185218|0.132606|0.105747|0.0893324|0.0756438|0.0659122|0.057477|0.0499451|0.0433872,87.3178|94.5267|96.0489|96.7622|97.2733|97.64|97.9133|98.1756|98.4689|98.6,93.72|95.22|96.14|96.74|96.48|96.84|97.26|97.1|97.26|97.5,93.7052|95.2179|96.1343|96.7395|96.4738|96.8398|97.2592|97.1009|97.2554|97.4991,955|0|0|0|1|0|3|0|2|2|0|1150|1|1|3|0|0|4|5|0|2|2|946|4|4|0|2|5|3|1|0|2|4|998|1|13|0|8|5|2|0|0|4|0|975|1|3|1|1|9|0|0|5|7|0|840|9|0|5|3|2|1|0|1|5|2|977|0|3|0|2|2|5|2|4|0|0|1024|3|3|5|6|5|2|1|5|1|0|955|2|3|2|0|3|8|2|0|13|3|956
6,leaky_relu,leaky_relu,0,interleave,64,0.003,10,ce,ok,41.4169,98.6511,96.92,96.9219,96.64,96.616,97.4,8,0.440823|0.1763|0.126555|0.10258|0.0857381|0.0730859|0.0642559|0.0553948|0.0473528|0.0415406,86.9689|94.7889|96.1289|96.94|97.32|97.7644|98.0089|98.2244|98.5156|98.6511,93.86|95.84|95.7|96.58|96.54|97.2|97.22|97.4|97.16|96.92,93.8439|95.8287|95.6954|96.5826|96.5438|97.1989|97.2116|97.3904|97.1609|96.9219,955|0|2|0|0|1|0|0|2|3|0|1141|4|2|0|0|0|8|8|1|1|1|952|3|0|0|3|5|0|4|1|0|10|989|1|11|0|8|5|8|3|0|11|0|905|0|10|3|2|60|3|1|2|11|0|834|2|0|7|9|7|1|2|0|3|2|972|0|4|0|1|0|7|4|1|1|1|1009|1|20|7|5|3|6|0|8|5|3|936|9|3|0|0|3|2|2|0|8|1|971
5,leaky_relu,leaky_relu,0,interleave,64,0.003,10,ce,ok,41.443,98.5622,97.06,97.0654,97.17,97.1302,97.2,8,0.437766|0.191256|0.137331|0.109534|0.0897589|0.0759546|0.0658319|0.0578195|0.0510171|0.0440486,87.4822|94.3267|95.9156|96.6|97.28|97.66|97.8822|98.1444|98.4244|98.5622,93.1|94.86|94.94|95.84|96.92|96.48|96.68|97.2|97.06|97.06,93.055|94.8595|94.9432|95.8296|96.9216|96.4703|96.6675|97.1927|97.0688|97.0654,946|0|1|0|1|4|3|0|3|5|0|1152|1|4|3|0|0|0|4|0|2|4|944|7|4|0|2|3|3|0|0|0|5|1005|0|16|0|1|3|3|1|0|4|1|963|3|5|0|1|16|0|0|4|10|0|844|2|0|6|3|3|0|0|1|5|13|968|0|1|0|1|2|19|16|3|1|0|987|2|14|3|2|2|13|3|10|1|0|944|4|3|0|0|5|7|7|0|3|1|964
8,leaky_relu,leaky_relu,0,interleave,64,0.003,10,ce,ok,41.2614,98.7378,97.24,97.2481,97.14,97.1162,97.3,9,0.444223|0.188471|0.134657|0.108643|0.0890436|0.0757308|0.0662586|0.055505|0.0467902|0.0401861,87.3911|94.42|96.0089|96.6711|97.3356|97.7022|97.8844|98.3556|98.4822|98.7378,93.3|95.32|96.04|96.58|96.46|96.72|97.18|96.82|97.3|97.24,93.2727|95.2968|96.03|96.5697|96.4558|96.7029|97.182|96.8194|97.2966|97.2481,945|0|0|0|1|1|4|2|5|5|0|1151|2|2|2|1|0|2|3|1|2|6|921|15|8|1|4|8|2|2|0|1|2|1005|0|11|0|8|3|3|0|0|3|0|954|1|7|2|2|25|0|0|1|16|0|838|2|0|5|7|5|0|0|0|1|5|978|0|2|0|0|2|4|6|1|0|1|1014|2|15|3|6|2|6|1|6|4|2|947|5|3|1|0|7|5|1|0|10|2|961
7,leaky_relu,leaky_relu,0,interleave,64,0.003,10,ce,ok,41.2742,98.6867,97.22,97.2207,97.27,97.2435,97.22,10,0.434732|0.186063|0.130552|0.101914|0.0852988|0.0730919|0.0625914|0.0543089|0.0497529|0.0407258,87.3667|94.3911|96.0533|96.86|97.3733|97.7244|98.0733|98.2622|98.3978|98.6867,93.68|94.98|95.96|96.24|96.26|96.76|96.9|96.9|96.48|97.22,93.6569|94.9807|95.9482|96.2355|96.2442|96.7453|96.8937|96.9011|96.4864|97.2207,939|0|4|1|1|2|5|0|10|1|0|1150|1|1|3|0|0|2|6|1|0|3|921|18|6|3|6|3|8|1|0|1|3|1004|0|14|0|7|2|2|1|0|3|0|956|2|7|2|2|21|0|1|2|7|0|849|2|0|5|3|1|1|0|1|2|7|973|0|6|0|0|3|3|6|4|1|0|1017|1|10|1|4|0|6|1|3|3|1|961|2|2|0|1|10|3|4|0|7|6|957
10,leaky_relu,leaky_relu,0,interleave,64,0.003,10,ce,ok,41.1683,98.68,97.1,97.1042,97.2,97.1605,97.1,7,0.442621|0.181881|0.131725|0.104541|0.0851695|0.0724025|0.06266|0.0529491|0.0468342|0.0402215,86.8333|94.5667|96.1311|96.8667|97.4267|97.7933|98.0511|98.3622|98.4778|98.68,93.5|94.98|96.2|96.32|96.88|96.82|97.1|97.1|96.66|97.1,93.4637|94.9836|96.1902|96.3359|96.8847|96.8224|97.0981|97.1108|96.6606|97.1042,950|0|2|0|1|1|2|1|3|3|0|1151|1|2|3|0|0|3|2|2|1|3|939|6|6|1|0|7|5|1|1|4|4|993|1|9|0|10|7|4|1|0|5|0|964|0|4|2|1|17|0|3|5|13|0|819|6|0|10|13|4|2|1|0|3|6|969|0|6|0|0|1|6|1|3|0|0|1027|0|7|3|5|6|5|3|2|2|3|943|10|2|0|0|2|12|1|0|6|2|965
9,leaky_relu,leaky_relu,0,interleave,64,0.003,10,ce,ok,41.1695,98.6333,96.88,96.8724,97.12,97.0851,97.26,8,0.438944|0.179754|0.130626|0.103717|0.0853399|0.0737168|0.0626842|0.0546333|0.0487513|0.0431141,87.3022|94.6289|96.0889|96.9|97.3622|97.7133|98.0644|98.2622|98.4644|98.6333,92.8|95.38|95.5|96.42|96.42|96.5|96.58|97.26|96.84|96.88,92.794|95.3824|95.5226|96.4279|96.4194|96.5016|96.5754|97.2546|96.8375|96.8724,944|0|4|0|2|3|4|1|1|4|0|1156|1|2|3|0|0|1|1|0|0|6|940|8|7|1|1|4|2|0|0|3|5|1007|1|8|0|8|1|0|0|0|7|1|969|0|7|3|1|6|0|1|5|17|1|833|2|1|5|4|4|1|2|1|2|6|973|0|2|0|0|3|7|5|4|1|1|1019|1|4|3|6|10|14|3|6|5|0|929|6|1|1|1|10|17|5|0|12|1|942
2,leaky_relu,leaky_relu,0,interleave,64,0.01,10,ce,ok,41.3197,98.4533,96.66,96.6581,96.83,96.7939,97.16,8,0.307114|0.141651|0.105284|0.0864641|0.074198|0.0667228|0.0564692|0.0533852|0.0477592|0.0468049,90.7022|95.7556|96.7178|97.3178|97.6044|97.9156|98.1756|98.2311|98.5022|98.4533,95.2|95.42|96.48|96.28|95.56|96.48|96.48|97.16|96.7|96.66,95.202|95.428|96.4759|96.2751|95.5769|96.4835|96.4752|97.1413|96.7108|96.6581,951|0|2|0|0|0|6|0|2|2|0|1159|2|0|1|0|0|2|0|0|5|4|938|5|7|2|1|1|3|3|0|6|8|974|0|20|0|3|14|8|1|3|5|0|957|1|5|3|2|17|1|4|3|4|3|831|7|0|8|8|3|1|0|0|1|2|981|0|2|1|1|3|18|11|3|0|0|989|1|19|5|5|17|0|3|3|3|0|936|10|3|2|0|1|7|1|0|5|4|967
1,leaky_relu,leaky_relu,0,interleave,64,0.01,10,ce,ok,41.3323,98.6178,96.94,96.9424,97.02,96.9965,97,7,0.305461|0.140864|0.103483|0.0898509|0.0747619|0.0636988|0.0575085|0.0522051|0.0493366|0.0420982,90.6333|95.7111|96.7956|97.2111|97.6533|97.9489|98.0978|98.2911|98.3689|98.6178,94.72|95.7|96.5|96.52|95.92|96.98|97|96.84|96.22|96.94,94.7284|95.6899|96.5003|96.5132|95.9061|96.9879|97.0115|96.8201|96.2368|96.9424,943|0|3|4|1|0|9|0|2|1|0|1151|3|0|4|0|0|3|2|1|0|7|934|8|7|0|2|7|4|0|0|3|10|1001|1|7|0|10|1|0|0|0|3|1|970|0|9|1|2|8|1|4|1|22|0|829|4|0|5|3|3|5|0|4|4|10|962|0|3|0|0|1|13|3|2|0|0|1015|1|10|1|6|4|13|2|5|0|0|947|4|1|0|2|7|15|4|0|7|4|950
3,leaky_relu,leaky_relu,0,interleave,64,0.01,10,ce,ok,41.2259,98.44,96.96,96.9699,97.28,97.2499,96.98,8,0.30699|0.144287|0.110001|0.0910415|0.0751872|0.0649652|0.0606028|0.0548804|0.0474267|0.0505056,90.6067|95.5667|96.64|97.2111|97.6644|97.8889|98.06|98.2511|98.4533|98.44,92.4|96.04|96.46|96.2|96.48|96.68|96.7|96.98|96.44|96.96,92.5597|96.0298|96.4459|96.1851|96.4747|96.683|96.688|96.9738|96.4396|96.9699,955|0|1|1|1|1|0|0|2|2|0|1154|1|1|1|0|0|4|2|1|3|10|918|7|7|0|3|12|6|3|0|1|6|1001|0|10|0|6|8|1|4|1|1|0|956|0|4|3|3|22|1|1|0|13|0|839|4|0|3|8|5|0|0|3|1|8|972|0|2|0|0|1|3|4|1|1|1|1027|1|6|4|5|4|6|1|2|1|0|956|3|3|2|0|7|8|4|0|5|11|950
4,leaky_relu,leaky_relu,0,interleave,64,0.01,10,ce,ok,41.2309,98.5222,97.18,97.1828,97.43,97.4035,97.18,8,0.309922|0.145268|0.108123|0.0858088|0.0761422|0.0647718|0.0584226|0.0535637|0.0522036|0.0450787,90.4778|95.4844|96.7|97.36|97.6111|97.9689|98.0911|98.3222|98.3111|98.5222,93.76|95.26|96.78|96.9|96.82|96.82|97.04|97.18|96.86|97.18,93.8306|95.2717|96.7671|96.8922|96.8018|96.8167|97.0344|97.1874|96.8656|97.1828,952|0|2|0|1|0|3|0|2|3|0|1153|3|1|3|0|0|3|1|0|2|2|946|4|4|1|1|8|0|1|0|2|12|991|1|10|2|9|3|3|0|0|5|0|956|0|7|2|1|23|0|0|3|5|1|842|4|0|11|3|4|2|0|0|4|3|971|0|7|0|2|0|7|4|2|0|0|1023|0|7|5|4|12|4|1|4|1|0|941|10|3|2|1|3|6|1|0|6|0|968
6,leaky_relu,leaky_relu,0,interleave,64,0.01,10,ce,ok,40.0314,98.5956,96.84,96.8264,97.29,97.2564,97.22,9,0.302501|0.138558|0.105904|0.0876979|0.0744303|0.0667861|0.0552595|0.0531463|0.0481091|0.0422568,90.6711|95.8|96.6644|97.3133|97.72|97.9111|98.2689|98.2733|98.4822|98.5956,94.22|96.18|96.46|96.58|96.74|96.94|96.92|96.66|97.22|96.84,94.2121|96.1782|96.4437|96.5887|96.7352|96.9403|96.9291|96.6642|97.2266|96.8264,954|0|2|0|0|0|2|0|3|2|0|1152|2|0|0|0|0|3|7|0|2|1|932|19|1|0|2|6|5|1|0|1|4|1009|1|10|0|5|1|2|1|2|9|0|943|0|3|2|1|33|2|0|1|10|0|837|6|0|4|9|5|0|0|1|0|4|980|0|1|0|2|0|4|6|3|1|0|1020|1|8|5|3|2|14|0|12|2|1|938|5|4|1|1|9|2|0|0|8|1|964
5,leaky_relu,leaky_relu,0,interleave,64,0.01,10,ce,ok,40.0418,98.4644,97.4,97.3905,97.23,97.1859,97.4,10,0.310138|0.141871|0.107671|0.0886693|0.0756443|0.0654638|0.0569349|0.0500071|0.0502528|0.0479057,90.5822|95.6933|96.7111|97.1933|97.6378|97.9156|98.1667|98.4044|98.4244|98.4644,95.18|95|96.18|95.04|97.1|96.6|97.04|97.1|96.54|97.4,95.1665|95.006|96.1785|95.0961|97.1079|96.5902|97.0278|97.0843|96.5333|97.3905,938|1|1|0|1|5|7|0|4|6|0|1152|1|2|4|0|0|3|2|0|1|3|928|11|4|1|3|3|9|6|0|2|9|993|1|19|0|3|1|5|0|0|4|0|966|1|4|3|1|15|0|0|0|8|0|829|13|0|7|12|2|0|0|0|7|2|978|0|2|0|0|3|9|4|1|1|0|1019|1|7|1|5|1|5|5|3|4|1|949|8|1|1|2|0|7|1|0|5|2|971
8,leaky_relu,leaky_relu,0,interleave,64,0.01,10,ce,ok,41.0894,98.5467,96.84,96.8416,96.97,96.9308,97.26,9,0.311963|0.143831|0.10707|0.0869477|0.0729662|0.0624847|0.0559699|0.0499795|0.0463055|0.0435241,90.4622|95.6156|96.6511|97.2178|97.6533|98.0044|98.2467|98.3978|98.52|98.5467,94.64|95.68|96.62|96.6|96.8|96.82|96.76|97.02|97.26|96.84,94.6703|95.6713|96.6083|96.6039|96.8021|96.8204|96.766|97.0189|97.2681|96.8416,955|0|0|1|1|0|2|0|2|2|0|1153|2|1|0|0|0|3|3|2|2|4|934|16|4|0|1|3|5|0|0|1|5|1011|0|9|0|3|1|3|1|1|4|0|940|2|10|1|3|32|1|4|3|34|0|812|4|0|3|8|4|2|0|1|0|6|976|0|2|0|0|0|9|10|2|1|0|1005|1|17|2|7|2|9|0|8|3|0|942|9|2|0|1|5|3|1|0|7|2|969
7,leaky_relu,leaky_relu,0,interleave,64,0.01,10,ce,ok,41.0957,98.6222,97.32,97.3107,97,96.9675,97.32,10,0.303689|0.143003|0.108217|0.0873995|0.0753537|0.0668759|0.057376|0.0500575|0.0499793|0.0428822,90.6689|95.66|96.6022|97.1644|97.6689|97.9422|98.1556|98.3933|98.3778|98.6222,95.02|95.66|95.86|95.88|96.68|96.58|97|96.56|96.78|97.32,95.0158|95.6393|95.8584|95.8654|96.6699|96.5704|96.9887|96.5505|96.7597|97.3107,943|0|2|1|1|0|7|0|6|3|0|1149|2|1|3|0|1|4|4|0|3|2|928|11|1|1|3|12|8|0|1|0|8|979|0|23|1|10|9|2|0|0|3|0|946|2|14|6|4|19|0|2|1|3|0|848|4|0|9|2|2|1|1|0|0|7|973|0|7|0|0|0|1|2|2|0|1|1034|2|3|1|5|4|4|1|2|2|1|954|8|1|2|0|3|8|6|0|17|7|946
9,leaky_relu,leaky_relu,0,interleave,64,0.01,10,ce,ok,41.1897,98.3467,97.06,97.0477,96.96,96.9158,97.06,6,0.306706|0.143053|0.110189|0.0919314|0.074911|0.0696132|0.0577658|0.0533876|0.0492054|0.0512071,90.5711|95.5889|96.5756|97.2133|97.6711|97.7933|98.1933|98.3022|98.4422|98.3467,94.44|95.72|95.48|96.54|96.9|97.06|96.82|96.54|96.4|97.06,94.4198|95.726|95.479|96.5365|96.8939|97.0678|96.8072|96.5214|96.4173|97.0477,943|0|6|1|3|1|2|1|3|3|0|1156|1|1|0|0|0|3|3|0|1|3|944|6|2|2|1|4|5|1|0|2|7|1006|0|9|0|7|0|2|1|0|14|0|953|1|8|10|3|4|2|0|3|26|0|826|3|1|4|4|6|3|6|1|1|4|969|0|1|0|0|1|12|4|0|1|0|1021|1|5|3|7|6|12|2|9|1|1|936|5|2|0|2|8|16|3|0|12|5|942
10,leaky_relu,leaky_relu,0,interleave,64,0.01,10,ce,ok,41.1907,98.5222,97.06,97.0601,96.94,96.9021,97.06,10,0.309335|0.140607|0.106717|0.0881085|0.0749506|0.0659812|0.0584019|0.0530734|0.0487431|0.0454136,90.5156|95.7267|96.7333|97.2311|97.5778|97.9756|98.1422|98.28|98.4667|98.5222,95.06|95.76|96.78|97.02|96.58|96.84|96.84|96.96|96.94|97.06,95.0379|95.7612|96.7791|97.0185|96.5887|96.8432|96.8393|96.969|96.9435|97.0601,949|0|4|2|1|1|2|1|2|1|0|1155|1|1|1|0|0|3|2|1|0|2|947|6|3|0|0|8|3|0|0|3|5|997|1|15|0|3|6|3|0|1|4|0|954|0|6|2|3|24|0|3|2|6|0|841|1|0|10|6|6|7|0|1|4|25|945|0|3|0|0|3|5|4|2|3|0|1006|1|21|2|7|17|7|1|4|1|0|939|4|3|0|0|4|6|4|0|8|4|961
2,leaky_relu,leaky_relu,0,interleave,64,0.03,10,ce,ok,41.1007,96.8622,95.5,95.537,95.43,95.4199,96.72,5,0.347772|0.214599|0.172643|0.147563|0.145504|0.1374|0.127556|0.109921|0.117836|0.117966,89.6622|93.94|95.1422|95.6911|95.9311|96.2289|96.5644|96.9489|96.9089|96.8622,92.94|95.16|95.06|95.48|96.72|96.06|95.44|96.18|96.04|95.5,92.9031|95.1587|95.0605|95.4924|96.7094|96.0637|95.4842|96.1773|96.0507|95.537,940|0|3|0|1|1|1|0|5|12|1|1149|2|3|1|0|0|1|6|1|4|1|943|7|0|1|0|1|9|3|1|3|10|996|0|6|0|2|3|12|7|1|5|0|868|2|6|2|3|100|1|1|2|21|0|808|7|0|10|19|7|1|3|0|1|8|963|0|8|0|0|2|10|6|2|1|0|977|0|47|5|7|10|1|1|3|1|0|923|31|3|0|0|1|2|2|0|4|2|976
1,leaky_relu,leaky_relu,0,interleave,64,0.03,10,ce,ok,41.1063,96.8756,96.52,96.5172,96.41,96.3567,96.52,10,0.343708|0.207258|0.167684|0.159714|0.141316|0.135091|0.126791|0.122535|0.120535|0.118398,89.8044|94.1489|95.2533|95.5289|96.0511|96.2733|96.5844|96.6822|96.7889|96.8756,92.98|93.44|94.9|95.56|94.92|95.9|95.42|95.46|94.52|96.52,92.9371|93.4494|94.9392|95.5726|94.888|95.9152|95.4379|95.4554|94.5856|96.5172,937|1|0|3|1|2|4|2|12|1|0|1156|1|2|0|0|0|0|5|0|1|11|918|9|8|4|5|8|5|0|0|4|5|998|0|16|1|6|2|1|0|0|3|0|952|3|9|7|3|17|1|0|1|9|1|851|2|1|2|1|4|2|0|1|4|19|958|0|3|0|1|3|4|1|3|2|0|1028|2|1|3|6|5|7|3|13|3|2|936|4|2|0|0|13|12|14|1|33|8|907
3,leaky_relu,leaky_relu,0,interleave,64,0.03,10,ce,ok,42.3219,96.8267,96.38,96.3852,96.34,96.2961,96.38,10,0.343059|0.20549|0.173733|0.148059|0.137515|0.135898|0.126726|0.137881|0.126584|0.11658,89.8933|94.14|95.0244|95.8756|96.1978|96.18|96.4089|96.3667|96.6956|96.8267,91.04|94.6|95.74|95.36|94.36|93.72|95.44|95.38|95.72|96.38,91.1087|94.5878|95.7444|95.3456|94.3758|93.7315|95.4531|95.3961|95.7309|96.3852,940|0|0|2|1|1|6|0|4|9|0|1150|1|2|2|0|1|3|5|0|3|1|924|16|4|2|4|4|11|0|0|5|6|995|0|10|0|8|7|2|2|2|3|0|941|0|20|3|9|14|0|1|3|15|1|820|7|0|14|8|4|0|0|0|2|2|979|0|3|1|0|3|11|4|5|0|0|1014|2|6|2|4|1|11|0|8|7|0|944|5|4|3|1|13|14|2|0|7|19|927
4,leaky_relu,leaky_relu,0,interleave,64,0.03,10,ce,ok,42.3434,97.2378,96.28,96.2931,95.98,95.9558,96.28,10,0.341793|0.208856|0.168295|0.147214|0.136355|0.135936|0.123285|0.111109|0.118928|0.101735,89.7933|94.0556|95.1933|95.7289|96.1689|96.1689|96.6756|96.8733|96.7333|97.2378,93.16|93.98|96.06|96.2|94.34|95.86|95.04|94.84|95.78|96.28,93.2046|93.9184|96.0623|96.1902|94.3432|95.8444|95.0601|94.832|95.7857|96.2931,925|0|0|0|1|5|10|0|10|12|0|1135|1|5|4|0|1|2|15|1|0|3|911|13|3|2|7|3|20|7|0|3|6|982|0|19|1|6|8|8|0|0|8|0|919|1|5|1|3|57|0|0|1|9|1|839|7|0|7|5|3|0|0|0|2|8|973|0|5|0|6|1|8|4|6|0|0|998|1|21|1|4|1|6|2|3|1|0|950|14|1|0|0|4|6|6|0|4|3|966
5,leaky_relu,leaky_relu,0,interleave,64,0.03,10,ce,ok,42.2176,96.68,96,96.008,96.09,96.0461,96,10,0.343575|0.206747|0.165787|0.15442|0.142403|0.130252|0.119239|0.124043|0.123225|0.12761,89.7111|94.1467|95.2022|95.5756|95.9978|96.4156|96.6244|96.5911|96.7622|96.68,94.48|91.2|94.78|93.46|95.76|95.46|95.48|95|95.46|96,94.4859|91.0877|94.8077|93.5117|95.7533|95.4614|95.459|94.9768|95.4516|96.008,944|0|2|1|2|2|4|0|6|2|0|1152|3|3|3|0|1|2|0|0|2|6|903|20|6|0|0|14|14|4|0|3|7|987|0|17|0|10|3|6|1|0|6|0|959|0|5|3|2|18|0|1|2|7|0|835|5|2|8|9|5|2|4|0|11|6|960|0|3|0|2|3|6|5|2|4|0|1015|1|7|3|12|2|23|8|12|2|1|906|13|1|2|2|6|13|4|0|12|2|948
6,leaky_relu,leaky_relu,0,interleave,64,0.03,10,ce,ok,42.471,96.9244,95.9,95.8872,95.59,95.541,96.14,7,0.340463|0.210796|0.170229|0.152418|0.143944|0.129653|0.13196|0.121307|0.118241|0.117435,90.0111|94.1244|95.1|95.7422|95.9689|96.4667|96.4533|96.6511|96.7978|96.9244,91.6|94.12|95.02|95.36|95.64|95.4|96.14|95.76|94.78|95.9,91.5922|94.0661|95.0235|95.37|95.6145|95.4039|96.142|95.7452|94.8111|95.8872,944|1|9|0|1|1|2|0|4|1|0|1140|6|2|1|1|0|7|5|2|3|1|951|2|4|0|0|6|1|1|1|0|26|955|0|30|0|11|4|6|3|0|15|0|923|0|4|4|1|44|5|2|3|7|1|830|3|0|8|10|16|0|12|0|5|12|941|0|5|0|2|2|11|1|4|3|0|1000|1|21|4|3|27|4|3|7|0|2|920|12|8|0|2|2|6|2|0|10|5|955
7,leaky_relu,leaky_relu,0,interleave,64,0.03,10,ce,ok,42.4254,97.1578,95.04,94.9917,95.2,95.0946,96,7,0.346544|0.207792|0.171688|0.144649|0.131068|0.133262|0.118442|0.114262|0.10855|0.105855,89.7067|94.1911|95.1756|95.7733|96.32|96.2733|96.6444|96.8956|97.0289|97.1578,94.16|93.98|95.04|94.34|95.18|95.86|96|95.48|95.18|95.04,94.1575|93.9786|95.0188|94.3516|95.1665|95.8549|95.9714|95.5411|95.1624|94.9917,949|0|0|1|3|2|0|1|5|2|0|1141|2|1|3|0|0|4|12|1|2|5|913|15|9|0|0|6|11|8|3|4|15|987|0|10|1|8|3|2|0|1|1|0|963|5|3|3|4|14|4|1|1|10|4|827|1|6|12|3|14|2|1|0|5|86|867|0|16|0|0|2|6|2|2|1|0|1024|0|8|6|3|6|12|1|8|1|3|919|23|2|1|0|17|11|8|0|16|5|930
8,leaky_relu,leaky_relu,0,interleave,64,0.03,10,ce,ok,42.3848,96.7244,94.64,94.6108,94.94,94.8667,96.3,7,0.343557|0.214146|0.17152|0.150816|0.139798|0.145236|0.130794|0.123772|0.121503|0.128504,89.9089|93.9911|95.1333|95.6822|96.1089|96.0933|96.3156|96.5578|96.8022|96.7244,92.02|92.82|95.5|95.52|94.84|94.9|96.3|93.36|96.08|94.64,92.0042|92.8223|95.4903|95.5146|94.8262|94.8916|96.2886|93.2831|96.0663|94.6108,916|0|6|0|1|0|33|1|2|4|0|1138|2|4|6|0|7|2|4|1|2|3|915|9|10|0|12|8|9|1|1|4|6|990|2|2|4|7|7|10|0|0|0|0|914|0|17|1|3|59|4|0|3|38|1|750|43|4|6|20|1|0|0|2|4|0|983|0|1|0|0|4|11|10|4|0|0|1000|2|14|3|5|3|5|3|3|18|2|924|16|2|0|2|5|2|0|1|13|1|964
9,leaky_relu,leaky_relu,0,interleave,64,0.03,10,ce,ok,42.4468,96.7933,95.16,95.1701,95.31,95.2464,96.26,8,0.341357|0.206328|0.166784|0.149044|0.13662|0.130731|0.130658|0.116216|0.117921|0.11869,89.9133|94.1556|95.3044|95.9022|96.1578|96.2333|96.3956|96.7933|96.8556|96.7933,92.76|95.56|95.46|95.74|96.22|94.72|95.48|96.26|95.12|95.16,92.7079|95.5756|95.4558|95.7365|96.225|94.7365|95.5013|96.2755|95.1316|95.1701,928|0|13|0|2|8|2|2|4|4|0|1143|0|1|3|0|0|7|10|0|0|4|923|4|12|2|0|18|3|3|0|3|10|954|1|39|0|16|4|6|0|2|4|0|943|1|3|14|4|23|0|1|4|2|0|856|0|2|2|2|7|0|4|1|3|48|924|0|4|0|0|1|7|0|1|0|0|1034|1|1|1|6|10|4|1|36|0|6|897|21|3|0|2|3|7|11|0|35|0|929
10,leaky_relu,leaky_relu,0,interleave,64,0.03,10,ce,ok,42.3834,96.8511,95.76,95.7736,95.37,95.3285,95.96,7,0.345171|0.209204|0.16522|0.155283|0.146219|0.12825|0.11783|0.129617|0.119991|0.118656,89.5111|94.0778|95.2067|95.6578|96|96.4022|96.6911|96.5667|96.5867|96.8511,93.9|94.26|94.88|95.5|94.74|94.74|95.96|95.94|94.78|95.76,93.8634|94.2471|94.8539|95.51|94.763|94.6859|95.9738|95.939|94.7782|95.7736,941|0|1|0|1|3|3|0|10|4|0|1146|2|2|2|1|0|7|4|0|4|12|914|7|3|1|0|21|7|0|2|3|8|972|0|32|0|8|5|3|1|1|6|2|917|1|3|4|12|47|2|1|0|10|1|845|1|0|8|1|4|14|1|1|3|45|911|0|12|0|1|5|5|3|2|7|0|998|2|22|4|12|5|8|0|11|0|0|938|4|1|3|1|7|0|4|0|4|15|955
1,leaky_relu,leaky_relu,0,interleave,64,0.1,10,ce,ok,42.6043,84.2378,86.92,86.9215,86.45,86.3056,86.92,10,6.77745|5.2327|4.82376|4.68376|4.50815|4.53763|4.44921|4.5014|4.41298|4.35526,72.6889|81.0622|82.5422|83.0489|83.6844|83.5778|83.8978|83.7089|84.0289|84.2378,76.96|82.88|81.04|81.24|86.74|81.26|80.74|79.88|81.42|86.92,75.824|82.4096|80.9448|80.6791|86.6763|81.1191|80.642|79.2843|81.4388|86.9215,797|0|6|9|2|85|29|5|27|3|0|1076|2|11|3|11|0|13|43|5|3|6|805|37|16|18|5|17|53|9|0|4|10|891|1|48|2|25|30|22|2|0|6|1|917|8|3|0|10|47|3|2|8|42|11|762|11|6|13|11|2|3|89|1|21|51|799|0|21|4|2|2|3|8|17|10|4|978|2|19|0|11|19|23|9|76|0|9|799|36|3|1|3|15|40|25|0|75|7|821
2,leaky_relu,leaky_relu,0,interleave,64,0.1,10,ce,ok,42.44,83.9533,84.9,84.6166,84.07,83.6557,86.26,8,6.92327|5.05341|4.7771|4.73412|4.53149|4.52903|4.49158|4.46272|4.44737|4.43386,72.0422|81.7111|82.7111|82.8667|83.6|83.6089|83.7444|83.8489|83.9044|83.9533,83.72|83.48|84.18|84.52|81.42|82.98|83.84|86.26|83.58|84.9,83.6366|83.2425|83.7582|84.2867|81.2472|82.5704|83.8321|86.0927|83.5603|84.6166,879|0|5|11|0|8|40|6|5|9|0|1069|65|2|3|7|4|2|9|3|12|6|817|13|1|8|44|19|19|30|11|7|67|841|2|27|19|19|17|23|3|3|15|2|718|1|83|7|10|152|41|25|8|49|13|566|43|20|87|17|2|1|6|0|0|12|964|0|4|2|7|3|15|3|8|0|3|953|2|51|6|25|40|50|3|24|34|6|720|74|8|3|0|24|9|2|3|47|14|880
3,leaky_relu,leaky_relu,0,interleave,64,0.1,10,ce,ok,42.5513,83.9289,83.32,83.1269,83.28,82.9618,87.42,7,6.94746|5.11604|4.81701|4.77403|4.72183|4.60087|4.47131|4.32088|4.30307|4.44061,71.5756|81.4844|82.5667|82.7222|82.9111|83.3489|83.8178|84.3622|84.4267|83.9289,75.86|81.16|81.5|82.88|84.9|79.84|87.42|81.92|85.28|83.32,75.1888|80.1011|81.4079|82.892|84.8424|79.736|87.3099|81.6954|85.2193|83.1269,826|1|13|34|5|23|42|2|16|1|3|1013|3|4|5|10|1|103|16|6|17|43|645|36|19|8|116|48|23|14|3|14|9|887|4|12|19|49|28|8|10|3|3|6|916|2|28|2|9|15|30|4|10|71|13|646|11|2|76|6|40|18|17|1|17|44|848|1|5|0|24|0|3|2|22|4|6|951|6|27|27|28|5|23|7|15|1|4|853|19|40|0|0|31|95|18|1|40|22|743
4,leaky_relu,leaky_relu,0,interleave,64,0.1,10,ce,ok,42.3787,84.5756,81.66,80.4561,82.07,80.6701,86.32,7,6.76192|5.13139|4.80411|4.56833|4.54929|4.59596|4.55236|4.34728|4.13974|4.26193,72.5311|81.4289|82.6133|83.4667|83.5356|83.3667|83.5244|84.2667|85.0178|84.5756,81.96|84.86|84.34|80.48|84.74|85.38|86.32|83.52|82.6|81.66,81.3646|84.7346|83.8755|79.9501|84.4504|84.9813|86.4726|83.6473|82.3913|80.4561,950|0|4|3|1|0|1|0|3|1|1|1092|45|6|2|6|4|1|7|0|31|7|857|8|17|5|11|16|9|8|22|5|55|890|3|16|1|22|10|9|9|3|15|3|850|9|3|19|3|80|241|7|33|167|15|323|10|7|59|7|39|2|40|1|36|4|863|1|5|0|20|11|10|6|9|8|0|920|6|55|33|26|154|75|7|52|9|3|611|12|9|6|3|20|33|8|1|53|6|851
5,leaky_relu,leaky_relu,0,interleave,64,0.1,10,ce,ok,42.3804,84.2533,85.78,85.8452,85.44,85.2323,86.18,5,6.79223|5.11358|4.77403|4.82745|4.59842|4.55728|4.61622|4.53333|4.4357|4.35097,72.4933|81.4933|82.7222|82.5289|83.3578|83.5067|83.2933|83.5933|83.9467|84.2533,78.88|74.64|80.92|82.62|86.18|75.8|84.56|85.64|85.62|85.78,77.9913|74.4238|80.677|82.0665|86.2747|75.6133|84.3461|85.5284|85.4001|85.8452,934|0|0|3|1|6|3|0|15|1|0|1076|1|7|3|18|0|2|52|5|27|14|733|73|29|10|25|5|44|9|3|3|16|896|3|61|1|3|33|14|5|2|3|2|913|1|31|1|19|17|20|5|2|20|13|766|3|0|30|10|19|9|2|1|12|18|894|0|34|2|4|4|19|83|46|4|3|645|4|233|9|5|6|17|4|51|2|0|863|25|8|2|1|21|87|21|1|4|21|824
6,leaky_relu,leaky_relu,0,interleave,64,0.1,10,ce,ok,42.5925,84.4622,86.56,86.4811,86.88,86.6524,86.96,1,6.97399|5.03069|4.91034|4.84034|4.65368|4.60701|4.53517|4.42526|4.39763|4.29325,71.8156|81.7933|82.2289|82.4822|83.1578|83.3267|83.5867|83.9844|84.0844|84.4622,86.96|84.3|84.72|84.12|84.04|80.78|81.94|84.28|85.58|86.56,86.926|84.2892|84.6416|83.5284|84.0179|81.3991|81.9285|84.5199|85.4771|86.4811,917|0|9|2|6|8|1|6|12|2|0|1125|2|0|5|0|1|21|10|0|11|33|798|8|17|5|27|22|44|4|8|25|40|786|5|73|3|57|24|12|2|2|9|0|933|0|9|5|1|33|20|9|7|15|53|700|14|13|22|16|26|6|6|1|34|14|897|0|7|0|4|7|7|3|34|1|0|956|2|31|10|42|18|18|50|44|6|11|765|18|7|3|1|14|90|7|0|53|4|811
7,leaky_relu,leaky_relu,0,interleave,64,0.1,10,ce,ok,42.3058,84.6267,84.98,85.0154,85.43,85.2521,85.12,8,6.86213|5.24007|4.93613|4.77771|4.69298|4.64078|4.44614|4.51491|4.48912|4.24781,72.12|81.0356|82.1356|82.7089|83.0156|83.2044|83.9089|83.66|83.7533|84.6267,80.36|84.76|80.98|83.68|84.4|76.32|81.9|85.12|83.56|84.98,80.2533|84.5903|80.1067|83.7425|84.3503|76.7152|81.6667|85.0667|83.1622|85.0154,877|0|3|1|7|33|14|14|12|2|0|1110|1|3|5|19|0|2|20|4|7|11|746|56|25|9|28|24|55|8|4|11|6|721|7|109|3|102|52|18|5|2|1|0|937|1|21|0|4|23|5|7|2|8|14|732|16|14|49|22|5|1|6|0|11|20|926|1|21|0|3|10|4|6|70|1|0|799|1|151|4|21|0|6|11|39|2|6|870|23|2|1|2|11|119|5|3|9|13|825
8,leaky_relu,leaky_relu,0,interleave,64,0.1,10,ce,ok,41.2581,84.2644,83.8,83.7397,82.9,82.6003,88.06,9,6.63818|5.04358|4.96315|4.81025|4.7249|4.84955|4.5935|4.35158|4.46824|4.34789,72.6889|81.7467|82.0378|82.5911|82.9|82.4489|83.3756|84.2511|83.8289|84.2644,75.32|84.38|83.08|85.5|85.74|84.32|85.18|83.3|88.06|83.8,74.2164|84.3873|83.0489|85.4012|85.7541|84.0181|84.9514|82.8066|87.9766|83.7397,671|1|21|5|3|206|4|4|29|19|0|1075|3|45|5|8|2|2|20|4|3|3|658|185|21|10|46|7|20|16|0|4|8|937|2|21|5|9|37|10|3|3|0|2|895|1|12|3|20|55|11|4|5|66|14|593|6|9|107|54|11|3|7|1|16|32|879|0|17|25|2|5|8|34|22|2|1|839|0|132|3|15|6|46|2|12|7|1|864|26|2|0|1|38|29|3|0|10|28|879
9,leaky_relu,leaky_relu,0,interleave,64,0.1,10,ce,ok,41.4066,83.8178,87.88,87.848,87.93,87.7375,87.88,10,6.58706|5.27261|4.76666|4.6807|4.57079|4.47561|4.43017|4.54807|4.34175|4.47131,72.2933|80.9178|82.7489|83.06|83.4578|83.8022|83.9667|83.54|84.2867|83.8178,81.34|83.28|79.84|83.92|86.44|83.22|82.9|74.52|81.34|87.88,81.0169|83.3831|79.7584|83.3848|86.2729|83.3499|82.7032|73.6917|81.2087|87.848,901|0|19|4|1|26|3|1|8|0|0|1102|23|7|1|12|0|5|11|3|10|5|889|9|12|21|3|9|5|6|3|4|59|902|1|21|1|11|21|10|3|1|8|3|889|10|5|6|7|62|16|4|8|72|5|732|3|3|14|12|15|4|22|5|15|93|829|0|6|2|6|5|37|4|8|1|0|953|3|28|2|14|64|30|10|97|2|6|729|28|8|0|3|12|31|12|2|49|6|867
10,leaky_relu,leaky_relu,0,interleave,64,0.1,10,ce,ok,42.5006,83.6356,82.86,82.8935,82.43,82.2857,85.76,9,6.80929|5.19218|4.82929|4.6592|4.54008|4.56894|4.55421|4.41912|4.62973|4.52166,72.0178|81.2089|82.5222|83.1378|83.5689|83.4644|83.5178|84.0067|83.2444|83.6356,84.6|84.32|82.78|80.46|83.02|83.76|83.78|83.04|85.76|82.86,84.2273|84.2184|82.6668|80.2991|82.681|83.3118|83.7588|83.0314|85.6364|82.8935,891|0|43|1|3|8|4|0|13|0|0|962|86|15|2|2|3|77|16|1|10|9|839|33|12|3|26|4|30|3|3|2|63|845|0|31|4|32|49|4|1|11|9|3|841|2|56|18|40|13|26|6|19|80|8|641|26|6|54|3|8|2|41|1|2|18|884|0|35|0|17|2|66|6|17|2|1|921|4|9|9|31|20|21|2|36|13|13|836|1|10|10|5|16|37|23|6|212|88|583
1,tanh,relu,0.5,interleave,64,0.001,10,ce,ok,45.1456,97.5289,96.66,96.6597,96.6,96.5569,96.66,10,0.679573|0.278015|0.215803|0.178678|0.152744|0.133776|0.118381|0.105431|0.094776|0.0857872,83.0667|91.98|93.6644|94.8089|95.5756|96.08|96.5178|96.9178|97.2444|97.5289,90.74|92.72|93.96|94.96|95.08|95.7|95.74|96.36|96.36|96.66,90.6505|92.6756|93.9265|94.9467|95.0599|95.6903|95.7427|96.3499|96.3629|96.6597,945|0|0|1|1|4|4|0|7|1|0|1144|2|0|4|1|0|3|9|1|2|4|926|5|7|2|4|7|11|1|0|4|7|973|1|19|2|13|11|3|1|0|4|0|963|1|9|3|4|9|0|1|6|9|0|836|5|0|7|5|5|1|0|0|1|7|970|0|7|0|2|1|4|4|3|0|0|1023|1|7|2|4|3|5|3|6|1|0|955|3|1|0|2|6|22|9|0|19|6|925
2,tanh,relu,0.5,interleave,64,0.001,10,ce,ok,45.0111,97.7622,96.74,96.732,96.65,96.6028,96.74,10,0.678468|0.27384|0.211222|0.172574|0.145666|0.125533|0.110084|0.0978342|0.0879586|0.079855,81.9133|92.0489|93.8933|94.9244|95.76|96.3111|96.7644|97.1422|97.4444|97.7622,90.76|93.08|94.1|94.92|95.42|95.8|96.24|96.4|96.5|96.74,90.6633|93.0422|94.0718|94.9016|95.4007|95.7816|96.244|96.3938|96.5015|96.732,949|0|0|0|1|1|5|0|5|2|0|1151|4|2|2|0|0|2|2|1|2|2|924|7|5|4|7|9|9|0|2|3|7|994|1|12|0|9|2|3|3|1|5|0|951|1|9|2|1|21|2|1|3|15|1|825|7|0|5|10|4|1|0|0|3|3|977|0|3|0|1|0|7|6|5|1|0|1013|0|12|6|5|4|11|4|8|5|1|932|6|4|2|0|7|13|1|0|13|1|949
3,tanh,relu,0.5,interleave,64,0.001,10,ce,ok,45.1415,97.6156,96.74,96.7375,96.6,96.5615,96.74,10,0.668525|0.275966|0.213852|0.174395|0.148324|0.129026|0.113931|0.10185|0.0909299|0.0823415,82.7489|92.0044|93.8289|94.8556|95.6711|96.2644|96.7222|96.9911|97.3889|97.6156,90.68|93.3|94.08|94.8|95.46|95.58|95.76|96.36|96.66|96.74,90.5885|93.2475|94.0406|94.778|95.4373|95.5704|95.7444|96.3502|96.6526|96.7375,948|0|0|1|1|4|3|0|5|1|0|1151|3|1|0|1|0|4|3|1|3|6|930|5|7|1|4|9|4|0|0|4|9|982|1|17|0|13|4|3|4|1|6|0|939|2|13|4|1|24|2|4|3|8|0|834|9|2|3|4|5|1|0|0|0|4|979|0|2|0|0|2|3|1|3|1|1|1025|0|9|4|8|4|11|0|7|9|1|936|2|4|2|1|8|13|4|1|20|1|936
4,tanh,relu,0.5,interleave,64,0.001,10,ce,ok,44.9882,97.5267,96.36,96.3492,96.51,96.4554,96.4,9,0.670432|0.276408|0.215446|0.17556|0.149534|0.130896|0.116107|0.104334|0.0942573|0.0853658,83.1511|92.0133|93.7556|94.9289|95.6|96.1622|96.5933|96.9911|97.2533|97.5267,90.86|92.72|94.4|95.08|95.42|95.76|95.96|96.28|96.4|96.36,90.8095|92.6711|94.3831|95.0467|95.4072|95.7513|95.954|96.28|96.3921|96.3492,950|0|0|1|1|2|2|0|5|2|0|1148|4|1|3|0|0|2|5|1|2|2|927|8|5|2|3|8|9|3|2|3|6|987|1|17|0|8|5|4|2|0|7|1|949|0|7|2|3|23|5|3|5|10|0|820|7|1|11|7|8|1|2|0|4|7|958|0|11|0|2|1|5|3|5|0|0|1019|1|9|5|5|5|10|1|6|3|0|940|7|2|1|0|5|12|2|0|12|3|953
5,tanh,relu,0.5,interleave,64,0.001,10,ce,ok,45.2462,97.7822,96.66,96.6523,96.46,96.4206,96.66,10,0.665863|0.276955|0.214959|0.174749|0.146355|0.126001|0.109958|0.0975149|0.0872655|0.0775079,82.5667|91.9356|93.7822|94.8467|95.7|96.3|96.72|97.1467|97.4467|97.7822,90.52|92.58|93.78|94.82|95.28|95.62|96.26|96.5|96.46|96.66,90.4252|92.5545|93.7437|94.7989|95.2737|95.6156|96.2491|96.4888|96.4652|96.6523,948|0|0|1|1|3|4|0|4|2|0|1145|4|3|2|1|0|1|7|1|5|3|921|13|8|0|3|4|10|2|1|3|2|997|1|16|1|5|4|3|1|0|5|0|954|1|7|3|2|21|1|3|5|11|1|828|8|1|4|7|4|1|1|1|3|5|974|0|2|0|0|3|11|11|2|1|0|993|2|22|3|6|2|13|3|10|3|1|937|4|3|1|0|8|13|7|0|7|2|949
6,tanh,relu,0.5,interleave,64,0.001,10,ce,ok,44.941,97.7156,96.58,96.5845,96.69,96.6641,96.58,10,0.684974|0.276425|0.214767|0.174652|0.145443|0.125001|0.10952|0.097393|0.0871443|0.07922,81.7267|92.0222|93.7133|94.94|95.7422|96.32|96.8333|97.1489|97.5133|97.7156,90.48|93|94.02|95.04|95.36|95.64|96.28|96.28|96.38|96.58,90.4187|92.9547|94.0007|95.0359|95.3421|95.6369|96.2746|96.2755|96.3796|96.5845,949|0|1|1|1|3|2|0|5|1|0|1140|4|3|3|0|1|3|9|1|2|4|933|5|7|0|2|5|10|1|1|4|7|985|1|12|0|9|11|3|5|0|7|0|943|0|5|3|2|29|2|0|3|13|0|837|5|0|2|7|6|0|0|0|2|6|973|0|4|0|5|1|8|4|5|0|0|1007|2|13|5|4|3|7|1|5|5|0|950|2|3|1|1|7|8|4|0|11|3|952
7,tanh,relu,0.5,interleave,64,0.001,10,ce,ok,45.1782,97.6444,96.74,96.744,96.51,96.486,96.74,10,0.672956|0.280274|0.216261|0.173388|0.146261|0.126349|0.111252|0.0999186|0.0900513|0.0811351,82.3533|91.82|93.7378|94.9489|95.7844|96.2511|96.7533|97.1111|97.3978|97.6444,90.46|92.82|93.88|94.82|95.18|95.62|95.84|96.46|96.46|96.74,90.4033|92.7903|93.8459|94.782|95.1431|95.6034|95.8297|96.4488|96.4539|96.744,937|0|1|1|1|3|4|0|12|4|0|1141|3|0|5|0|0|2|12|1|3|2|921|13|6|1|3|5|13|2|0|3|1|989|1|16|0|9|12|2|0|0|6|2|955|1|6|1|2|21|0|0|3|10|1|836|5|1|8|5|3|1|0|1|2|7|966|0|11|0|1|3|4|6|6|4|0|1005|2|14|1|5|1|11|1|3|3|0|955|2|1|1|0|15|10|4|0|10|3|946
8,tanh,relu,0.5,interleave,64,0.001,10,ce,ok,45.19,97.4911,96.72,96.7126,96.37,96.3336,96.72,10,0.678635|0.281659|0.220369|0.182434|0.155109|0.134635|0.119358|0.106106|0.0954625|0.0860494,82.6556|91.9289|93.6222|94.7244|95.4956|96.1111|96.5578|96.9089|97.2867|97.4911,90.36|92.66|93.84|94.2|95.06|95.52|96.12|95.98|96.44|96.72,90.3012|92.6258|93.8334|94.2009|95.0491|95.5115|96.1187|95.9778|96.4282|96.7126,947|0|0|1|1|0|3|0|9|2|0|1148|4|1|3|0|0|3|4|1|1|5|927|7|7|0|5|7|8|2|1|5|3|982|1|8|0|11|13|9|1|0|6|0|945|1|9|1|3|28|2|2|2|19|0|802|9|1|18|14|3|1|1|1|1|1|977|0|6|0|4|2|5|3|4|0|0|1006|1|20|2|7|4|9|1|2|7|1|942|7|1|2|0|5|7|0|1|9|4|961
9,tanh,relu,0.5,interleave,64,0.001,10,ce,ok,45.1637,97.76,96.38,96.3727,96.63,96.5824,96.62,9,0.695341|0.277205|0.215383|0.17479|0.145942|0.125265|0.109999|0.0975398|0.0881518|0.080173,81.5711|91.7444|93.7178|94.9511|95.8267|96.3422|96.86|97.2711|97.44|97.76,90.16|92.8|93.9|94.74|95.6|95.68|96.32|96.46|96.62|96.38,90.0823|92.7792|93.8843|94.7148|95.5866|95.6653|96.3183|96.4514|96.6159|96.3727,948|0|0|1|1|4|4|0|4|1|0|1153|3|2|2|0|0|2|2|0|0|5|936|7|5|1|4|6|5|0|0|5|6|982|1|23|0|12|3|1|3|0|7|0|963|1|8|3|1|8|1|1|5|9|0|841|6|0|3|3|4|1|1|1|2|6|974|0|2|0|2|1|8|4|6|0|0|1023|0|1|4|9|7|8|2|12|11|0|927|2|6|2|1|9|23|8|0|24|1|916
10,tanh,relu,0.5,interleave,64,0.001,10,ce,ok,45.1811,97.5822,96.56,96.5563,96.81,96.7703,96.56,10,0.676782|0.275899|0.21561|0.176042|0.149094|0.129678|0.113828|0.101466|0.0919711|0.082841,82.5578|91.9489|93.64|94.9133|95.64|96.2333|96.7422|97.0578|97.3289|97.5822,90.46|92.64|93.96|94.6|95.36|95.6|95.94|96.38|96|96.56,90.3622|92.6111|93.9328|94.5933|95.348|95.5873|95.9283|96.3727|95.982|96.5563,947|0|1|1|1|2|3|0|6|2|0|1149|4|1|3|0|0|3|3|1|3|3|934|4|8|0|2|8|6|1|2|4|7|989|1|12|0|10|5|3|3|0|8|0|941|0|7|2|5|28|1|1|5|16|1|823|8|1|7|6|7|1|1|0|2|2|973|0|5|0|1|1|7|2|5|1|0|1019|1|8|3|4|3|8|0|1|4|0|958|1|3|1|1|7|15|2|0|10|3|948
1,tanh,relu,0.5,interleave,64,0.003,10,ce,ok,44.7723,98.7778,97.16,97.1557,97.3,97.2628,97.28,7,0.41523|0.177636|0.125882|0.100091|0.0828125|0.0687118|0.0588867|0.0508429|0.0442553|0.0385711,88.3489|94.74|96.2311|97.0178|97.4867|97.8867|98.1578|98.4467|98.6178|98.7778,93.22|95.24|95.9|96.72|96.76|97.04|97.28|97.14|97.18|97.16,93.1908|95.2343|95.9139|96.7167|96.759|97.034|97.2858|97.1525|97.1828|97.1557,945|0|0|1|2|1|7|0|6|1|0|1148|1|1|5|0|0|4|5|0|1|4|924|5|9|1|4|11|9|1|1|4|5|984|0|20|0|11|4|4|0|0|2|0|974|1|6|4|2|5|0|1|4|7|0|849|2|0|4|2|3|0|0|0|2|8|973|0|5|0|1|1|3|3|2|1|0|1028|1|5|2|1|1|4|3|10|1|0|957|3|1|0|0|3|15|11|0|10|2|948
2,tanh,relu,0.5,interleave,64,0.003,10,ce,ok,44.9327,98.9089,97.44,97.4408,96.94,96.9141,97.44,10,0.413776|0.17345|0.123206|0.096637|0.0794448|0.065791|0.0549936|0.0478166|0.0409483|0.0360376,88.1867|94.8578|96.3178|97.0644|97.6067|98.0222|98.3356|98.52|98.7556|98.9089,93.74|95.64|96.44|97.1|96.58|96.92|97.22|97.26|97.12|97.44,93.7153|95.6282|96.4344|97.0952|96.5768|96.9132|97.2206|97.255|97.1136|97.4408,952|0|0|0|0|0|4|0|2|5|0|1149|3|2|2|0|0|5|2|1|0|2|932|11|2|0|6|6|8|2|0|2|6|983|2|17|0|9|5|9|0|0|4|0|951|1|6|2|1|29|0|1|3|10|1|836|5|1|4|8|1|2|1|0|2|7|976|0|2|0|0|0|5|3|3|0|1|1013|1|19|6|5|4|7|2|4|6|1|933|14|2|0|0|3|6|1|0|8|1|969
3,tanh,relu,0.5,interleave,64,0.003,10,ce,ok,44.8875,98.9756,97.5,97.4902,97.37,97.3369,97.5,10,0.41154|0.170156|0.122127|0.0960227|0.0795067|0.0670402|0.056322|0.0483327|0.0401536|0.035213,88.4444|94.9711|96.3378|97.1822|97.6178|97.9689|98.2756|98.5444|98.7289|98.9756,92.76|95.32|96.02|96.5|96.96|96.9|97.2|97.16|97.22|97.5,92.7532|95.2861|96.0099|96.4845|96.9392|96.8878|97.1883|97.1544|97.2231|97.4902,950|0|2|1|1|3|3|0|1|2|0|1156|2|0|0|0|0|3|2|1|1|4|941|5|5|1|2|8|1|1|0|2|3|998|1|13|0|10|5|1|0|2|5|0|947|0|10|7|3|20|2|0|1|10|2|843|3|1|4|3|4|1|2|0|1|8|973|0|2|0|2|1|6|2|2|1|0|1022|0|9|2|7|6|9|0|7|3|2|944|2|3|0|1|2|4|3|0|9|5|963
4,tanh,relu,0.5,interleave,64,0.003,10,ce,ok,44.6669,98.9489,97.34,97.3292,97.33,97.2924,97.34,10,0.411571|0.175733|0.126834|0.099745|0.0809202|0.0682622|0.0573256|0.0485419|0.0427857|0.0346521,88.52|94.7844|96.2489|96.9822|97.5933|97.9422|98.2533|98.5356|98.6422|98.9489,93.58|95.18|96.42|96.66|96.92|96.58|97.08|96.9|97.12|97.34,93.5606|95.1792|96.4132|96.6585|96.908|96.5651|97.0826|96.9014|97.1139|97.3292,954|0|0|1|1|1|3|0|2|1|0|1149|2|2|4|0|0|3|4|0|3|1|937|2|4|2|2|6|8|4|1|3|5|985|1|16|0|8|9|5|0|0|4|0|963|0|2|1|2|22|2|0|3|10|3|831|8|0|8|4|6|0|2|0|3|3|973|0|4|0|0|1|5|3|5|0|0|1016|2|13|6|2|2|5|0|5|1|0|957|4|2|0|0|6|6|1|0|5|2|968
5,tanh,relu,0.5,interleave,64,0.003,10,ce,ok,44.8415,98.9644,97.48,97.472,97.48,97.4505,97.48,10,0.411006|0.172823|0.12143|0.0934506|0.0760148|0.063016|0.0539156|0.0460536|0.0395606|0.0335021,88.3933|94.9244|96.3356|97.1356|97.72|98.0422|98.3867|98.5222|98.8289|98.9644,93.7|94.82|95.6|96.12|96.82|96.86|97.26|97.24|97.14|97.48,93.6701|94.8293|95.5971|96.1209|96.8108|96.8663|97.252|97.2382|97.1352|97.472,945|0|1|1|1|1|5|0|6|3|0|1150|3|2|3|0|0|2|4|0|0|3|938|9|5|0|2|3|9|0|0|1|5|999|1|10|0|8|6|3|1|0|6|0|964|1|6|4|3|9|0|2|4|11|0|838|2|0|4|8|3|0|2|0|1|5|975|0|5|0|0|1|10|6|3|1|0|1017|0|7|3|0|0|10|2|2|2|1|958|4|3|0|0|3|7|5|0|6|2|964
6,tanh,relu,0.5,interleave,64,0.003,10,ce,ok,44.9479,98.9933,97.26,97.248,97.39,97.3596,97.34,9,0.418053|0.170974|0.120054|0.0956338|0.0791307|0.0662902|0.0557566|0.0469195|0.0413357|0.0341702,88|94.9311|96.3689|97.1156|97.5756|97.8822|98.2311|98.5333|98.74|98.9933,93.96|95.5|96.14|96.58|96.18|97|97.18|97.16|97.34|97.26,93.9373|95.4918|96.1228|96.577|96.1411|96.99|97.1748|97.144|97.3452|97.248,954|0|0|1|1|0|3|0|3|1|0|1150|2|2|3|0|0|3|4|0|6|2|928|9|1|1|5|6|7|4|3|1|3|997|0|13|0|8|5|3|2|0|5|0|943|0|6|4|2|32|0|0|1|7|0|850|3|1|2|5|6|0|0|0|1|7|975|0|2|0|1|0|9|6|1|0|0|1021|1|6|3|3|4|5|1|7|3|0|954|2|2|0|0|5|5|4|0|7|0|967
7,tanh,relu,0.5,interleave,64,0.003,10,ce,ok,44.8362,98.9578,97.06,97.0725,97.42,97.3992,97.06,10,0.414042|0.169654|0.120905|0.0941255|0.0785197|0.0652873|0.0550851|0.0472013|0.0421986|0.033698,88.2178|94.8356|96.3733|97.14|97.5733|98.0511|98.2156|98.5578|98.6689|98.9578,93.48|95.54|96.22|95.78|96.4|96.9|96.74|96.82|96.88|97.06,93.463|95.5296|96.203|95.7671|96.3734|96.8978|96.736|96.8205|96.8699|97.0725,950|0|0|1|1|2|3|0|4|2|0|1159|1|0|1|0|0|2|1|0|2|7|917|16|3|1|4|10|7|2|0|5|3|997|1|13|0|7|6|1|0|0|4|0|973|0|4|2|1|10|0|0|2|9|0|845|3|0|6|4|5|1|0|0|2|5|975|0|3|0|0|1|4|9|3|0|0|1018|1|9|3|6|1|8|2|1|3|1|955|2|1|1|0|11|10|3|0|8|3|953
8,tanh,relu,0.5,interleave,64,0.003,10,ce,ok,44.3814,98.8756,97.1,97.0945,97.32,97.2798,97.24,6,0.421662|0.177663|0.126677|0.0999998|0.0810203|0.0684722|0.0590309|0.0495998|0.0424919|0.0365071,88.1044|94.7978|96.2022|97.0489|97.5089|97.9356|98.1089|98.5|98.7089|98.8756,93.5|95.18|96.24|96.66|96.7|97.24|97.14|97.14|97.14|97.1,93.5033|95.1644|96.2406|96.659|96.6989|97.2385|97.1419|97.1453|97.143|97.0945,951|0|1|0|1|0|3|0|4|3|0|1156|2|1|2|0|0|1|1|1|3|2|939|6|3|0|2|6|6|2|0|2|2|1004|2|6|0|8|5|4|1|0|7|0|950|1|7|2|3|23|0|2|1|20|0|817|8|0|9|12|5|1|1|0|3|1|979|0|1|0|1|3|11|1|1|0|0|1010|1|17|2|3|1|4|2|5|4|0|956|5|3|1|0|4|4|1|0|5|2|970
9,tanh,relu,0.5,interleave,64,0.003,10,ce,ok,43.5374,98.9111,97.18,97.1752,97.48,97.4481,97.18,9,0.422491|0.169793|0.120891|0.0954566|0.0787741|0.0662716|0.0565863|0.0481274|0.0419146|0.0358444,88.1889|94.9822|96.3311|97.1911|97.6533|97.9889|98.2778|98.5156|98.7044|98.9111,93.2|95.26|95.64|96.56|96.74|97|97.12|97.02|97.18|97.18,93.1904|95.2652|95.6649|96.5606|96.7357|96.9931|97.1205|97.0257|97.1748|97.1752,952|0|1|0|2|2|3|0|3|0|0|1155|1|2|1|0|0|3|1|1|0|5|943|5|2|0|2|7|5|0|0|0|4|1003|0|13|0|8|1|4|0|0|6|0|967|1|8|5|1|6|0|1|4|10|0|841|3|1|5|4|3|2|1|0|3|7|973|0|2|0|0|1|6|6|2|1|0|1026|0|3|5|10|4|8|1|6|3|1|938|6|3|0|0|2|14|5|0|14|2|950
10,tanh,relu,0.5,interleave,64,0.003,10,ce,ok,44.8357,98.9133,97.4,97.4079,97.2,97.1637,97.44,8,0.414705|0.173002|0.124119|0.0983952|0.0797578|0.0678772|0.0582368|0.0490469|0.041839|0.0361031,88.3511|94.8889|96.3378|97.0844|97.5978|97.9378|98.2067|98.4933|98.7289|98.9133,93.7|95.08|96.16|96.6|97.08|97.12|97.24|97.44|96.48|97.4,93.6656|95.0822|96.1517|96.6067|97.0778|97.1255|97.239|97.4418|96.4464|97.4079,948|0|0|1|1|1|4|0|5|3|0|1156|1|1|0|0|0|3|2|1|3|4|931|8|2|0|1|12|7|1|1|2|3|997|0|13|0|10|5|2|0|2|5|0|932|2|6|3|7|37|0|1|4|12|1|834|4|0|9|4|4|3|1|0|0|5|974|0|4|0|0|2|5|2|2|0|0|1021|0|13|2|4|3|3|1|6|2|0|960|1|2|1|1|3|5|2|0|5|4|967
1,tanh,relu,0.5,interleave,64,0.01,10,ce,ok,43.8154,99.0111,97.4,97.3984,97.5,97.4664,97.4,10,0.287434|0.132357|0.0971127|0.080258|0.0663407|0.0543108|0.0451747|0.0437186|0.0363562|0.0304037,91.32|96.0222|96.9533|97.5267|97.9667|98.2933|98.5156|98.5356|98.8422|99.0111,95.04|96.28|96.3|96.76|96.68|97.08|96.88|96.62|96.16|97.4,95.0258|96.2786|96.296|96.7545|96.6736|97.0719|96.881|96.6203|96.1825|97.3984,950|0|0|0|1|1|4|0|5|2|0|1150|1|0|3|0|0|3|6|1|7|5|926|5|4|2|6|7|6|1|0|1|7|999|0|10|2|10|4|0|1|0|3|1|964|1|6|4|1|13|2|0|2|10|0|838|6|0|6|5|1|1|0|0|2|5|978|0|4|0|1|2|6|1|1|1|0|1024|1|8|2|3|0|3|1|4|2|1|960|6|2|0|0|3|11|4|0|9|0|961
2,tanh,relu,0.5,interleave,64,0.01,10,ce,ok,42.9999,99.0378,97.08,97.0768,97.31,97.2776,97.22,9,0.288634|0.129545|0.09618|0.0750653|0.0632619|0.0503917|0.0456656|0.0376661|0.032714|0.0293915,91.2244|96.0644|97.0822|97.6178|97.9311|98.3933|98.4756|98.8178|98.9689|99.0378,95.14|96.28|96.66|97.12|96.76|97.02|96.7|97.12|97.22|97.08,95.1287|96.2661|96.6608|97.121|96.7517|97.0142|96.6982|97.1124|97.2166|97.0768,944|0|4|0|1|2|5|0|4|3|0|1150|4|0|3|0|0|4|3|0|0|1|938|9|2|1|5|7|5|1|0|2|5|994|1|11|0|8|7|5|0|0|5|0|969|1|6|0|1|12|0|2|3|10|1|834|7|0|6|6|0|1|0|1|5|3|978|0|3|0|0|0|6|3|6|0|1|1017|1|11|2|3|2|4|4|5|5|0|952|5|2|0|0|3|16|2|0|9|3|955
3,tanh,relu,0.5,interleave,64,0.01,10,ce,ok,41.8927,99.1733,97.24,97.2379,97.6,97.5606,97.24,10,0.286234|0.127729|0.0952107|0.0743954|0.0613302|0.0498919|0.0443633|0.0409783|0.0329727|0.024574,91.4178|96.1333|97.0667|97.6378|98.0711|98.3844|98.5844|98.6489|98.9533|99.1733,92.28|95.8|96.3|96.12|96.58|96.78|96.3|97.16|95.5|97.24,92.3906|95.7744|96.3001|96.0945|96.5945|96.7778|96.3011|97.1537|95.5743|97.2379,953|0|1|1|1|3|1|0|1|2|0|1156|1|0|1|0|1|3|2|0|0|1|935|12|4|1|4|3|7|2|0|0|7|991|1|16|0|7|8|3|2|1|4|0|970|0|4|0|1|12|1|0|1|11|0|843|4|1|3|5|1|0|0|1|2|3|979|0|5|0|0|1|5|1|3|1|0|1020|1|13|3|3|5|3|3|6|4|1|953|1|3|0|0|2|6|7|0|10|2|960
4,tanh,relu,0.5,interleave,64,0.01,10,ce,ok,42.8306,99.1556,96.92,96.9261,97.3,97.2619,97.16,8,0.28538|0.131293|0.0972379|0.0765538|0.0631542|0.0529239|0.0446107|0.034851|0.0341986|0.0261898,91.5467|95.9489|96.9622|97.5622|98.0178|98.2933|98.5378|98.8822|98.8756|99.1556,94.28|96.14|96.66|96.98|97.06|97.1|96.84|97.16|97.08|96.92,94.3289|96.1678|96.6576|96.9879|97.0564|97.1093|96.8416|97.164|97.0738|96.9261,951|0|0|1|1|1|2|0|6|1|0|1157|2|0|1|0|0|2|1|1|5|5|913|10|7|1|3|12|12|1|2|3|3|994|0|11|1|15|1|3|0|0|2|0|962|0|6|3|2|19|2|0|3|4|0|838|10|1|6|5|1|0|0|0|2|1|980|0|7|0|0|0|5|1|1|0|0|1035|0|3|5|5|3|4|2|3|2|1|955|2|4|0|2|3|5|5|0|20|6|945
5,tanh,relu,0.5,interleave,64,0.01,10,ce,ok,42.6695,98.9778,97.2,97.2066,97.39,97.3605,97.2,10,0.284406|0.12923|0.0948579|0.0763719|0.060997|0.0526487|0.0450587|0.0398461|0.0334781|0.0304781,91.3533|96.0111|97.1333|97.6267|98.1|98.3111|98.4978|98.6911|98.9|98.9778,95.6|95.12|96.84|95.82|97.12|96.68|97|96.86|97.06|97.2,95.5882|95.0938|96.8336|95.8538|97.1072|96.6832|96.9855|96.8526|97.0499|97.2066,948|0|1|1|2|0|7|0|2|2|0|1147|3|2|3|0|0|3|5|1|3|2|941|9|2|1|3|3|1|4|0|0|3|1007|1|10|0|5|3|4|1|0|2|0|973|1|6|3|1|7|1|1|4|14|0|831|6|0|4|8|4|1|0|1|1|1|982|0|1|0|1|0|6|6|2|0|0|1016|1|13|3|4|1|15|0|8|5|2|940|4|2|2|0|6|13|3|0|8|2|954
6,tanh,relu,0.5,interleave,64,0.01,10,ce,ok,43.8461,99.1511,97.22,97.2163,97.46,97.4417,97.24,6,0.28502|0.128776|0.0944316|0.0775916|0.0613216|0.0505148|0.0414573|0.0348907|0.0292595|0.0255547,91.28|96.0244|97.0044|97.5222|98.0244|98.3933|98.5978|98.8467|99.0622|99.1511,94.8|95.86|97.06|96.8|96.66|97.24|97.16|97.2|97.08|97.22,94.8005|95.8569|97.0585|96.8033|96.6684|97.238|97.1709|97.1912|97.0782|97.2163,953|0|1|1|1|1|2|0|2|2|0|1137|5|3|3|1|1|3|10|1|4|2|937|8|3|0|3|5|7|0|2|2|6|994|0|7|0|9|8|5|0|0|2|0|967|0|4|4|2|15|1|1|0|14|0|836|4|0|9|4|7|0|1|0|2|5|974|0|2|0|0|0|8|4|2|1|0|1021|2|7|4|0|2|4|1|1|3|1|963|3|4|0|0|3|6|2|0|6|5|964
7,tanh,relu,0.5,interleave,64,0.01,10,ce,ok,43.6598,99.0333,96.62,96.6241,97.04,97.0135,96.9,9,0.283479|0.13058|0.0968514|0.0752919|0.0648052|0.0536668|0.0474405|0.0390717|0.0366434|0.029271,91.3822|95.9933|97.0022|97.6222|97.8667|98.2867|98.4533|98.7311|98.8|99.0333,94.92|95.66|95.76|96.34|96.8|96.14|96.4|96.8|96.9|96.62,94.9034|95.6487|95.7503|96.3363|96.788|96.1209|96.3886|96.8035|96.9017|96.6241,946|0|2|2|1|1|3|1|6|1|0|1150|2|3|1|0|0|4|3|1|1|1|932|14|4|2|1|6|7|1|0|2|3|1005|1|9|1|4|6|2|1|0|5|1|945|1|5|3|5|28|0|0|2|16|3|833|3|0|9|3|4|1|0|1|5|7|968|0|5|0|3|1|4|9|3|1|0|1010|2|12|3|5|3|11|0|2|0|1|955|2|1|1|0|8|8|2|0|6|4|960
8,tanh,relu,0.5,interleave,64,0.01,10,ce,ok,44.1473,98.9867,97.16,97.1434,97.33,97.2998,97.28,8,0.289572|0.130058|0.0952952|0.0768372|0.0635976|0.0491032|0.0474275|0.0378559|0.0320142|0.0296823,91.1578|96.02|96.9867|97.5933|98.0022|98.4733|98.4289|98.7378|98.9844|98.9867,95.32|96.1|96.9|96.56|97.04|96.8|97.12|97.28|97.16|97.16,95.3289|96.0939|96.88|96.5547|97.0397|96.8069|97.1156|97.2676|97.1365|97.1434,953|1|1|0|1|0|3|0|1|3|0|1149|6|2|0|0|1|2|3|1|2|4|933|7|5|1|4|8|4|1|0|1|8|996|0|14|1|9|2|2|4|1|4|0|967|0|6|3|0|9|3|1|3|4|1|837|9|0|6|5|3|1|0|0|2|0|980|0|5|0|0|3|5|0|3|0|0|1028|1|5|4|6|8|2|0|3|5|0|949|5|4|0|0|3|19|2|1|12|8|941
9,tanh,relu,0.5,interleave,64,0.01,10,ce,ok,44.4006,99.0156,97.36,97.3591,97.36,97.3231,97.56,8,0.290356|0.129752|0.0990388|0.0792574|0.0632718|0.0557771|0.0470698|0.0393545|0.034239|0.0303039,91.1956|96.0444|96.8533|97.5489|98.1044|98.1978|98.4689|98.68|98.8844|99.0156,94.34|96.32|95.58|97.04|96.9|97|97.26|97.56|97.06|97.36,94.3153|96.3193|95.5976|97.0384|96.9038|96.9963|97.2609|97.5646|97.0507|97.3591,948|0|3|1|1|0|5|0|4|1|0|1157|1|1|0|0|0|2|3|0|0|5|937|9|4|1|4|4|5|0|0|3|8|1004|0|10|0|4|3|1|0|0|5|0|968|1|9|2|2|7|0|0|3|23|0|829|4|0|6|4|3|0|3|1|1|5|976|0|2|0|1|0|10|2|1|0|1|1023|2|5|2|5|5|13|2|2|4|1|947|1|1|0|1|10|12|4|0|12|3|947
10,tanh,relu,0.5,interleave,64,0.01,10,ce,ok,41.3225,99.0289,96.86,96.8601,96.76,96.7289,97.42,8,0.285201|0.128111|0.0941734|0.0760476|0.0611836|0.0505842|0.0437406|0.0347067|0.029961|0.0285836,91.4489|96.1178|97.06|97.5733|98.0844|98.4133|98.58|98.8933|98.9978|99.0289,94.9|95.58|96.92|97.3|96.84|96.92|97.04|97.42|97.04|96.86,94.8626|95.594|96.9256|97.3017|96.8423|96.923|97.0374|97.4157|97.0304|96.8601,948|2|1|0|1|0|2|0|5|4|0|1161|1|0|0|0|0|1|1|0|2|10|929|5|1|3|2|8|6|3|0|1|7|992|2|13|0|7|5|6|1|1|3|0|945|0|3|1|1|39|1|4|1|9|0|824|5|0|7|18|3|14|4|0|7|6|941|0|16|0|0|2|3|3|2|4|0|1010|1|20|4|8|3|4|3|4|0|1|951|4|2|0|0|1|2|1|0|5|4|975
1,tanh,relu,0.5,interleave,64,0.03,10,ce,ok,42.5352,97.4178,96.34,96.3449,96.41,96.3586,96.34,10,0.2878|0.162641|0.137357|0.12125|0.114509|0.108193|0.103502|0.095133|0.0948534|0.0851577,91.2067|95.2333|95.9667|96.3511|96.7156|96.7178|96.9511|97.0822|97.1689|97.4178,94.24|95.5|95.54|95.08|95.18|94.8|96|95.46|96.14|96.34,94.2518|95.5155|95.5569|95.103|95.1547|94.7418|96.0119|95.443|96.155|96.3449,947|1|1|0|1|3|4|0|5|1|0|1143|3|1|3|0|5|3|5|1|3|3|923|12|9|1|6|7|5|0|0|3|11|977|0|14|0|14|7|7|0|0|3|0|972|2|8|3|2|4|1|0|2|17|1|830|8|0|5|5|1|1|0|1|2|3|980|0|3|0|0|3|5|0|1|1|0|1026|2|7|4|2|3|4|7|6|7|2|944|3|3|1|0|5|48|13|1|15|5|899
2,tanh,relu,0.5,interleave,64,0.03,10,ce,ok,43.0625,97.3978,95.24,95.2393,95.03,94.9424,96.34,4,0.291273|0.169881|0.144859|0.129686|0.120328|0.113724|0.0986328|0.0995208|0.0964569|0.0880274,91.24|95.0267|95.6622|96.0222|96.4378|96.6356|97.0333|96.96|97.22|97.3978,93.88|94.82|95.66|96.34|95.5|96.02|95.84|95.04|96|95.24,93.8847|94.7987|95.6494|96.349|95.4951|96.0201|95.8535|95.0618|96.0013|95.2393,939|0|0|0|1|6|9|1|0|7|0|1149|1|2|2|0|1|4|4|1|2|12|909|4|3|2|5|15|14|3|0|5|9|911|2|73|0|9|18|6|1|0|4|0|962|1|5|3|1|17|0|2|4|1|3|845|9|0|2|3|2|0|0|0|4|17|967|0|1|0|2|4|7|1|8|1|0|1000|2|20|4|2|5|2|4|53|6|4|896|6|6|1|0|1|31|10|0|12|4|925
3,tanh,relu,0.5,interleave,64,0.03,10,ce,ok,43.6756,97.18,96.26,96.2502,95.93,95.8747,96.26,10,0.297292|0.171936|0.152863|0.132252|0.128013|0.11862|0.11008|0.108669|0.0989612|0.0970667,90.8867|94.8867|95.5556|96.0622|96.2467|96.4733|96.7711|96.78|97.2156|97.18,92.54|95.08|95.14|95.92|94.2|95.82|95.84|96.06|95.62|96.26,92.6308|95.0766|95.1277|95.9157|94.2328|95.8053|95.8236|96.065|95.6147|96.2502,938|0|2|1|1|5|12|0|3|1|0|1136|2|5|4|1|3|6|6|1|3|3|909|17|4|1|12|15|5|0|0|0|8|993|0|20|2|9|1|0|3|1|5|0|937|4|9|4|0|31|1|1|1|17|1|832|10|0|4|2|2|1|0|0|0|7|981|0|0|0|3|3|4|3|2|4|0|1016|1|9|3|4|6|20|2|18|6|0|920|3|5|1|0|16|3|16|1|12|5|931
4,tanh,relu,0.5,interleave,64,0.03,10,ce,ok,43.6804,97.1111,96.52,96.5142,96.2,96.1587,96.52,10,0.296155|0.177623|0.151627|0.134778|0.120068|0.113115|0.108819|0.0989111|0.100685|0.0960319,90.8911|94.7222|95.6022|96.0356|96.3689|96.6844|96.7867|97.1089|97.1156|97.1111,92.82|95.12|94.98|95.74|95.14|95.38|95.82|95.46|95.9|96.52,92.9581|95.1233|94.97|95.7313|95.1614|95.3852|95.8226|95.4637|95.8969|96.5142,938|0|3|1|2|7|3|0|7|2|0|1142|4|3|4|1|0|1|9|0|2|3|933|6|8|1|2|8|6|0|0|3|13|977|1|18|0|9|9|3|1|0|6|0|957|0|6|3|1|20|0|1|1|12|1|835|4|0|10|5|4|0|1|0|5|8|959|0|14|0|1|0|11|12|4|1|0|1008|1|7|5|5|5|10|2|9|3|1|934|8|2|3|2|11|11|8|0|13|3|937
5,tanh,relu,0.5,interleave,64,0.03,10,ce,ok,44.5084,96.9956,96.28,96.2715,96.43,96.3809,96.28,10,0.293191|0.176506|0.143651|0.135824|0.121801|0.119031|0.110179|0.107902|0.100013|0.10195,91.1067|94.7778|95.7867|96.0556|96.3689|96.5311|96.6822|96.7978|97.0333|96.9956,93.64|94.24|95.54|95.1|94.96|95.2|95.78|96.12|96.12|96.28,93.6369|94.2568|95.5278|95.107|94.9361|95.2225|95.7788|96.1083|96.1445|96.2715,939|1|3|2|2|2|4|0|9|1|0|1148|2|2|0|0|0|3|9|0|3|4|916|14|6|1|1|12|11|1|0|1|6|993|0|11|0|10|6|6|0|0|3|1|970|0|6|4|1|9|1|1|6|22|1|812|13|1|7|5|6|1|2|1|4|3|969|0|5|0|3|2|11|6|3|6|0|1007|1|6|1|5|4|13|2|4|5|1|945|2|2|1|0|3|17|3|0|13|7|944
6,tanh,relu,0.5,interleave,64,0.03,10,ce,ok,44.3905,96.9533,96.02,96.013,96.13,96.0652,96.12,8,0.290676|0.16672|0.143578|0.13434|0.117752|0.11703|0.11296|0.100743|0.0986806|0.103446,91.1133|95.2044|95.7733|95.9978|96.4289|96.48|96.5356|96.9778|97.0422|96.9533,94.82|95.66|94.94|95.14|95.76|95.76|95.56|96.12|95.3|96.02,94.8037|95.6485|94.9267|95.1525|95.7411|95.7893|95.5592|96.1254|95.322|96.013,945|1|2|1|2|2|1|0|8|1|0|1147|3|1|5|0|0|3|4|1|5|2|927|9|5|2|2|4|12|1|1|4|7|986|0|12|0|7|12|4|0|0|3|0|971|0|4|0|1|15|0|1|3|11|0|834|5|0|9|6|8|1|2|2|4|44|924|0|6|0|3|1|12|5|5|6|3|995|1|14|2|7|7|3|3|7|2|0|949|2|4|2|2|7|15|5|0|8|12|935
7,tanh,relu,0.5,interleave,64,0.03,10,ce,ok,44.338,97.0378,95.9,95.9007,96.13,96.0971,96.18,9,0.296307|0.177203|0.150351|0.140187|0.126319|0.122425|0.111552|0.10184|0.103054|0.0987516,90.9222|94.7667|95.5244|95.9089|96.3044|96.4622|96.68|97.0111|96.9511|97.0378,93.16|94.12|94.1|95.82|95.82|95.48|95.42|95.36|96.18|95.9,93.1617|94.0873|94.1275|95.8045|95.7951|95.4811|95.3989|95.3318|96.1736|95.9007,936|0|4|1|1|1|6|0|8|6|0|1144|2|1|1|1|1|2|8|4|4|1|936|3|3|0|3|10|8|1|3|4|16|937|1|19|0|21|26|6|2|1|4|0|946|1|6|4|4|26|0|0|5|3|2|846|4|1|6|2|0|1|2|0|4|8|965|0|10|1|2|1|9|1|1|1|0|1022|0|8|2|3|14|1|3|5|2|1|949|2|5|3|3|8|4|6|0|13|16|932
8,tanh,relu,0.5,interleave,64,0.03,10,ce,ok,44.322,97.2222,95.66,95.6583,96.16,96.1272,96.2,6,0.292374|0.166267|0.142835|0.128055|0.112399|0.105804|0.102024|0.0952364|0.0919379|0.0916348,91.1489|95.1578|95.7333|96.2089|96.6311|96.7756|96.9467|97.1778|97.2378|97.2222,93.92|95.24|95.08|95.42|95.58|96.2|95.52|95.78|95.98|95.66,93.9322|95.2691|95.0559|95.4222|95.6043|96.2087|95.5297|95.7826|95.9728|95.6583,923|2|4|1|1|7|3|3|5|14|0|1145|3|6|4|0|0|1|5|0|1|7|922|5|12|1|5|8|7|1|1|2|11|985|0|12|0|10|9|3|1|1|2|0|950|0|7|1|4|28|0|2|3|17|3|827|5|0|6|6|2|3|2|0|1|8|970|0|5|0|0|3|11|8|5|1|0|999|3|15|4|10|2|2|0|7|4|4|945|4|5|1|4|9|3|3|0|9|6|950
9,tanh,relu,0.5,interleave,64,0.03,10,ce,ok,44.363,97.0378,95.82,95.8358,96.36,96.3149,96.66,9,0.294389|0.174754|0.149642|0.131983|0.117152|0.117146|0.10767|0.103817|0.0944929|0.0993727,91.1378|94.9489|95.5867|96.1267|96.5911|96.5756|96.8133|96.9422|97.1867|97.0378,94.3|95.12|95.34|95.02|95.46|95.52|95.82|96.02|96.66|95.82,94.2869|95.1382|95.3471|95.0376|95.4796|95.5358|95.8176|96.0103|96.6517|95.8358,946|0|3|1|1|2|5|0|5|0|0|1151|5|3|0|0|0|0|5|0|0|2|944|7|2|1|2|5|6|0|0|0|11|982|0|19|0|5|13|3|0|0|7|2|950|0|11|3|4|17|1|0|3|7|0|845|6|1|4|2|10|2|1|0|2|6|968|0|2|0|1|4|15|12|4|3|0|993|3|10|3|5|6|9|0|11|6|0|941|1|4|1|4|14|15|12|0|9|15|916
10,tanh,relu,0.5,interleave,64,0.03,10,ce,ok,44.3566,97.0467,95.54,95.5702,95.63,95.6195,96.4,8,0.298609|0.17325|0.149548|0.137119|0.124431|0.116253|0.112412|0.0997435|0.102251|0.102223,90.9022|94.9156|95.6|95.9444|96.3511|96.4911|96.6933|97.0311|96.9022|97.0467,93.74|95.26|95.88|95.72|95.7|95.64|96.1|96.4|94.7|95.54,93.7205|95.2454|95.8764|95.7|95.7052|95.625|96.0983|96.3921|94.6429|95.5702,942|1|1|0|0|5|4|2|7|1|0|1098|6|3|2|0|0|22|32|1|3|4|937|6|3|1|0|8|5|2|0|4|10|988|0|15|0|10|4|2|2|0|4|1|933|2|7|7|3|35|0|0|3|16|0|831|4|1|4|10|5|4|4|1|6|9|950|0|12|0|0|2|11|7|1|2|0|1013|1|8|3|2|6|13|2|18|2|2|927|7|3|0|0|9|4|11|1|14|4|944
1,tanh,relu,0.5,interleave,64,0.1,10,ce,ok,43.0086,74.6089,71.56,70.0848,71.45,70.0581,79.04,1,1.19435|1.22286|1.1321|1.12775|1.04025|1.0258|1.04012|1.08745|1.14862|1.01438,68.2311|68.2444|70.8689|71.1489|73.82|74.3844|73.8444|72.68|70.2022|74.6089,79.04|72.7|71.88|69.42|72.62|77.68|72.84|72.86|72|71.56,78.4321|73.1344|71.4681|65.7534|69.8663|77.1301|72.1736|73.6175|71.9125|70.0848,808|0|7|24|0|76|7|1|8|32|1|927|31|130|2|43|11|3|3|13|18|27|755|73|0|33|24|5|14|20|33|1|36|886|0|36|4|11|3|23|4|0|4|8|403|194|97|11|1|272|72|1|2|117|1|589|40|6|4|37|10|3|2|4|4|59|874|1|30|4|30|1|25|28|9|11|6|757|0|178|356|1|19|135|0|131|21|1|271|47|14|0|8|39|18|7|9|18|2|875
2,tanh,relu,0.5,interleave,64,0.1,10,ce,ok,43.053,72.0133,73.62,72.945,73.61,72.9422,81.98,5,1.15278|1.11041|1.10848|1.27508|1.14407|1.34006|1.51328|1.34362|1.12124|1.10184,70.0156|71.8333|72.4889|67.3533|71.36|65.5467|60.6689|65.5178|71.5311|72.0133,72.5|70.88|66.26|75.6|81.98|50.02|65.68|72.46|77.16|73.62,70.8773|71.048|67.8409|74.8463|81.5467|46.7627|64.8487|71.2522|76.8367|72.945,892|3|2|0|0|27|4|0|12|23|0|1086|1|3|0|15|1|2|17|39|18|54|683|23|12|46|22|11|47|53|4|11|19|811|0|59|4|8|21|96|3|0|5|2|224|13|31|1|0|715|47|4|1|63|3|642|21|0|7|81|11|5|1|1|11|106|833|1|10|12|16|16|7|4|5|2|1|864|4|126|4|59|1|13|4|145|11|0|402|343|6|2|0|12|9|13|3|19|2|924
3,tanh,relu,0.5,interleave,64,0.1,10,ce,ok,42.9529,49.9667,27.66,21.551,27.37,21.0154,76,1,1.17817|1.2174|1.29521|2.14412|2.58337|2.56715|2.51632|2.56777|2.11201|1.88508,69.4844|69.2867|66.8222|42.98|30.8689|30.9711|32.1956|30.1356|43.1178|49.9667,76|70.04|44.46|30.72|44.14|22.22|27.02|30.66|44.16|27.66,75.6776|67.7652|39.308|27.5843|37.0063|14.0383|16.9312|20.0387|40.8485|21.551,0|160|15|0|0|0|0|0|0|788|0|873|153|0|1|0|0|0|1|136|0|216|435|0|20|0|0|2|0|296|0|41|16|0|1|0|0|3|1|971|0|262|47|0|503|0|0|0|0|182|0|17|4|0|5|0|0|2|0|841|0|272|272|0|130|0|0|0|0|317|1|27|39|0|7|0|0|203|0|768|0|13|12|0|2|0|0|0|2|953|0|222|6|0|41|0|0|0|0|721
4,tanh,relu,0.5,interleave,64,0.1,10,ce,ok,43.1558,77.9756,82.84,82.4689,82.76,82.2187,82.84,10,1.16649|1.16418|1.04431|1.02641|1.07886|0.983255|0.93987|0.927742|0.917865|0.901599,69.4578|70.8133|74.0689|74.1|72.8822|75.5267|77.0067|77.1356|77.8578|77.9756,78.26|66.8|76.34|69.46|78.26|81.1|80.9|73.48|75.78|82.84,78.0182|65.3258|75.4314|67.5944|78.4463|80.974|80.6331|71.5138|75.621|82.4689,931|0|2|0|3|6|2|1|16|2|0|1130|7|0|5|6|4|4|8|0|51|3|805|5|36|6|17|12|31|3|35|22|106|651|2|84|1|23|102|7|4|2|14|0|902|1|13|17|6|35|80|14|16|13|35|599|10|6|79|17|66|2|38|0|14|13|841|5|10|2|13|11|30|2|33|4|1|924|4|23|22|10|77|2|8|59|7|5|750|42|7|11|7|3|106|21|5|70|17|743
5,tanh,relu,0.5,interleave,64,0.1,10,ce,ok,42.4347,32.9067,33.26,25.4877,32.55,24.6267,38.74,9,1.86499|2.42724|2.56364|2.88023|2.55045|2.3744|2.45201|2.45986|2.30356|2.4915,49.4644|34.6|30.3489|21.9156|30.9422|35.98|33.0133|33.3156|37.5133|32.9067,31.48|37.96|34.7|20.54|38.14|20.12|38|36.9|38.74|33.26,27.161|31.7409|28.9182|13.488|29.2506|11.2098|30.6684|32.3257|28.357|25.4877,0|0|0|0|0|955|0|0|0|8|0|1058|7|0|2|23|0|0|0|74|0|34|57|0|12|646|6|0|0|214|0|19|0|10|1|878|0|0|0|125|0|0|7|0|562|10|0|0|0|415|0|16|3|0|1|660|2|0|0|187|0|8|497|0|10|176|47|0|0|253|0|4|0|0|7|738|0|0|0|296|0|56|6|0|2|627|0|0|0|291|0|0|1|0|47|81|0|0|0|861
6,tanh,relu,0.5,interleave,64,0.1,10,ce,ok,41.2706,80.7044,82.04,81.7678,82.08,81.5644,84.74,7,1.07813|1.08437|1.08625|1.05965|0.974725|0.924824|0.905094|0.964057|0.864041|0.807987,71.9156|72.2244|72.5311|73.4778|76.1133|77.18|78.0622|76.3222|78.8533|80.7044,67.54|76.76|76.44|64.42|77.66|73.72|84.74|81.56|77.74|82.04,66.4808|75.2502|76.1449|63.8184|77.377|70.6874|84.7198|81.2943|77.8155|81.7678,898|2|3|10|3|4|13|4|20|6|0|1137|6|2|5|1|1|5|5|2|35|5|649|84|65|0|36|47|44|4|20|7|17|814|9|23|6|49|77|11|6|10|4|1|925|3|16|6|12|11|20|6|2|73|19|575|23|6|122|23|24|18|6|3|43|8|869|2|18|0|8|9|4|2|38|1|0|914|6|63|7|10|10|32|20|8|22|50|808|15|7|16|4|16|189|8|3|91|37|619
7,tanh,relu,0.5,interleave,64,0.1,10,ce,ok,42.7747,73.0156,72.38,70.1095,72.21,69.3598,72.38,10,1.23823|1.54932|1.30595|1.21615|1.31241|1.4297|1.34366|1.33682|1.21078|1.06606,67.1889|59.4067|66.5089|69.2511|66.1822|62.4689|65.16|65.3867|69.4511|73.0156,64.56|65.74|60.7|69.36|66.9|61.06|56|71.98|63.8|72.38,64.2995|62.6357|57.7359|68.2581|67.6402|55.4281|49.7879|68.832|60.2235|70.1095,883|0|7|0|41|12|13|7|0|0|4|1120|7|2|10|10|4|3|0|4|145|2|672|30|69|9|15|24|0|3|87|1|17|496|9|341|7|41|12|22|17|0|1|0|877|44|6|1|0|48|82|9|0|4|56|690|17|6|0|5|52|2|6|1|9|22|899|0|0|0|17|4|9|3|32|10|0|947|0|23|284|4|57|11|39|460|5|6|72|44|46|1|2|0|166|111|1|98|0|565
8,tanh,relu,0.5,interleave,64,0.1,10,ce,ok,42.7316,69.9533,73.9,71.3367,73.9,70.909,74.9,6,1.45802|1.31495|1.29295|1.25942|1.2436|1.15039|1.16091|1.39613|1.19455|1.17748,61.5822|66.02|66.7089|67.7156|67.9644|70.5244|70.4178|63.7756|69.1178|69.9533,60.28|66.76|73.34|73.2|71.16|74.9|70.62|62.34|63.8|73.9,57.3587|63.3806|71.9018|73.7802|69.4626|71.9686|69.5271|57.1619|59.0035|71.3367,915|0|0|8|0|7|8|3|8|14|2|1125|1|12|3|7|0|4|10|0|35|5|103|607|24|13|81|27|34|40|16|2|5|886|0|43|6|8|26|41|3|8|1|4|682|2|95|3|6|190|84|13|0|205|21|391|22|1|91|41|24|7|2|4|2|11|931|1|7|2|9|7|3|20|11|0|1|846|3|145|23|15|2|84|8|115|22|2|649|62|9|3|0|20|41|19|4|24|8|862
9,tanh,relu,0.5,interleave,64,0.1,10,ce,ok,43.9819,37.0378,28.06,14.0689,27.67,13.9315,39.22,2,2.11825|2.53039|2.39406|2.63603|2.60537|2.51265|2.57612|2.63964|2.632|2.30498,42.1667|31.7667|35.0867|28.6711|29.2044|31.1867|29.1444|28.06|28.5644|37.0378,30.92|39.22|33.06|28.74|31.62|32.44|27.64|28.64|34.3|28.06,26.9817|33.9411|22.0886|21.5247|23.7417|20.1589|21.1581|21.6418|26.893|14.0689,0|1|0|0|0|928|0|0|0|34|0|1076|0|0|0|76|0|0|0|12|0|365|0|0|0|398|0|0|0|206|0|51|0|0|0|909|0|0|0|73|0|7|0|0|0|36|0|0|0|951|0|24|0|0|0|760|0|0|0|85|0|46|0|0|0|143|0|0|0|802|0|76|0|0|0|81|0|0|0|888|0|161|0|0|0|460|0|0|0|361|0|14|0|0|0|45|0|0|0|931
10,tanh,relu,0.5,interleave,64,0.1,10,ce,ok,43.0697,72.38,79.2,78.5174,79.14,78.263,81.04,6,1.01441|1.13536|1.03426|1.13921|1.01769|0.989198|1.08131|1.01644|1.06792|1.1121,73.7311|71.4467|74.6489|71.32|75.0044|75.8|72.7956|75.1244|73.7311|72.38,80.92|77.96|61.98|75.46|75.24|81.04|69.32|76.9|70.72|79.2,80.9771|78.1243|57.8406|74.4844|74.1397|80.6401|68.1041|76.3381|70.8208|78.5174,801|0|7|3|4|24|46|6|72|0|0|1126|5|0|1|2|1|2|24|3|14|5|740|17|19|10|44|22|95|3|3|2|40|742|1|5|18|30|170|22|0|2|3|0|625|3|57|3|51|250|11|7|12|154|12|362|53|23|196|39|30|3|3|0|4|14|908|0|29|0|8|8|17|1|11|0|0|943|10|47|4|13|7|18|2|18|10|2|878|30|2|1|2|13|19|3|11|112|38|789
1,tanh,leaky_relu,0.5,interleave,64,0.001,10,ce,ok,45.0932,97.4667,96.68,96.6768,96.52,96.4793,96.68,10,0.671472|0.281344|0.224081|0.186205|0.158732|0.13862|0.122527|0.109122|0.0978105|0.0885361,83.26|91.9022|93.4689|94.5956|95.3889|95.9467|96.4044|96.8244|97.1244|97.4667,90.7|92.42|93.62|94.84|94.82|95.56|95.66|96.2|96.14|96.68,90.608|92.353|93.5866|94.8196|94.8049|95.5477|95.6631|96.1888|96.135|96.6768,946|0|0|1|1|3|3|0|8|1|0|1142|3|1|4|1|0|3|9|1|2|3|922|11|8|1|5|6|9|2|0|4|5|977|1|17|2|13|11|3|0|0|4|0|963|1|7|3|2|14|0|0|6|13|0|835|6|0|6|3|5|1|1|1|1|8|970|0|4|0|2|1|5|2|5|0|0|1017|1|12|2|4|3|6|4|9|1|0|951|2|1|0|2|6|26|7|0|15|4|929
2,tanh,leaky_relu,0.5,interleave,64,0.001,10,ce,ok,44.9166,97.5733,96.64,96.6298,96.5,96.4516,96.64,10,0.674004|0.277261|0.217666|0.180112|0.15339|0.132848|0.116986|0.104339|0.0939123|0.0854711,82.0067|91.9156|93.6911|94.6911|95.5311|96.1133|96.5867|96.9356|97.3244|97.5733,90.62|92.98|93.74|94.76|95.3|95.54|96|96.22|96.44|96.64,90.514|92.9397|93.7078|94.7414|95.282|95.5173|96.0089|96.2195|96.4424|96.6298,949|0|0|0|1|0|4|0|6|3|0|1149|4|2|3|0|0|2|3|1|4|2|923|9|8|2|5|7|9|0|2|3|10|988|1|12|0|10|3|4|3|1|5|0|952|1|9|1|1|21|2|1|5|12|1|822|8|0|6|12|4|1|0|1|3|4|975|0|3|0|3|1|8|4|5|0|0|1011|0|13|6|5|4|10|4|10|5|1|929|8|5|2|0|7|11|0|0|12|1|952
3,tanh,leaky_relu,0.5,interleave,64,0.001,10,ce,ok,45.1576,97.4911,96.52,96.5106,96.47,96.4222,96.52,9,0.664924|0.280169|0.221282|0.182172|0.155253|0.135088|0.119492|0.106326|0.094907|0.0859556,82.8022|91.8689|93.64|94.6244|95.4622|96.1511|96.5244|96.8911|97.2867|97.4911,90.68|93.06|93.96|94.44|95.2|95.58|95.82|96.2|96.52|96.52,90.5966|93.009|93.9193|94.4192|95.1774|95.5713|95.805|96.1891|96.5176|96.5106,949|0|0|1|1|4|2|0|5|1|0|1151|3|1|1|1|0|3|3|1|2|5|927|5|8|0|8|10|4|0|0|4|7|986|1|16|1|12|4|2|3|0|6|0|937|2|12|4|2|28|2|4|3|8|0|830|10|2|3|7|6|1|0|0|0|7|975|0|2|0|4|2|3|1|4|1|1|1024|0|5|6|7|6|11|1|8|9|1|928|5|2|2|1|7|13|3|1|19|2|940
4,tanh,leaky_relu,0.5,interleave,64,0.001,10,ce,ok,45.2146,97.46,96.28,96.2738,96.4,96.3498,96.28,10,0.666459|0.279757|0.220052|0.18041|0.154161|0.134995|0.11976|0.107599|0.0972983|0.0883042,83.2644|91.9289|93.6267|94.8267|95.5|96.06|96.4333|96.8756|97.2422|97.46,90.78|92.66|94.14|94.96|95.26|95.62|95.8|96.16|96.24|96.28,90.7255|92.6105|94.1206|94.9315|95.2524|95.6061|95.7921|96.1564|96.2299|96.2738,951|0|0|1|1|2|2|0|5|1|0|1145|3|2|2|1|0|4|6|1|3|2|924|8|6|2|3|10|9|2|2|3|6|985|1|18|0|9|5|4|0|0|7|1|951|0|7|2|2|24|3|2|3|12|1|822|8|1|10|7|8|1|2|0|3|5|961|0|11|0|2|0|4|2|5|0|0|1018|1|13|6|5|6|10|1|7|3|0|934|10|2|1|0|5|13|2|0|14|4|949
5,tanh,leaky_relu,0.5,interleave,64,0.001,10,ce,ok,45.2827,97.5933,96.6,96.599,96.38,96.3445,96.6,10,0.663206|0.281291|0.222074|0.182754|0.154177|0.133564|0.116624|0.103878|0.0928124|0.0830277,82.6444|91.7822|93.5867|94.6356|95.5267|96.1022|96.5467|96.9422|97.3867|97.5933,90.52|92.26|93.64|94.54|95.2|95.48|96.02|96.34|96.22|96.6,90.4233|92.226|93.6019|94.5156|95.1961|95.4759|96.0032|96.3256|96.2211|96.599,947|0|0|1|1|3|4|0|5|2|0|1143|5|4|2|1|0|1|7|1|4|3|920|12|9|0|3|4|12|2|1|4|2|997|1|13|1|5|6|3|1|0|4|0|956|1|8|3|2|19|1|1|4|17|1|825|8|2|5|5|4|1|1|1|3|6|973|0|2|0|0|2|10|12|3|1|0|995|2|20|3|4|2|19|5|7|1|1|936|4|3|2|0|9|13|7|0|8|2|946
6,tanh,leaky_relu,0.5,interleave,64,0.001,10,ce,ok,44.9537,97.4644,96.38,96.3805,96.53,96.5042,96.38,10,0.681108|0.280566|0.221355|0.182057|0.153144|0.132972|0.117292|0.10465|0.0946041|0.0862976,81.7733|91.9267|93.4667|94.7667|95.5244|96.1156|96.6244|96.9511|97.2756|97.4644,90.6|92.86|93.72|94.78|94.98|95.46|96.1|96.12|96.18|96.38,90.544|92.8155|93.6871|94.7719|94.9625|95.4642|96.0885|96.1132|96.1777|96.3805,947|0|1|1|1|2|4|0|6|1|0|1139|4|3|4|0|1|3|9|1|3|4|924|8|7|0|4|6|12|1|1|4|9|982|1|11|0|9|13|3|4|0|7|1|950|0|6|3|1|22|1|0|3|15|0|831|8|1|3|7|6|0|0|0|2|6|971|0|6|0|5|1|7|5|4|0|0|1007|1|15|5|4|1|7|1|3|5|0|954|2|4|2|1|7|10|3|0|12|3|948
7,tanh,leaky_relu,0.5,interleave,64,0.001,10,ce,ok,45.1534,97.5222,96.58,96.5788,96.29,96.2549,96.58,10,0.668067|0.282492|0.222149|0.18011|0.152517|0.132417|0.11683|0.105229|0.0946985|0.0855881,82.4156|91.7378|93.5222|94.7111|95.5867|96.12|96.5867|96.9844|97.28|97.5222,90.46|92.84|93.64|94.66|95|95.36|95.6|96.22|96.48|96.58,90.4036|92.8111|93.6158|94.6236|94.964|95.3366|95.5821|96.2068|96.4751|96.5788,935|0|2|1|1|4|4|0|12|4|0|1141|2|0|5|0|0|3|12|1|3|2|924|12|6|1|3|4|12|2|0|5|1|991|0|14|0|9|11|2|1|0|6|2|949|2|6|3|2|23|1|0|3|14|1|825|8|1|10|6|3|1|1|1|2|9|966|0|8|0|0|2|5|9|6|4|0|1005|2|12|2|4|2|12|2|2|3|0|953|2|2|2|1|14|11|5|0|12|3|940
8,tanh,leaky_relu,0.5,interleave,64,0.001,10,ce,ok,44.9751,97.3822,96.3,96.2883,96.25,96.2113,96.3,9,0.675382|0.284806|0.225945|0.1888|0.161832|0.140959|0.125148|0.111161|0.0998969|0.0902925,82.6533|91.8378|93.4444|94.5467|95.3178|95.8978|96.4089|96.7244|97.1333|97.3822,90.38|92.5|93.7|94.22|94.9|95.56|95.86|95.84|96.3|96.3,90.33|92.461|93.6992|94.2242|94.8857|95.5516|95.8537|95.8325|96.2878|96.2883,944|0|1|1|1|0|3|0|10|3|0|1148|6|2|2|0|0|3|2|1|2|5|925|7|9|0|5|6|9|1|1|5|4|981|1|8|1|12|13|7|2|0|8|0|939|1|10|1|2|31|2|0|4|17|0|807|9|1|16|13|4|1|2|1|1|2|977|0|3|0|4|2|5|1|5|0|0|1007|0|21|2|8|3|9|2|3|5|1|943|6|2|2|0|8|12|0|1|9|2|954
9,tanh,leaky_relu,0.5,interleave,64,0.001,10,ce,ok,44.9821,97.6,96.36,96.3548,96.41,96.361,96.56,9,0.688399|0.280409|0.221727|0.181731|0.152152|0.131063|0.115326|0.102907|0.0932742|0.0848204,81.8244|91.6956|93.5311|94.7311|95.6578|96.2222|96.6889|97.1578|97.3067|97.6,90.2|92.76|93.48|94.74|95.46|95.86|96.24|96.3|96.56|96.36,90.1287|92.7397|93.456|94.72|95.4478|95.8512|96.2381|96.2903|96.5549|96.3548,944|0|0|2|1|5|6|0|4|1|0|1152|3|2|3|0|0|2|2|0|0|4|932|6|7|1|4|6|9|0|0|4|7|983|1|22|0|12|3|1|1|0|9|0|963|1|8|3|1|8|0|1|5|10|0|843|4|0|3|3|4|1|1|1|2|8|972|0|2|0|1|2|6|5|9|1|0|1021|0|0|3|10|5|14|1|17|9|0|922|1|6|2|1|12|24|8|0|27|1|909
10,tanh,leaky_relu,0.5,interleave,64,0.001,10,ce,ok,45.0619,97.4578,96.5,96.4976,96.72,96.6805,96.5,10,0.672529|0.278762|0.221295|0.182773|0.155972|0.136098|0.120046|0.106904|0.0971529|0.0874688,82.6044|91.9|93.5|94.7578|95.5044|96.02|96.5133|96.8644|97.1467|97.4578,90.54|92.54|93.86|94.64|95.16|95.66|95.84|96.2|95.8|96.5,90.4405|92.507|93.8328|94.6351|95.1417|95.647|95.8348|96.1929|95.7731|96.4976,950|0|0|1|1|2|2|0|6|1|0|1150|4|1|2|0|0|3|3|1|3|3|935|5|8|0|2|7|6|0|2|4|6|987|1|11|0|12|7|3|3|0|7|0|943|0|7|3|7|24|1|1|4|15|2|826|8|0|7|5|6|1|1|1|2|8|965|0|7|0|0|1|7|2|6|1|0|1022|0|6|2|5|2|8|1|3|5|0|954|2|2|2|1|9|12|2|0|16|6|940
1,tanh,leaky_relu,0.5,interleave,64,0.003,10,ce,ok,44.7945,98.7622,97.28,97.2804,97.31,97.2776,97.28,10,0.417747|0.184363|0.13015|0.104559|0.0856058|0.0724974|0.0618518|0.0524235|0.0464815|0.0405877,88.2|94.5733|96.0756|96.8956|97.38|97.7711|98.1333|98.4|98.5933|98.7622,93.16|94.94|95.7|96.68|96.76|96.94|96.9|96.9|97.1|97.28,93.1289|94.9239|95.7109|96.6814|96.7489|96.934|96.9086|96.9087|97.1116|97.2804,947|0|0|1|2|0|5|0|5|3|0|1146|1|2|5|0|0|3|7|0|5|5|920|6|10|2|4|6|10|1|0|1|2|992|1|18|0|9|6|4|0|0|2|0|975|1|5|4|1|6|0|1|2|11|1|842|5|0|5|2|3|0|0|0|2|8|975|0|3|0|0|1|3|3|3|0|0|1025|1|9|2|2|1|8|3|4|2|1|958|1|1|1|0|3|13|6|0|12|3|951
2,tanh,leaky_relu,0.5,interleave,64,0.003,10,ce,ok,44.5572,98.8333,97.28,97.278,96.7,96.6656,97.5,7,0.415283|0.179995|0.129329|0.101924|0.0836167|0.0701531|0.0584881|0.0508791|0.0440269|0.0388852,88.1089|94.64|96.1778|96.9756|97.4889|97.9111|98.2156|98.4778|98.6289|98.8333,93.6|95.54|96.26|96.82|96.46|97.22|97.5|97.3|97.38|97.28,93.5632|95.5118|96.2505|96.8163|96.462|97.2123|97.5|97.2921|97.3722|97.278,949|0|0|0|0|0|4|0|3|7|0|1150|2|2|2|0|0|4|3|1|0|2|935|12|2|1|4|4|8|1|1|1|5|992|0|15|0|9|5|5|1|1|4|0|930|1|8|2|1|46|1|0|3|14|1|832|6|0|3|9|1|2|0|1|2|6|977|0|2|0|0|0|8|5|2|1|1|1007|1|20|7|5|5|9|1|10|6|1|927|11|3|0|0|4|2|1|0|8|1|971
3,tanh,leaky_relu,0.5,interleave,64,0.003,10,ce,ok,42.8317,98.8222,97.22,97.2074,97.08,97.0392,97.38,9,0.413847|0.176889|0.126882|0.100207|0.0832038|0.0701888|0.0598864|0.0521583|0.0435176|0.038247,88.3556|94.76|96.1778|97.0044|97.4933|97.8689|98.18|98.3667|98.6711|98.8222,92.62|95.32|95.94|96.34|96.6|96.84|96.82|96.82|97.38|97.22,92.6093|95.2891|95.9351|96.3258|96.5831|96.8205|96.8114|96.8164|97.3807|97.2074,948|0|0|1|1|4|3|0|5|1|0|1156|1|0|0|0|0|4|2|1|1|5|927|6|9|0|7|8|6|0|0|4|5|996|1|15|0|8|3|1|1|0|5|1|952|2|11|6|1|15|1|1|1|10|3|837|6|1|6|3|4|1|0|1|0|6|977|0|2|0|0|1|4|2|4|1|0|1028|0|5|3|7|5|11|1|6|4|2|940|3|3|0|1|5|9|3|0|17|5|947
4,tanh,leaky_relu,0.5,interleave,64,0.003,10,ce,ok,44.7064,98.8333,97.3,97.2974,97.34,97.2972,97.3,10,0.412766|0.17977|0.13037|0.103263|0.0842226|0.0714489|0.0601946|0.0512649|0.0454492|0.0375543,88.4978|94.6244|96.1067|96.8622|97.4867|97.8156|98.1022|98.4356|98.58|98.8333,93.38|95.28|96.44|96.64|96.72|96.38|96.92|97.14|97.06|97.3,93.3694|95.2865|96.4316|96.6342|96.7209|96.3612|96.9226|97.1485|97.0575|97.2974,954|0|0|0|1|1|3|0|2|2|0|1149|2|1|4|0|0|5|3|0|2|1|937|2|4|2|3|6|9|3|1|3|8|984|1|16|1|9|7|3|0|0|4|0|966|0|2|1|2|19|1|0|4|11|3|833|7|0|8|2|6|0|1|0|2|6|971|0|5|0|1|1|4|0|5|0|0|1022|1|11|6|4|4|3|1|7|1|0|953|3|3|0|0|5|7|3|0|5|2|965
5,tanh,leaky_relu,0.5,interleave,64,0.003,10,ce,ok,44.6428,98.8089,97.52,97.515,97.44,97.4012,97.52,10,0.414006|0.180888|0.129138|0.100153|0.081779|0.0678131|0.059095|0.0504965|0.0438805|0.0376077,88.2933|94.7444|96.12|96.8733|97.5156|97.9156|98.2111|98.3978|98.6844|98.8089,93.42|94.82|95.74|95.96|96.98|96.76|97.14|97.4|97.24|97.52,93.3778|94.8293|95.7412|95.9683|96.9761|96.7681|97.1359|97.3882|97.2409|97.515,948|0|0|1|1|2|3|0|6|2|0|1150|2|3|3|0|0|1|4|1|2|4|927|9|5|1|2|6|12|1|0|1|3|1003|1|11|0|5|6|3|2|0|4|0|964|2|4|6|1|11|0|2|3|17|0|836|1|0|5|5|2|0|1|2|2|8|973|0|3|0|0|2|7|2|1|1|1|1025|0|6|4|0|0|9|3|4|1|3|952|6|2|0|0|1|9|5|0|5|2|966
6,tanh,leaky_relu,0.5,interleave,64,0.003,10,ce,ok,44.8964,98.8244,97.1,97.0864,96.92,96.8934,97.3,9,0.420099|0.179196|0.128551|0.103771|0.0860123|0.0728695|0.0616449|0.0530092|0.0460058|0.0386743,87.8933|94.6867|96.0956|96.8689|97.3578|97.7422|98.1378|98.3089|98.5244|98.8244,93.64|95.44|96.08|96.58|96.28|96.72|97.12|97.2|97.3|97.1,93.6159|95.4291|96.0681|96.5747|96.2492|96.7207|97.1182|97.1947|97.3046|97.0864,954|0|0|1|1|0|3|0|3|1|0|1140|4|3|4|1|0|3|8|1|5|2|931|5|1|1|5|2|14|3|2|2|7|986|0|12|0|9|10|5|1|0|4|0|940|0|7|3|1|38|0|0|1|9|0|836|11|1|3|8|7|1|0|0|1|2|977|0|3|0|1|0|9|5|3|1|0|1009|1|16|8|1|3|4|1|5|3|0|955|2|5|0|0|4|6|2|0|7|2|964
7,tanh,leaky_relu,0.5,interleave,64,0.003,10,ce,ok,44.7826,98.8844,96.9,96.9081,97.19,97.1613,97.02,9,0.415964|0.176295|0.125085|0.0977506|0.0816869|0.0689611|0.0587189|0.0507634|0.044701|0.0366936,88.1756|94.6289|96.2267|97.0578|97.4622|97.8978|98.1067|98.3622|98.58|98.8844,93.36|95.46|96.2|95.92|96.4|96.82|96.7|96.74|97.02|96.9,93.343|95.4439|96.1834|95.9179|96.3788|96.8195|96.6954|96.7399|97.0123|96.9081,942|0|0|0|1|3|3|0|10|4|0|1155|1|0|2|1|0|3|2|0|2|2|923|19|3|1|2|8|8|1|0|3|2|997|0|13|0|7|7|4|0|0|4|1|963|1|5|2|1|17|1|0|1|8|0|842|4|0|6|7|5|1|0|1|2|5|971|0|6|0|0|1|2|6|3|0|0|1019|1|13|3|5|2|12|2|2|3|1|949|3|2|1|0|7|7|4|0|8|3|958
8,tanh,leaky_relu,0.5,interleave,64,0.003,10,ce,ok,44.4918,98.7911,96.82,96.8144,97.13,97.0984,97.16,9,0.422116|0.183348|0.13346|0.106445|0.0879071|0.0747112|0.0655163|0.0556697|0.0469112|0.0404366,88.1289|94.5733|96.0489|96.9|97.3467|97.7511|97.9578|98.3578|98.6022|98.7911,93.42|94.92|96.02|96.2|96.38|96.98|96.82|96.78|97.16|96.82,93.4281|94.9037|96.0193|96.1969|96.365|96.9788|96.8225|96.7852|97.1562|96.8144,953|0|1|1|0|0|4|0|2|2|0|1153|2|1|3|0|0|1|3|1|4|4|932|8|5|0|5|6|3|2|0|1|3|1009|1|4|0|10|2|3|2|0|3|0|958|0|8|1|3|19|0|0|1|29|0|818|7|0|4|10|3|1|0|0|2|3|979|0|3|0|0|3|6|4|3|0|0|1013|0|16|3|8|5|10|2|6|5|1|936|6|4|1|0|7|7|0|0|8|1|962
9,tanh,leaky_relu,0.5,interleave,64,0.003,10,ce,ok,44.8639,98.7289,97.08,97.0787,97.22,97.1867,97.48,9,0.423543|0.177091|0.12737|0.101486|0.0847486|0.0715701|0.0619203|0.0525042|0.0459826|0.0408114,88.1822|94.7489|96.1156|96.9467|97.4556|97.8089|98.0956|98.4156|98.5578|98.7289,93|95.1|95.34|96.5|96.54|97|96.94|97.26|97.48|97.08,92.9785|95.1016|95.3686|96.4994|96.5375|96.9962|96.944|97.2605|97.4817|97.0787,946|0|3|0|3|4|5|0|2|0|0|1154|1|2|2|0|0|3|1|1|0|2|945|5|2|0|4|6|5|0|0|2|7|998|1|11|0|9|1|4|0|0|5|0|970|1|8|3|1|6|0|1|4|15|0|838|4|1|3|3|4|3|1|0|2|6|973|0|2|0|0|0|7|5|3|1|0|1029|0|0|5|10|5|12|1|8|8|2|928|3|3|1|1|7|15|2|0|19|1|941
10,tanh,leaky_relu,0.5,interleave,64,0.003,10,ce,ok,44.704,98.8822,97.2,97.2105,97.16,97.1313,97.46,7,0.416449|0.178809|0.1295|0.102609|0.0839409|0.0706048|0.0609226|0.0515876|0.0454316|0.0378084,88.3133|94.7733|96.1467|96.9889|97.4511|97.8533|98.1711|98.3956|98.5467|98.8822,93.58|95.16|96.12|96.54|97.26|97.26|97.46|97.14|96.9|97.2,93.5407|95.1623|96.1051|96.5453|97.2551|97.2516|97.462|97.1344|96.8876|97.2105,944|0|0|0|1|2|3|1|7|5|0|1149|1|1|3|0|0|4|5|1|4|4|925|6|3|0|1|13|11|2|1|2|2|990|0|16|0|11|8|3|0|1|5|0|943|0|4|2|4|35|0|0|3|11|0|836|4|0|8|7|3|2|1|0|2|5|970|0|7|1|0|1|4|2|4|0|0|1019|1|14|2|1|2|2|1|1|2|0|968|3|1|0|0|1|6|2|0|3|5|972
1,tanh,leaky_relu,0.5,interleave,64,0.01,10,ce,ok,44.2147,98.9267,97.46,97.4605,97.48,97.4483,97.46,10,0.29228|0.135868|0.0996942|0.0807372|0.065963|0.0558563|0.0454923|0.0419112|0.0330697|0.0326058,91.08|95.8156|96.9467|97.5|97.8956|98.2244|98.4711|98.5822|98.9489|98.9267,94.72|95.68|96.34|97.1|96.7|96.94|96.94|96.94|97.24|97.46,94.7162|95.6758|96.3356|97.092|96.681|96.9413|96.9411|96.9343|97.2443|97.4605,952|0|0|0|1|0|5|0|3|2|0|1148|2|0|3|0|0|5|5|1|2|4|935|8|5|3|4|5|3|0|1|3|4|999|0|11|0|6|7|2|1|0|1|0|969|2|4|5|2|10|3|0|4|15|0|836|4|0|4|3|1|0|2|0|2|3|980|0|3|0|0|0|7|4|1|1|0|1021|2|9|2|1|4|6|1|1|3|1|961|2|3|0|0|10|9|8|1|9|3|947
2,tanh,leaky_relu,0.5,interleave,64,0.01,10,ce,ok,42.1344,98.9711,96.98,96.995,97.05,97.0257,97.42,8,0.29016|0.131946|0.0954269|0.0764884|0.0617481|0.0547725|0.042474|0.037832|0.030982|0.0312984,91.2089|95.9667|97.0733|97.5422|98.0578|98.1867|98.5822|98.7533|99.0022|98.9711,95.06|96.28|96.72|97.06|96.54|96.92|96.9|97.42|96.98|96.98,95.0488|96.2739|96.7158|97.0676|96.5335|96.934|96.9158|97.4097|96.9786|96.995,950|0|2|0|0|1|2|0|5|3|0|1146|1|1|5|0|0|3|5|3|1|2|927|11|2|3|3|12|5|3|0|1|3|1001|0|9|0|8|4|7|0|0|2|0|941|4|6|1|1|39|3|2|1|9|2|836|5|0|4|7|2|1|1|1|3|3|971|0|7|2|0|0|1|4|2|0|0|1013|0|25|4|3|5|3|0|7|2|1|946|11|2|0|0|2|4|3|0|5|0|974
3,tanh,leaky_relu,0.5,interleave,64,0.01,10,ce,ok,41.6986,98.9711,97.5,97.4943,97.34,97.2849,97.5,10,0.28751|0.130578|0.0979296|0.0782959|0.0643975|0.054851|0.0480006|0.0399561|0.0332814|0.0308921,91.3267|96.0378|97.0133|97.5244|97.9644|98.2889|98.3889|98.7156|98.9356|98.9711,93.46|95.74|96.66|96.42|96.72|96.78|97.12|97.04|97.16|97.5,93.5188|95.6903|96.6517|96.4075|96.7164|96.7702|97.1067|97.0349|97.166|97.4943,952|0|0|1|1|3|2|0|2|2|0|1153|1|0|2|1|0|5|2|0|2|1|938|8|7|1|2|5|5|0|0|1|7|1003|0|8|1|7|6|0|1|0|4|1|965|0|7|5|1|10|2|0|1|29|3|819|4|0|6|5|4|0|0|0|2|10|968|0|7|0|0|1|6|2|3|1|0|1026|0|6|3|3|4|7|3|4|1|1|952|4|2|0|1|2|10|7|0|9|1|958
4,tanh,leaky_relu,0.5,interleave,64,0.01,10,ce,ok,43.3401,98.9756,97.18,97.1806,97.39,97.3656,97.2,8,0.28871|0.133697|0.0993902|0.0767258|0.0621999|0.0533102|0.0458773|0.0376628|0.0331031|0.0294503,91.3511|95.8844|96.8756|97.5933|98.0378|98.2489|98.5578|98.7978|98.9|98.9756,94.68|95.74|96.8|97.06|96.96|96.72|97.1|97.2|97.12|97.18,94.7123|95.7621|96.8024|97.0516|96.9525|96.703|97.0946|97.1953|97.1211|97.1806,952|0|0|0|2|1|3|0|3|2|0|1145|5|2|3|0|0|3|5|1|6|3|943|5|4|1|1|5|1|0|0|4|6|998|1|11|0|6|3|4|0|0|5|0|948|0|2|1|1|37|3|1|3|6|2|833|6|0|9|6|3|1|2|0|3|2|975|0|5|0|2|0|7|5|1|0|0|1018|1|11|3|3|1|3|1|2|1|0|963|5|2|0|0|2|6|2|0|9|5|964
5,tanh,leaky_relu,0.5,interleave,64,0.01,10,ce,ok,43.3163,98.9933,97.26,97.2647,97.48,97.454,97.26,10,0.28917|0.134059|0.0980671|0.0791859|0.0647715|0.0545989|0.0443496|0.03989|0.0335005|0.0302466,91.1778|95.86|97.0289|97.4889|97.8911|98.2156|98.5467|98.6511|98.9067|98.9933,95.08|95.24|96.18|96.3|96.88|96.36|97.08|96.9|96.54|97.26,95.0675|95.2463|96.176|96.3139|96.8583|96.3384|97.0769|96.8922|96.523|97.2647,949|0|0|0|2|1|5|0|4|2|0|1149|3|2|1|0|0|2|4|3|4|3|929|7|3|3|4|4|9|3|1|0|1|993|1|15|0|9|6|7|0|1|3|0|973|1|4|1|1|10|1|0|0|7|0|841|9|0|5|6|3|1|0|0|1|3|979|0|4|0|1|2|4|4|2|1|0|1012|1|18|2|2|1|6|0|3|2|1|957|8|3|0|0|1|5|1|0|9|5|966
6,tanh,leaky_relu,0.5,interleave,64,0.01,10,ce,ok,43.4612,99.0933,97.08,97.0788,97.24,97.2209,97.2,8,0.28875|0.133655|0.0969735|0.0786456|0.0633636|0.0549612|0.0463348|0.0371901|0.033593|0.0269166,91.18|95.9578|96.9689|97.6222|97.9689|98.2556|98.4844|98.76|98.8956|99.0933,94.58|96.04|96.82|96.98|96.24|96.54|96.86|97.2|97.04|97.08,94.5863|96.0379|96.8083|96.9957|96.2061|96.5259|96.8639|97.1889|97.0341|97.0788,952|0|2|1|1|0|3|0|3|1|0|1134|8|4|2|0|1|3|11|1|3|2|941|7|3|1|0|2|9|1|3|1|5|1003|0|9|0|6|5|1|0|0|5|0|953|0|4|2|1|29|3|0|2|14|0|831|7|1|5|6|7|0|1|0|2|2|976|0|3|0|0|0|8|6|4|1|0|1009|3|14|5|0|0|6|0|1|4|0|963|3|4|0|0|8|3|2|0|7|4|962
7,tanh,leaky_relu,0.5,interleave,64,0.01,10,ce,ok,43.2364,98.9267,96.74,96.7455,96.78,96.7486,97.24,7,0.289619|0.134782|0.0993392|0.0770239|0.067024|0.0549385|0.0453302|0.0403686|0.0333346|0.0305945,91.2|95.8378|96.9244|97.5889|97.78|98.1822|98.5111|98.6622|98.9133|98.9267,94.98|95.24|95.82|96.32|96.5|96.72|97.24|96.34|97.22|96.74,94.9666|95.2103|95.8075|96.3145|96.4886|96.7068|97.237|96.3494|97.2164|96.7455,950|0|0|1|2|1|5|0|3|1|0|1155|0|0|4|0|0|2|3|0|1|14|909|14|2|0|4|14|5|6|0|5|3|989|0|22|0|12|2|0|0|0|3|0|964|1|9|2|1|14|0|2|1|5|0|846|5|0|7|3|5|1|0|0|1|14|970|0|0|0|1|3|2|3|3|1|0|1015|1|16|3|9|2|17|4|11|1|0|924|11|3|2|0|7|7|6|0|9|0|956
8,tanh,leaky_relu,0.5,interleave,64,0.01,10,ce,ok,43.1911,99.0311,97.24,97.2416,97.43,97.4032,97.3,7,0.294868|0.13351|0.0965817|0.079068|0.0635091|0.0522683|0.0477263|0.0402236|0.0326356|0.0304233,91.0156|95.9222|97.06|97.5422|98.0156|98.2778|98.4933|98.7044|98.9333|99.0311,95.02|96.04|96.84|96.58|96.8|96.96|97.3|97.16|96.84|97.24,95.0308|96.0262|96.8266|96.5799|96.8032|96.9498|97.3081|97.158|96.8432|97.2416,947|1|1|1|1|1|6|0|3|2|0|1156|2|1|2|0|0|1|1|1|2|3|945|3|4|1|1|7|1|2|0|5|5|995|0|14|0|10|3|1|1|0|3|0|971|2|7|2|0|8|0|0|2|7|1|845|8|0|2|4|4|1|0|0|2|2|979|0|3|0|0|4|7|2|5|0|0|1012|1|14|3|5|3|12|2|9|5|2|937|4|3|0|1|3|11|3|1|8|4|956
9,tanh,leaky_relu,0.5,interleave,64,0.01,10,ce,ok,42.4328,98.9067,97.16,97.1675,97.04,96.9923,97.38,8,0.291536|0.130908|0.0990169|0.0780216|0.064234|0.054993|0.0460617|0.0395225|0.0348942|0.0330008,91.2689|96|96.8844|97.5467|97.9422|98.2044|98.5444|98.6822|98.8422|98.9067,94.72|96.42|96.8|96.58|97.08|97.1|97|97.38|96.92|97.16,94.7075|96.4297|96.8026|96.5711|97.0871|97.0959|97.0076|97.3816|96.9535|97.1675,948|0|0|0|1|3|3|0|6|2|0|1154|1|0|1|0|0|3|5|0|1|4|929|12|7|0|2|5|9|0|0|2|7|990|0|18|0|10|6|0|0|0|6|0|963|2|8|2|3|10|0|1|2|11|0|837|4|0|10|4|6|1|1|0|2|12|965|0|4|0|0|1|5|7|4|1|0|1015|2|10|1|3|7|3|1|6|4|0|955|2|4|0|0|9|9|7|0|8|5|948
10,tanh,leaky_relu,0.5,interleave,64,0.01,10,ce,ok,41.6172,99.1067,97.16,97.1573,96.91,96.8661,97.3,5,0.288532|0.130338|0.0968571|0.0782164|0.0636205|0.0507437|0.0468111|0.0389202|0.0327088|0.0275341,91.3111|96.0333|96.98|97.6022|98.0133|98.3533|98.4978|98.7022|98.8889|99.1067,95.58|95.86|96.9|97.14|97.3|97.04|97.28|97.26|97.04|97.16,95.563|95.8653|96.9013|97.138|97.2892|97.0406|97.2786|97.2607|97.0302|97.1573,950|0|2|1|1|0|2|1|5|1|0|1157|2|0|1|0|0|1|2|1|3|3|934|5|5|0|3|10|4|2|0|4|12|986|1|11|0|10|4|5|1|1|8|0|961|0|2|2|2|17|0|1|3|17|1|811|4|0|11|21|4|4|2|0|4|6|963|0|8|0|0|4|5|0|5|0|0|1017|1|13|4|10|3|4|2|2|3|0|949|5|3|1|2|2|7|1|0|9|2|963
1,tanh,leaky_relu,0.5,interleave,64,0.03,10,ce,ok,43.3756,96.7244,95.62,95.6473,95.87,95.8266,96.14,4,0.293255|0.173748|0.152683|0.144149|0.126749|0.127048|0.115669|0.110437|0.110855|0.110842,91.0689|94.9267|95.5556|95.8778|96.2933|96.36|96.5467|96.7889|96.7978|96.7244,94.52|94.52|95.02|96.14|95.96|95.28|95.52|95.66|94.7|95.62,94.5172|94.5254|95.0231|96.1478|95.9482|95.2764|95.5601|95.6816|94.7091|95.6473,934|0|4|2|4|1|7|3|3|5|0|1147|1|1|3|2|1|5|4|0|2|3|904|10|8|0|3|35|4|0|0|1|6|987|1|10|0|19|2|7|0|0|5|1|973|1|3|4|2|5|1|0|3|17|2|825|7|0|8|6|3|0|4|2|4|11|962|0|5|0|0|3|1|2|4|1|0|1028|1|5|1|6|14|7|3|7|4|9|923|8|1|2|0|9|38|6|1|26|3|904
2,tanh,leaky_relu,0.5,interleave,64,0.03,10,ce,ok,43.4193,96.7156,95.96,95.9584,95.57,95.51,96.22,6,0.302281|0.179272|0.157778|0.144549|0.140961|0.130004|0.122185|0.120009|0.114056|0.116036,90.8133|94.7244|95.3933|95.66|95.8422|96.18|96.4622|96.5067|96.6489|96.7156,94.24|93.9|94.54|95.38|94.92|96.22|95.68|95.9|95.96|95.96,94.2327|93.8705|94.5485|95.3777|94.9195|96.2288|95.6603|95.8733|95.9606|95.9584,916|1|0|1|1|5|18|0|1|20|0|1148|3|0|3|1|3|2|0|4|7|3|900|14|5|2|15|9|12|2|1|4|10|971|2|14|3|10|12|6|2|0|3|0|962|0|12|4|4|7|0|3|0|6|1|824|20|1|4|10|1|1|1|0|0|5|980|0|3|0|1|1|3|0|6|2|1|1002|2|27|3|12|3|5|2|22|11|1|913|10|2|2|0|7|24|2|1|7|4|941
3,tanh,leaky_relu,0.5,interleave,64,0.03,10,ce,ok,43.2737,96.64,96.56,96.5572,96.19,96.1532,96.56,10,0.302049|0.176337|0.155939|0.138051|0.128131|0.130904|0.127518|0.126033|0.112643|0.114146,90.7956|94.8533|95.4156|95.8956|96.2889|96.1578|96.3644|96.4089|96.6378|96.64,92.96|95.3|94.8|95.28|94.28|95.42|95.68|95.62|95.94|96.56,92.9993|95.2617|94.7788|95.2493|94.2822|95.4336|95.6608|95.6143|95.958|96.5572,948|1|0|1|0|4|6|0|2|1|0|1149|1|1|0|0|0|4|8|1|3|11|908|9|10|1|7|12|8|0|3|5|6|988|0|12|0|11|5|3|0|0|4|2|961|2|7|1|1|16|4|1|2|11|1|830|7|0|7|6|5|0|0|3|3|7|970|0|3|0|3|0|3|7|5|5|0|1002|1|19|5|9|5|12|4|3|9|0|918|17|5|3|1|7|11|2|1|14|1|945
4,tanh,leaky_relu,0.5,interleave,64,0.03,10,ce,ok,43.6604,96.6756,95.12,95.102,95.55,95.5004,96.06,4,0.297301|0.180432|0.159327|0.14022|0.131935|0.130362|0.119205|0.118636|0.114087|0.117277,91.0156|94.6222|95.3511|96.0044|96.2178|96.2111|96.4644|96.5311|96.74|96.6756,92.58|94|94.94|96.06|94.68|95.62|96|95.52|95.82|95.12,92.7006|94.0694|94.9147|96.0457|94.7008|95.6028|95.9775|95.5216|95.8273|95.102,945|1|0|1|2|0|5|0|5|4|0|1151|2|0|0|0|2|1|8|0|13|5|911|12|2|1|2|7|13|3|0|7|9|960|1|12|1|10|26|7|5|3|2|0|927|0|5|0|11|41|3|1|3|22|2|797|9|0|21|11|4|1|1|0|3|1|967|0|14|0|8|6|12|3|5|6|1|990|2|12|8|8|1|1|2|1|0|2|953|6|5|4|1|2|7|2|0|8|7|954
5,tanh,leaky_relu,0.5,interleave,64,0.03,10,ce,ok,43.2241,96.44,95.98,95.9884,95.94,95.8932,96.52,7,0.295292|0.179036|0.15228|0.146028|0.138142|0.128998|0.124219|0.128016|0.116538|0.125407,91.06|94.8022|95.6311|95.7711|96.0311|96.2933|96.4822|96.4533|96.7022|96.44,94.16|92.5|94.68|95.34|95.62|95.5|96.52|96.08|95.62|95.98,94.1908|92.4681|94.6776|95.333|95.6127|95.509|96.5181|96.0962|95.6317|95.9884,943|0|1|0|1|3|8|0|4|3|0|1146|3|3|5|1|1|1|3|1|5|4|921|11|3|2|7|3|10|3|0|2|7|980|0|25|1|3|2|13|1|0|7|0|944|0|8|1|1|32|1|1|3|8|1|837|7|0|8|3|3|1|2|0|2|14|965|0|4|0|0|2|17|21|3|2|1|980|5|14|3|7|4|19|2|11|7|0|918|11|3|0|1|4|3|8|0|8|3|960
6,tanh,leaky_relu,0.5,interleave,64,0.03,10,ce,ok,1163.34,96.9756,96.26,96.2368,96.31,96.2562,96.26,10,0.292753|0.174422|0.148035|0.140723|0.130199|0.120243|0.117144|0.111923|0.108566|0.104677,91.0511|94.8356|95.5644|95.7644|96.18|96.4511|96.7111|96.7467|96.76|96.9756,94.04|95.26|93.94|95.02|94.14|95.48|95.74|95.28|96.1|96.26,94.0042|95.2436|93.9109|95.0393|94.1167|95.4879|95.7141|95.2775|96.1064|96.2368,954|0|0|1|1|0|0|0|5|2|0|1146|2|2|1|1|0|2|10|0|6|3|920|4|6|1|5|5|18|1|3|0|11|993|1|11|0|6|6|2|2|1|3|0|956|0|6|2|1|23|2|5|1|19|5|805|5|1|15|11|14|0|1|0|1|4|958|0|12|1|3|2|14|4|5|0|0|997|5|15|3|5|2|5|2|4|3|0|955|3|6|2|0|6|10|2|1|8|8|947
7,tanh,leaky_relu,0.5,interleave,64,0.03,10,ce,ok,3245.24,96.6244,95.12,95.1257,94.56,94.5187,95.58,6,0.298391|0.18675|0.166325|0.149857|0.142484|0.138092|0.124125|0.129944|0.126458|0.118939,90.9444|94.4378|95.06|95.4622|95.7889|95.9311|96.3667|96.1356|96.2956|96.6244,94.36|94.28|94.76|95.22|94.48|95.58|95.52|95.14|95.02|95.12,94.2972|94.2669|94.7438|95.2254|94.4426|95.5778|95.508|95.1293|95.0074|95.1257,897|0|6|0|2|17|5|0|31|5|0|1121|4|2|4|0|0|1|29|3|0|1|915|10|3|4|4|6|26|0|2|2|8|948|1|28|1|14|24|5|0|0|6|0|932|1|5|4|6|40|0|0|1|6|0|835|1|2|16|8|3|1|0|1|4|44|908|0|30|0|2|0|7|1|2|0|0|1007|4|22|0|0|4|2|0|15|1|0|958|2|2|0|0|5|14|8|0|11|15|935
8,tanh,leaky_relu,0.5,interleave,64,0.03,10,ce,ok,133.486,96.8222,95.2,95.1979,94.99,94.9323,96.4,6,0.300564|0.171951|0.148041|0.135173|0.1278|0.121297|0.121941|0.111923|0.112498|0.110607,90.8244|94.9356|95.7089|96.0244|96.3756|96.4578|96.3956|96.7133|96.7622|96.8222,94.28|95.18|95.78|95.16|95.76|96.4|94.68|96|95.8|95.2,94.2848|95.1906|95.7671|95.1498|95.7457|96.398|94.7177|95.9994|95.8128|95.1979,890|0|0|2|1|1|20|0|6|43|0|1142|1|7|3|1|0|3|7|0|2|4|891|27|6|2|8|12|17|0|0|3|4|986|0|18|0|7|13|2|4|0|1|0|948|2|11|1|6|21|1|0|3|21|2|812|9|2|11|8|2|1|0|1|2|8|971|0|6|0|1|8|15|10|2|0|0|992|3|14|4|3|4|11|0|7|9|0|943|1|5|2|4|10|9|3|1|14|18|924
9,tanh,leaky_relu,0.5,interleave,64,0.03,10,ce,ok,43.7678,96.7867,95.56,95.547,95.91,95.8452,95.92,8,0.297709|0.174887|0.150137|0.137397|0.128053|0.120538|0.115856|0.113346|0.116436|0.11161,90.9244|94.8844|95.6489|96|96.2|96.4422|96.6933|96.6556|96.6511|96.7867,93.8|94.94|95.12|94.68|95.38|95.18|95.58|95.92|94.76|95.56,93.7889|94.9534|95.1217|94.6876|95.3712|95.1572|95.5677|95.9299|94.7977|95.547,931|0|8|0|1|10|7|0|6|0|0|1135|4|9|5|0|0|5|6|0|4|2|937|7|3|0|1|10|4|1|2|3|10|981|1|15|0|12|6|3|1|0|6|1|967|2|3|4|3|7|2|2|3|20|1|826|3|0|9|3|4|1|2|0|5|10|964|0|5|0|3|0|7|1|2|1|0|1025|2|4|3|3|8|9|4|20|4|3|926|2|4|0|7|8|25|9|1|26|11|899
10,tanh,leaky_relu,0.5,interleave,64,0.03,10,ce,ok,43.6792,96.8556,95.72,95.7222,95.73,95.6697,96.02,8,0.29927|0.174496|0.151067|0.139434|0.124227|0.120997|0.12372|0.111692|0.106098|0.106919,90.9133|94.8689|95.6244|95.9|96.2733|96.4111|96.3133|96.7178|96.9533|96.8556,94.3|94.48|95.82|95.32|94.98|95.36|95.66|96.02|94.78|95.72,94.2782|94.499|95.8311|95.3383|94.9844|95.3542|95.658|96.0069|94.7528|95.7222,940|0|2|0|1|5|3|0|9|3|0|1145|2|1|3|0|0|2|10|1|7|5|929|2|5|2|0|8|10|1|3|2|9|925|1|43|0|8|22|20|5|1|2|0|932|0|4|0|4|46|2|1|2|4|0|821|5|0|25|9|4|1|0|0|8|11|952|0|15|0|0|4|8|1|2|1|0|1009|2|18|1|6|1|2|1|8|1|0|959|3|2|0|1|1|5|6|0|4|10|961
1,tanh,leaky_relu,0.5,interleave,64,0.1,10,ce,ok,41.2027,83.7644,84.34,84.3935,84.16,83.9687,85.26,9,6.83053|5.38007|5.04849|5.03069|4.79368|4.76911|4.74271|4.8342|4.52412|4.48605,71.2022|80.5289|81.7289|81.7933|82.6511|82.74|82.8356|82.5044|83.6267|83.7644,81.94|79.86|84.7|82.96|80.1|82.3|83.2|76.44|85.26|84.34,81.8037|80.0293|84.5323|82.8294|79.5928|81.6065|83.2189|73.9886|85.3896|84.3935,805|0|10|13|4|93|17|1|19|1|0|1123|4|5|3|17|4|0|5|3|1|10|867|13|15|26|16|8|11|2|0|9|54|836|2|98|9|5|12|8|0|1|20|1|941|0|10|0|9|12|5|3|4|45|8|779|18|2|4|1|2|1|29|1|25|28|903|0|2|0|11|3|21|106|43|6|2|810|6|37|3|19|21|48|4|193|4|3|678|9|7|2|3|43|191|18|0|35|17|674
2,tanh,leaky_relu,0.5,interleave,64,0.1,10,ce,ok,40.3383,83.6156,81.52,81.5599,81.72,81.5911,85.7,3,7.02975|5.32542|5.04174|4.94288|4.84034|4.67885|4.79859|4.62113|4.35711|4.52719,70.7311|80.7267|81.7533|82.1111|82.4822|83.0667|82.6333|83.2756|84.2311|83.6156,78.56|82.06|85.7|84.42|79.04|79.62|81.28|85.6|82.76|81.52,77.9601|80.8244|85.6877|84.3593|78.781|79.4549|81.0459|85.5635|82.5426|81.5599,873|2|50|17|0|1|7|0|6|7|0|1143|7|1|1|0|0|3|4|5|5|17|888|16|3|5|9|5|10|11|1|22|62|835|3|31|4|19|29|27|1|19|34|1|538|0|22|2|15|362|36|28|14|25|9|624|23|21|64|25|5|6|50|0|2|8|895|0|16|9|13|7|28|8|10|0|0|724|2|253|0|54|151|5|1|12|2|6|715|36|2|8|3|11|7|5|0|9|8|937
3,tanh,leaky_relu,0.5,interleave,64,0.1,10,ce,ok,44.7904,84.0756,85.04,84.7121,84.42,83.9993,86.68,5,6.90482|5.22104|5.13569|5.00674|5.07306|4.80473|4.8078|4.51368|4.4578|4.40009,71.8756|81.1044|81.4133|81.88|81.64|82.6111|82.6|83.6644|83.8667|84.0756,79.4|78.36|83.42|84.94|86.68|74.2|83.28|79.84|79.88|85.04,79.4655|78.0293|83.1202|84.8954|86.6279|73.8408|81.9551|78.9112|80.5523|84.7121,898|0|6|2|6|3|16|1|31|0|0|1118|3|8|4|6|0|2|22|1|8|16|798|15|33|1|13|18|60|7|6|11|13|856|3|13|26|13|78|14|16|3|5|9|844|0|13|3|8|93|27|7|5|77|11|537|144|2|45|14|88|1|33|0|62|1|773|0|23|10|29|13|8|4|20|0|1|867|10|93|9|22|5|21|4|14|11|2|857|37|17|3|1|24|24|3|0|12|12|894
4,tanh,leaky_relu,0.5,interleave,64,0.1,10,ce,ok,44.6827,84.02,84.2,84.1719,83.76,83.5393,85.38,7,6.84784|5.11112|5.06876|4.93613|4.72368|4.71631|4.77955|4.6678|4.38412|4.41544,70.7044|81.5022|81.6556|82.1356|82.9044|82.9311|82.7022|83.1067|84.1333|84.02,81.72|82.44|82.98|85.22|80.66|84.32|85.38|81.08|83.36|84.2,81.4748|82.1154|82.8001|85.4163|80.6904|84.1876|85.4009|80.7273|83.4061|84.1719,881|0|20|16|3|6|7|0|8|22|0|1069|16|0|2|18|0|17|40|2|4|9|885|22|13|4|2|8|12|10|3|4|57|867|2|50|2|25|18|5|1|6|28|7|754|4|4|8|4|178|29|4|25|52|14|641|11|8|72|13|9|3|50|0|58|34|782|0|16|39|1|3|15|2|9|2|0|927|5|81|3|24|29|35|3|150|2|4|705|27|4|2|2|17|12|9|1|74|4|865
5,tanh,leaky_relu,0.5,interleave,64,0.1,10,ce,ok,43.0994,82.6467,84.22,84.272,83.71,83.6237,86.3,8,6.72928|5.35612|5.11051|5.02516|4.70341|4.62052|4.74885|4.65368|4.75499|4.7949,71.58|80.6156|81.5044|81.8133|82.9778|83.2778|82.8133|83.1578|82.7911|82.6467,78.5|64.1|81.54|80.6|85.2|81.5|85.1|86.3|80.8|84.22,78.1483|60.7076|81.1896|78.1657|85.2378|80.7543|84.8454|86.288|80.8857|84.272,894|0|20|1|1|28|5|5|9|0|0|1010|8|1|6|9|0|57|72|1|6|6|862|6|12|19|5|29|17|7|9|34|86|626|6|198|7|29|24|14|2|1|35|2|786|6|11|61|17|73|5|5|5|4|3|774|9|36|15|13|11|4|43|0|20|39|821|9|42|2|7|10|27|1|6|3|0|952|0|39|6|33|25|16|3|51|3|23|817|5|6|1|4|12|17|16|0|90|15|829
6,tanh,leaky_relu,0.5,interleave,64,0.1,10,ce,ok,40.2735,83.9978,84.12,84.0834,84.21,83.9465,87.34,4,7.06166|5.35858|4.82131|4.60885|4.72429|4.86245|4.70219|4.54868|4.69666|4.42158,71.14|80.6067|82.5511|83.32|82.9022|82.4022|82.9822|83.5378|83.0022|83.9978,78.32|81.48|77.66|87.34|85.72|77.66|84.94|85.36|80.62|84.12,77.6521|81.0572|76.8375|87.2053|85.6588|77.5196|84.7217|85.1133|80.8009|84.0834,932|2|5|3|1|0|0|17|3|0|0|1116|1|3|1|8|11|16|8|0|30|37|755|77|14|2|13|16|24|1|2|24|6|945|2|9|1|26|17|1|10|3|19|5|813|1|8|87|10|38|47|20|7|78|9|611|14|55|23|5|64|3|22|5|12|16|851|2|14|2|1|17|5|8|5|1|0|1001|3|4|18|54|4|56|9|25|12|19|784|1|14|7|2|26|21|5|0|284|18|613
7,tanh,leaky_relu,0.5,interleave,64,0.1,10,ce,ok,40.163,83.28,84.98,85.054,84.82,84.7705,85.42,6,7.04847|5.20814|5.01779|4.9042|4.73473|4.59964|4.52596|4.55482|4.52351|4.61991,71.3067|81.1511|81.84|82.2511|82.8644|83.3533|83.62|83.5156|83.6289|83.28,84.26|77.16|82.4|80.96|80.84|85.42|82.34|79.34|82.76|84.98,84.3985|75.862|81.9729|79.8516|80.1053|85.3325|80.6377|79.4278|82.7322|85.054,895|0|1|4|7|31|2|4|17|2|0|977|1|72|8|2|0|22|80|2|49|3|754|55|28|9|4|12|49|6|12|6|10|872|6|32|1|42|45|7|2|1|3|4|916|0|12|1|7|48|15|1|5|72|19|660|12|12|59|14|9|1|19|6|18|14|871|1|52|0|5|2|8|20|30|5|0|949|2|24|20|7|1|24|18|53|3|28|789|39|5|5|1|18|64|12|0|77|9|799
8,tanh,leaky_relu,0.5,interleave,64,0.1,10,ce,ok,41.2772,82.8978,81.34,81.1521,80.92,80.5047,84.98,5,7.00877|5.19402|5.10744|5.02639|4.7771|4.72552|4.6457|4.62789|4.52228|4.72552,70.7667|81.2022|81.5156|81.8089|82.7111|82.8978|83.1867|83.2511|83.6333|82.8978,74.02|84.74|84.46|84.82|84.98|83.36|83.94|84.8|81.14|81.34,72.9982|84.5339|84.3752|84.7497|84.8181|83.1028|83.9997|84.4589|80.4996|81.1521,796|0|59|21|1|41|11|1|32|1|0|1062|2|27|4|8|14|0|30|17|5|1|840|25|9|5|37|2|35|10|1|6|35|876|8|22|5|2|43|35|1|0|17|0|787|2|15|0|45|127|8|3|9|47|12|619|24|1|101|45|1|1|45|0|5|11|917|0|11|0|7|5|37|8|26|6|0|390|11|555|2|5|8|30|4|11|10|0|885|27|7|0|8|7|16|6|0|2|24|920
9,tanh,leaky_relu,0.5,interleave,64,0.1,10,ce,ok,42.2841,83.44,86.4,86.188,86.61,86.3433,87.7,5,6.78583|5.53787|5.15349|4.58859|4.59842|4.57693|4.51614|4.61438|4.59289|4.5757,71.68|79.9578|81.3489|83.3933|83.3578|83.4356|83.6556|83.3|83.3778|83.44,82.72|83.5|82.48|87.18|87.7|82.7|78.68|81.84|85.7|86.4,82.4235|83.3604|82.5826|87.1347|87.5868|82.4197|77.3891|81.6644|85.6638|86.188,862|2|19|7|3|43|2|2|16|7|0|1115|1|12|2|11|0|9|12|2|7|27|849|13|20|8|12|7|17|9|7|11|30|906|3|22|2|18|28|6|7|0|25|5|880|9|11|6|28|23|16|7|8|88|9|659|6|6|68|2|50|2|25|0|10|51|831|0|22|0|1|6|15|9|15|4|4|950|6|35|9|40|10|33|13|22|4|3|837|11|9|0|5|22|57|19|1|57|48|772
10,tanh,leaky_relu,0.5,interleave,64,0.1,10,ce,ok,42.8767,82.9067,87,86.9696,86.54,86.3655,87,10,6.66498|5.46419|5.35612|5.1934|4.99446|4.85324|4.62052|4.56219|4.6807|4.72306,70.2133|80.2244|80.6156|81.2044|81.9244|82.4356|83.2778|83.4889|83.06|82.9067,83.76|79.72|79.34|70.5|83.52|84.24|84.32|86.5|84.64|87,83.5282|79.5911|78.9446|69.5432|83.5863|84.3046|84.4146|86.5487|84.6202|86.9696,892|2|3|1|1|37|1|15|11|0|0|1112|2|2|5|9|0|7|25|2|36|30|763|30|17|24|10|21|26|12|9|21|8|762|1|98|2|24|92|16|6|1|9|0|861|2|5|6|7|97|23|4|4|11|12|764|9|6|27|9|31|4|8|0|17|26|854|2|49|0|1|2|5|11|15|4|0|975|4|28|12|24|8|2|3|61|4|7|849|12|4|2|2|6|32|16|1|93|12|822
