seed,act1,act2,ratio,layout,hidden,lr,epochs,loss,status,seconds,train_acc,val_acc,val_f1,test_acc,test_f1,best_val_acc,best_val_epoch,epoch_loss,epoch_train_acc,epoch_val_acc,epoch_val_f1,test_confusion
2,relu,relu,0,interleave,12,0.001,10,ce,ok,13.4981,94.56,94.02,94.008,93.78,93.6874,94.02,10,0.861367|0.370436|0.312883|0.27626|0.250387|0.231074|0.217033|0.20407|0.193154|0.18549,72.0444|89.3956|91.1267|92.0956|92.7489|93.3489|93.6022|93.9889|94.4|94.56,86.92|89.62|91.32|91.82|92.96|93.46|93.9|94|93.96|94.02,86.7336|89.5293|91.2878|91.7738|92.9354|93.4638|93.9087|93.9885|93.9569|94.008,935|0|6|1|1|3|3|0|13|1|0|1146|1|3|4|0|0|4|5|1|6|9|888|19|14|1|8|11|13|0|1|6|14|951|0|25|1|23|10|2|4|2|7|0|945|1|10|2|3|20|6|1|5|17|5|807|14|3|7|4|3|1|5|0|4|7|964|0|6|1|5|4|8|6|6|0|0|1009|1|6|9|32|11|16|10|20|11|4|857|12|6|3|0|13|43|8|0|36|5|876
3,relu,relu,0,interleave,12,0.001,10,ce,ok,13.5245,94.0911,93.82,93.828,93.12,93.0443,93.82,10,0.830462|0.35211|0.308483|0.278832|0.256586|0.23916|0.226199|0.215161|0.207808|0.200548,74.2356|89.8289|91.0978|91.9533|92.5133|93|93.3422|93.5844|93.9044|94.0911,88.88|90.74|91.96|92.26|92.74|92.96|93.48|93.12|93.06|93.82,88.809|90.6726|91.9123|92.2245|92.7109|92.9015|93.4522|93.1277|92.9849|93.828,929|0|6|2|0|5|5|0|14|2|0|1113|2|8|4|4|1|1|28|3|6|2|873|16|10|4|15|6|32|5|2|5|10|944|0|25|1|7|28|11|3|1|3|3|929|3|16|0|1|35|4|2|3|26|6|769|14|1|27|17|3|1|2|0|0|4|973|0|8|0|8|5|14|10|10|2|0|943|2|51|6|8|5|5|6|13|12|0|918|9|4|2|1|8|37|6|1|9|1|921
6,relu,relu,0,interleave,12,0.001,10,ce,ok,13.9082,94.6711,93.72,93.6669,93.5,93.3704,93.92,9,0.842657|0.326249|0.27885|0.252773|0.233667|0.217668|0.207603|0.197963|0.19234|0.185299,73.8756|90.6489|91.96|92.7067|93.1756|93.6867|94.0222|94.1667|94.4178|94.6711,89.98|91.38|92.08|92.28|93.14|93.52|93.6|93.78|93.92|93.72,89.8596|91.3192|92.0041|92.2124|93.0817|93.4848|93.5404|93.7401|93.8827|93.6669,943|0|3|1|2|3|6|0|4|1|0|1127|3|6|3|4|0|4|16|1|15|6|870|4|8|8|14|16|25|3|5|7|18|905|3|41|2|20|21|11|3|1|7|0|925|2|13|0|5|38|18|1|6|12|8|775|16|4|18|11|14|1|1|0|7|4|959|0|5|0|4|5|6|3|6|2|0|1005|2|12|15|5|6|7|7|11|8|2|902|19|9|1|0|5|20|3|0|12|1|939
5,relu,relu,0,interleave,12,0.001,10,ce,ok,13.979,94.2889,93.56,93.545,93.54,93.4622,93.84,9,0.798597|0.365812|0.317235|0.286866|0.265021|0.244255|0.227794|0.214138|0.204441|0.195283,75.4867|89.4978|91|91.86|92.3244|93.02|93.3067|93.8222|94.1333|94.2889,88.86|90.64|91.44|92.1|92.68|93.08|92.86|91.46|93.84|93.56,88.7374|90.5739|91.3932|92.0643|92.6678|93.0491|92.8544|91.4278|93.8238|93.545,941|0|5|1|2|0|3|1|9|1|0|1128|3|3|3|4|0|4|14|5|9|8|890|11|11|2|7|15|13|3|3|7|9|962|2|19|1|13|12|5|4|1|8|1|871|1|10|7|6|85|6|1|6|26|3|793|9|2|10|13|12|1|2|1|6|13|948|1|7|0|1|2|5|1|4|1|0|1010|1|20|11|11|7|23|2|17|4|5|874|28|6|2|0|13|8|2|0|21|1|937
7,relu,relu,0,interleave,12,0.001,10,ce,ok,13.9844,94.2133,94.18,94.1409,93.64,93.5301,94.18,10,0.932048|0.379584|0.322365|0.286028|0.261292|0.240424|0.225869|0.215082|0.205766|0.198514,69.7178|89.2422|90.9644|91.9422|92.5578|93.0444|93.4044|93.7156|94.0067|94.2133,87.26|89.82|91.38|92.12|92.82|93.08|92.84|93.76|93.54|94.18,87.1938|89.7663|91.273|92.0783|92.752|93.0256|92.8226|93.7094|93.4977|94.1409,932|0|7|0|0|4|5|1|13|1|0|1134|5|1|4|2|0|1|17|0|14|5|879|14|10|4|15|12|15|1|1|5|17|952|1|22|2|16|15|2|4|0|9|0|905|0|12|6|4|54|9|4|3|23|5|785|11|1|20|8|6|1|1|0|2|17|958|0|6|0|2|3|9|11|9|0|0|990|1|20|1|7|10|16|4|24|9|0|901|10|8|2|0|7|18|6|0|20|1|928
8,relu,relu,0,interleave,12,0.001,10,ce,ok,13.9831,94.8044,94.26,94.2759,94.11,94.0414,94.26,10,0.830451|0.342386|0.276759|0.244491|0.224197|0.2114|0.199952|0.190468|0.18223|0.17728,74.4222|90.0444|91.9556|93.0089|93.6067|93.8711|94.1889|94.3956|94.6844|94.8044,87.74|91.1|92.38|92.72|93.58|93.68|94.22|93.86|94.12|94.26,87.5856|91.0395|92.3446|92.7079|93.5657|93.6821|94.2231|93.8525|94.1144|94.2759,935|0|5|0|1|4|2|1|13|2|0|1126|1|2|6|3|2|1|20|3|8|4|883|10|8|8|11|8|27|2|1|2|14|941|2|28|1|9|25|10|2|0|6|0|945|0|10|1|6|24|4|3|6|17|3|805|9|1|13|8|8|1|3|0|3|7|962|0|7|0|3|2|7|4|11|4|0|969|5|40|5|8|3|8|6|15|3|0|927|7|5|1|1|11|25|7|0|16|6|918
4,relu,relu,0,interleave,12,0.001,10,ce,ok,14.0227,94.5689,94.08,94.0449,93.94,93.8331,94.18,9,0.824164|0.35775|0.302273|0.267792|0.243516|0.225395|0.21264|0.202184|0.193878|0.189722,75.8111|89.7778|91.2489|92.3844|93.0244|93.5|93.8489|94.18|94.4689|94.5689,87.54|90.2|91.66|92.74|92.58|93.54|93.28|93.92|94.18|94.08,87.344|90.1795|91.639|92.6819|92.5346|93.5206|93.2688|93.8756|94.129|94.0449,932|0|8|2|1|4|4|1|10|1|0|1145|2|3|4|0|0|3|7|0|7|10|892|13|7|3|7|8|18|4|1|7|10|950|1|20|1|13|24|6|2|1|8|1|929|2|9|1|3|38|5|7|10|27|2|755|13|3|36|11|2|2|8|0|1|6|965|0|7|0|2|7|7|8|4|0|0|1003|3|11|7|15|5|12|2|8|7|0|920|6|4|6|2|16|27|3|0|21|8|903
1,relu,relu,0,interleave,12,0.001,10,ce,ok,14.3137,94.34,93.84,93.8078,93.49,93.3716,94.26,9,0.891938|0.365865|0.320513|0.289256|0.262226|0.239962|0.224085|0.212518|0.204071|0.196506,71.28|89.4289|90.7844|91.7067|92.3667|93.0844|93.5578|93.9467|94.0756|94.34,87.92|90.5|91.32|91.62|92.96|93.28|93.2|93.92|94.26|93.84,87.8823|90.4492|91.2533|91.5925|92.9298|93.2354|93.1503|93.9047|94.2382|93.8078,918|0|12|2|1|8|8|1|12|1|0|1143|4|2|5|2|0|1|6|1|7|10|885|11|13|5|11|4|22|1|2|10|12|948|1|15|2|11|26|6|3|1|6|0|947|0|11|1|6|19|3|3|11|37|6|750|19|0|27|13|4|2|4|0|4|5|966|0|6|0|0|4|16|2|14|3|0|974|4|28|2|11|8|10|7|7|7|1|919|10|3|3|2|9|47|3|0|12|12|899
10,relu,relu,0,interleave,12,0.001,10,ce,ok,13.8727,94.3311,93.7,93.6515,93.2,93.0906,93.76,9,0.930394|0.364274|0.299762|0.267864|0.246734|0.231265|0.218472|0.208548|0.200802|0.194878,70.0533|89.4711|91.3311|92.2089|92.8133|93.2489|93.74|94.0511|94.1622|94.3311,86.92|90.38|91.18|91.98|92.32|93|93.04|93.3|93.76|93.7,86.7109|90.2785|91.1007|91.9145|92.2498|92.9536|93.0155|93.2463|93.725|93.6515,935|0|1|1|1|5|3|2|14|1|0|1128|2|9|0|3|0|2|16|4|11|5|871|29|10|3|10|10|18|2|4|3|10|964|0|20|2|12|13|5|1|0|4|0|887|2|12|1|12|75|10|4|6|30|4|754|13|2|28|18|9|1|2|0|6|8|957|0|8|0|4|2|16|7|4|3|0|982|1|26|6|13|2|20|2|15|4|1|901|18|4|2|0|6|15|3|0|12|7|941
9,relu,relu,0,interleave,12,0.001,10,ce,ok,13.9653,94.2422,93.56,93.5009,93.59,93.4784,93.56,10,0.925166|0.398625|0.326331|0.291391|0.267721|0.248711|0.232771|0.219728|0.209613|0.200168,70.3822|88.3267|90.4978|91.6067|92.1533|92.8289|93.3178|93.5889|93.8689|94.2422,86.32|90.22|91.5|91.78|92.3|92.62|92.9|93.22|93.5|93.56,86.3715|90.1824|91.43|91.7044|92.2743|92.5646|92.8572|93.1774|93.4448|93.5009,938|0|3|1|1|4|4|0|11|1|0|1136|5|2|5|1|1|1|12|1|10|7|878|7|13|3|26|4|20|1|6|6|13|931|2|23|2|10|35|5|3|3|5|1|935|0|12|4|3|28|11|0|6|44|3|755|12|3|21|14|8|2|2|0|1|4|966|0|8|0|6|8|10|3|10|2|0|988|4|14|4|15|2|8|3|8|9|5|921|7|5|3|1|9|33|2|0|18|8|911
1,relu,relu,0,interleave,12,0.003,10,ce,ok,14.1709,94.9067,93.22,93.176,93.42,93.296,94.16,9,0.548755|0.28183|0.238327|0.215569|0.203469|0.193417|0.185667|0.180014|0.173317|0.170625,83.1111|91.7689|93.0489|93.6267|93.9889|94.3044|94.4889|94.6356|94.7911|94.9067,90.34|92.96|93.54|93.84|94.04|93.98|92.66|93.96|94.16|93.22,90.2913|92.925|93.5313|93.8381|94.0166|93.9555|92.6624|93.9636|94.1563|93.176,930|0|7|1|1|0|13|0|11|0|0|1141|6|1|4|0|0|2|10|0|8|2|889|8|7|2|15|7|24|7|0|11|24|939|1|10|0|8|34|6|1|1|13|0|945|0|9|4|2|19|0|8|10|38|6|717|16|2|54|18|3|3|3|1|5|1|966|0|9|0|2|2|23|5|17|0|0|976|2|18|2|9|18|7|5|0|5|0|923|13|4|3|0|8|31|1|0|15|12|916
4,relu,relu,0,interleave,12,0.003,10,ce,ok,14.1527,94.5444,94.28,94.2628,94.25,94.1647,94.72,9,0.538817|0.288672|0.244123|0.223276|0.212395|0.204049|0.197105|0.189645|0.185765|0.183335,83.62|91.4289|92.8978|93.4244|93.6978|93.9533|94.1578|94.3844|94.4822|94.5444,88.9|92.24|92.88|93.66|93.74|92.9|93.08|93.96|94.72|94.28,88.6795|92.2186|92.8575|93.6161|93.6975|92.8904|93.0797|93.9184|94.6998|94.2628,944|0|0|0|1|4|4|2|8|0|0|1145|2|2|3|0|0|2|8|2|10|19|869|15|10|3|8|14|20|1|3|7|8|956|2|29|2|13|9|4|2|0|12|0|924|1|9|1|4|41|4|4|6|20|2|797|11|3|18|4|2|2|1|0|1|6|970|0|9|0|0|3|3|11|7|0|2|1011|0|8|8|22|3|13|4|11|10|6|891|14|3|2|2|14|20|8|1|18|4|918
5,relu,relu,0,interleave,12,0.003,10,ce,ok,14.1422,94.4556,93.56,93.5556,93.63,93.5414,93.56,10,0.536241|0.305904|0.263307|0.237854|0.222411|0.209818|0.200503|0.195473|0.187247|0.184569,83.9311|91.0911|92.1689|92.94|93.3533|93.7378|94.0956|94.1778|94.3133|94.4556,90.66|92.2|92.94|93.42|92.92|92.82|92.46|91.62|92.68|93.56,90.5936|92.1478|92.9246|93.4214|92.9029|92.8235|92.4873|91.581|92.7102|93.5556,944|0|2|0|3|1|2|1|8|2|1|1141|1|0|3|3|0|6|5|4|17|15|871|5|14|6|6|20|13|2|4|4|24|915|4|23|2|26|21|10|2|1|7|0|907|1|8|5|3|60|2|2|4|13|2|804|13|3|9|17|12|1|0|0|6|12|958|0|2|0|0|4|5|1|12|0|0|1002|1|20|15|11|7|6|3|21|8|6|876|29|4|0|0|9|10|3|0|18|1|945
2,relu,relu,0,interleave,12,0.003,10,ce,ok,14.237,94.9778,94.46,94.4386,94.16,94.077,94.46,10,0.597866|0.295156|0.247499|0.223662|0.206998|0.196924|0.189574|0.183518|0.176089|0.171853,81.1756|91.3356|92.66|93.5133|93.8867|94.2689|94.4822|94.52|94.78|94.9778,89.12|92.24|93.18|93.74|93.7|93.04|94|94.1|94|94.46,89.0316|92.1754|93.1409|93.7051|93.6843|93.0466|93.9799|94.0759|94.0047|94.4386,940|0|3|0|1|2|7|0|9|1|0|1135|2|4|4|3|1|5|9|1|8|11|884|16|4|4|11|18|13|0|0|7|6|956|0|31|1|18|6|8|4|0|7|0|935|2|14|2|5|25|3|2|7|14|3|805|15|2|9|9|3|1|1|0|4|6|975|0|1|0|4|5|11|9|7|1|1|992|2|13|6|12|10|11|9|17|20|2|882|13|5|1|2|5|37|4|0|20|4|912
3,relu,relu,0,interleave,12,0.003,10,ce,ok,14.2522,94.5978,94.4,94.3889,93.45,93.3862,94.4,10,0.545637|0.287824|0.249181|0.228572|0.216493|0.205861|0.199029|0.189074|0.185856|0.181637,83.2533|91.5356|92.6578|93.2733|93.5622|93.9267|94.2244|94.3089|94.6267|94.5978,90.9|92.38|93.5|93.3|93.72|92.48|94.22|93.38|93.92|94.4,90.8519|92.3588|93.4777|93.3218|93.6972|92.5074|94.2025|93.3788|93.8925|94.3889,940|0|2|2|1|5|2|0|10|1|0|1115|3|13|3|1|1|1|27|0|9|2|883|31|10|4|7|4|18|1|4|1|8|955|0|24|1|8|29|3|6|0|6|1|907|0|15|2|15|42|5|3|4|23|3|774|19|2|25|11|3|2|3|1|4|3|966|0|9|0|7|3|13|18|12|2|0|959|2|29|10|1|6|11|3|7|8|0|927|9|9|2|0|13|22|2|0|13|10|919
6,relu,relu,0,interleave,12,0.003,10,ce,ok,14.5993,94.8844,93.92,93.8734,93.45,93.3392,94.54,9,0.533527|0.274154|0.232539|0.215525|0.202749|0.191389|0.185142|0.177399|0.175525|0.170462,83.6556|91.8733|93.14|93.6089|93.9644|94.2956|94.5289|94.58|94.7244|94.8844,92.2|92.72|93.56|93.5|94.16|94.02|94.44|94.46|94.54|93.92,92.1178|92.6912|93.5192|93.4495|94.1551|94.0228|94.4241|94.4399|94.5249|93.8734,947|0|8|0|1|0|3|0|2|2|0|1127|7|3|3|3|2|3|15|1|11|3|918|0|11|2|9|9|6|0|9|3|77|891|1|21|2|17|10|2|5|0|10|0|924|1|18|3|4|29|19|2|7|13|7|771|33|0|8|9|14|1|3|0|2|2|966|0|3|0|1|1|13|1|7|0|0|1011|1|10|15|3|38|3|1|5|22|2|886|7|13|0|0|7|32|6|2|21|5|904
8,relu,relu,0,interleave,12,0.003,10,ce,ok,15.1089,94.8378,93.78,93.8144,93.57,93.5027,94.54,9,0.525847|0.266262|0.234385|0.217481|0.204502|0.197588|0.188947|0.181256|0.177634|0.171974,83.9444|92.1689|92.9911|93.5867|93.8756|94.0689|94.2956|94.5844|94.7156|94.8378,90.5|92.24|93.02|93.08|93.66|93.84|94.26|94.22|94.54|93.78,90.4435|92.2392|93.0009|93.058|93.619|93.8542|94.246|94.2234|94.5215|93.8144,931|0|4|0|1|6|4|2|13|2|0|1111|1|1|5|0|4|6|32|4|12|3|862|4|22|8|8|21|26|3|3|0|9|931|1|26|2|16|23|22|2|0|4|0|932|0|7|4|2|43|7|0|4|13|5|783|23|3|16|15|7|1|0|1|5|5|965|0|7|0|1|0|6|1|9|1|0|988|2|37|6|5|5|1|8|9|7|4|917|20|4|0|0|7|18|2|0|19|3|937
7,relu,relu,0,interleave,12,0.003,10,ce,ok,15.1797,94.9867,94.42,94.4065,93.96,93.8718,94.42,10,0.587357|0.290609|0.246645|0.22449|0.208377|0.195343|0.187159|0.181062|0.175544|0.17135,81.38|91.4867|92.6711|93.4444|93.7844|94.1933|94.5756|94.6556|94.7956|94.9867,89.38|92.48|92.82|93.7|93.22|94.14|93.1|94.12|94.34|94.42,89.3947|92.4102|92.7819|93.6933|93.201|94.1098|93.1216|94.1101|94.3289|94.4065,931|1|3|1|1|7|4|1|9|5|0|1147|3|1|2|1|0|5|5|0|7|6|887|15|10|2|10|14|15|3|0|8|12|962|0|26|0|17|5|3|5|0|7|0|892|1|9|2|6|72|3|2|0|24|1|815|5|2|13|4|11|2|8|0|1|15|942|0|12|0|1|4|6|6|6|0|1|1007|1|13|5|18|9|9|4|27|7|1|890|12|4|3|0|11|18|7|0|23|1|923
9,relu,relu,0,interleave,12,0.003,10,ce,ok,14.7824,94.7444,94.18,94.1498,94.02,93.9247,94.4,8,0.595937|0.295102|0.249199|0.230192|0.213113|0.202837|0.194254|0.188481|0.181155|0.175213,81.4111|91.3933|92.7533|93.3333|93.7311|93.9044|94.2022|94.2822|94.4978|94.7444,90.72|92.42|93.54|92.66|93.48|93.36|93.48|94.4|93.86|94.18,90.7213|92.39|93.5083|92.6032|93.4591|93.3495|93.425|94.3678|93.8235|94.1498,943|0|1|1|0|6|3|0|9|0|0|1126|4|3|4|3|0|1|23|0|18|3|892|4|11|3|13|6|19|0|8|7|14|931|2|37|1|11|17|5|6|1|3|0|951|1|15|1|6|10|10|0|4|7|3|823|10|2|6|4|4|1|1|0|1|8|973|0|3|0|1|4|11|5|10|8|0|992|3|11|7|7|9|8|6|27|17|1|898|2|6|2|2|11|49|11|1|28|7|873
10,relu,relu,0,interleave,12,0.003,10,ce,ok,14.9829,94.5511,92.8,92.7969,92.57,92.4705,94.02,7,0.577423|0.295971|0.25196|0.231135|0.217472|0.20576|0.197648|0.191352|0.187425|0.181973,81.8133|91.3|92.5867|93.2667|93.4511|93.7867|94.1778|94.2889|94.2689|94.5511,90.38|91.76|92.88|93.12|92.98|93.86|94.02|93.98|93.92|92.8,90.2667|91.7107|92.8699|93.1097|92.929|93.8372|94.0182|93.9755|93.8863|92.7969,935|0|4|4|1|4|4|0|10|1|0|1143|1|10|0|0|0|1|8|1|3|10|880|42|11|1|7|5|10|0|0|7|8|990|0|13|1|9|3|2|4|3|6|1|854|3|16|0|13|94|7|4|6|58|1|741|13|0|28|11|8|1|1|0|3|14|941|0|23|0|8|3|17|18|3|5|0|956|1|34|2|19|8|34|3|10|4|0|896|6|7|5|2|15|11|6|0|11|12|921
2,relu,relu,0,interleave,12,0.01,10,ce,ok,15.2948,93.7689,93.68,93.6758,93.05,92.9575,93.68,10,0.482275|0.307842|0.273484|0.253486|0.244133|0.238916|0.23148|0.227133|0.223918|0.220476,85.1111|91|92.1022|92.68|93.0711|93.1756|93.4089|93.6|93.7911|93.7689,90.18|92.04|92.08|92.12|93.56|92.82|92.74|92.78|93.1|93.68,90.1477|92.0239|92.0849|92.0741|93.5618|92.8636|92.7341|92.7936|93.0541|93.6758,931|0|4|3|2|6|7|1|8|1|0|1137|3|3|1|2|0|4|13|1|5|10|855|35|11|5|5|16|27|0|2|4|11|954|0|40|0|10|10|2|2|1|12|0|912|3|17|3|17|27|7|3|8|11|7|798|13|2|17|3|8|1|2|0|13|10|949|0|8|0|1|4|9|37|10|7|0|970|1|6|3|8|9|23|6|14|4|1|911|3|4|4|0|12|32|16|1|28|5|888
3,relu,relu,0,interleave,12,0.01,10,ce,ok,15.2737,94.2089,93.62,93.6234,93.2,93.135,93.96,5,0.448745|0.280975|0.250195|0.236048|0.228152|0.217372|0.21374|0.20681|0.205099|0.201017,85.9578|91.7778|92.8933|93.2022|93.4333|93.7333|93.86|94.0622|94.0978|94.2089,91.58|93.14|93.02|92.52|93.96|92.48|93.32|93.46|93.78|93.62,91.4961|93.1041|92.9695|92.5613|93.9456|92.4882|93.272|93.4608|93.7569|93.6234,932|0|2|0|2|6|10|0|9|2|0|1128|4|4|4|0|1|2|20|1|9|6|873|28|7|1|17|5|21|2|3|3|12|943|0|15|2|8|37|10|6|0|3|0|890|0|21|1|5|68|3|2|1|18|1|774|26|1|35|8|4|1|0|0|0|7|972|0|7|0|2|2|11|8|8|3|0|951|6|54|4|3|6|6|1|10|17|0|929|6|5|2|0|6|20|3|0|10|16|928
1,relu,relu,0,interleave,12,0.01,10,ce,ok,15.3848,94.0644,92.48,92.4283,92.23,92.0793,94.02,6,0.447643|0.284797|0.256628|0.244538|0.233799|0.229273|0.221425|0.21616|0.214917|0.209415,86.3911|91.7756|92.6067|92.9489|93.3|93.5111|93.7933|93.7956|93.8689|94.0644,91|92.28|93.56|92.58|92.16|94.02|92.76|93.62|92.62|92.48,91.0375|92.2743|93.5305|92.5678|92.0874|93.9975|92.749|93.5995|92.5824|92.4283,899|0|27|2|1|3|7|3|20|1|0|1137|8|0|3|0|0|2|14|0|4|5|895|8|2|0|18|4|25|8|2|9|30|929|4|7|0|14|25|13|2|1|5|1|910|0|18|2|7|48|5|4|14|27|4|690|27|3|66|29|3|1|9|2|3|4|956|0|13|0|3|6|28|6|4|2|2|976|1|17|1|11|29|4|7|3|6|0|917|4|5|2|0|9|14|2|0|24|20|914
4,relu,relu,0,interleave,12,0.01,10,ce,ok,15.3145,93.9667,92.64,92.5545,92.59,92.4408,93.84,7,0.450835|0.286224|0.255162|0.239744|0.235138|0.227993|0.224139|0.217092|0.213501|0.213802,85.94|91.5844|92.7778|93.0956|93.3711|93.5978|93.6244|93.9422|93.9|93.9667,90.32|93.22|92.44|93.56|93.14|92.98|93.84|93.46|93.7|92.64,90.1767|93.1985|92.4242|93.5709|93.1661|92.9821|93.8225|93.4414|93.6715|92.5545,941|0|2|3|2|2|11|1|1|0|0|1145|2|6|2|1|1|3|2|2|11|12|856|26|2|0|20|17|24|1|7|1|7|978|0|6|0|12|16|6|4|5|45|1|867|1|13|13|5|40|9|0|1|62|2|733|27|1|23|11|8|4|4|0|1|4|967|0|3|0|3|3|9|12|7|1|0|993|0|17|16|23|6|16|2|9|11|4|885|10|7|3|2|17|29|3|0|28|7|894
5,relu,relu,0,interleave,12,0.01,10,ce,ok,13.1762,93.6289,91.92,91.9361,91.77,91.6789,93.1,8,0.465435|0.307577|0.27876|0.25953|0.250193|0.241504|0.236671|0.230389|0.225727|0.223688,85.8|91.0333|91.8889|92.4667|92.8511|93.0311|93.1422|93.3756|93.5222|93.6289,89.66|92.16|92.32|92.14|91.9|92.72|92.4|93.1|92.52|91.92,89.6488|92.1182|92.3199|92.1151|91.9327|92.7378|92.438|93.1025|92.5381|91.9361,946|0|0|0|1|3|0|2|10|1|0|1137|3|2|4|0|0|4|10|4|18|7|875|11|15|4|4|17|15|3|8|5|4|926|3|14|2|14|16|41|13|0|6|0|896|0|8|7|4|60|6|2|4|50|2|729|7|13|12|44|60|1|0|0|5|15|895|0|15|0|5|3|4|2|6|1|0|971|0|53|9|10|8|9|4|15|2|2|874|49|9|0|0|9|22|1|0|21|0|928
6,relu,relu,0,interleave,12,0.01,10,ce,ok,13.2,94.02,93.32,93.2957,92.87,92.7627,93.44,5,0.459421|0.295232|0.256887|0.24409|0.232067|0.22314|0.219326|0.213313|0.21092|0.207283,86.1289|91.3711|92.5267|92.9156|93.3644|93.5711|93.6133|93.8222|94|94.02,90.82|91.62|92.68|92.38|93.44|92.84|92.82|92.92|93.38|93.32,90.6955|91.5487|92.6018|92.3465|93.4235|92.808|92.8256|92.9348|93.3337|93.2957,943|0|2|0|2|4|2|0|9|1|0|1129|7|0|5|1|0|4|17|1|12|2|896|3|14|0|9|9|23|1|8|6|16|866|3|43|2|16|39|34|7|0|5|0|940|0|7|1|4|30|5|2|5|5|2|799|17|1|15|18|24|0|11|0|10|10|929|0|7|0|0|3|8|1|15|1|0|993|2|22|14|7|18|2|3|18|9|1|874|36|10|0|0|3|35|4|0|18|2|918
7,relu,relu,0,interleave,12,0.01,10,ce,ok,13.1789,94.1378,93.96,93.94,93.32,93.2264,94.04,9,0.472689|0.292839|0.263887|0.247328|0.237505|0.223889|0.222561|0.213445|0.210027|0.206254,85.1933|91.6422|92.4978|92.9644|93.2578|93.6067|93.7|93.9911|94.0244|94.1378,85.68|91.66|92.38|92.88|93.32|93.5|92.48|93.4|94.04|93.96,86.2347|91.6988|92.3185|92.8814|93.3323|93.4685|92.4427|93.3471|94.0307|93.94,931|0|4|1|1|3|8|1|13|1|0|1138|5|5|1|0|0|1|14|0|7|7|870|34|12|8|9|5|17|0|0|9|9|972|0|15|2|9|11|6|1|0|3|2|888|2|14|9|13|62|13|2|1|17|1|792|12|3|23|5|12|3|3|0|5|12|951|0|5|0|7|3|17|13|3|3|0|992|3|4|11|17|13|9|2|12|6|0|910|2|8|3|0|20|16|6|1|41|7|888
8,relu,relu,0,interleave,12,0.01,10,ce,ok,12.9713,94.2044,92.88,92.9176,91.93,91.8705,93.94,6,0.441981|0.287641|0.261174|0.244669|0.231639|0.225608|0.218427|0.207731|0.20749|0.203837,86.5533|91.6978|92.4689|92.9756|93.3356|93.4511|93.68|93.9356|94.1933|94.2044,91.26|92.2|92.5|93|93|93.94|92.94|93.16|92.42|92.88,91.1586|92.1654|92.4753|92.9875|92.9851|93.9571|92.9218|93.0621|92.4514|92.9176,933|0|4|0|1|9|2|0|13|1|1|1088|17|4|5|0|0|13|31|5|19|1|887|13|5|4|6|8|22|4|6|1|23|928|0|41|1|10|11|12|6|0|4|0|793|1|8|2|4|176|7|0|5|18|1|803|5|6|13|11|20|0|1|1|2|25|936|0|6|0|3|1|19|12|4|3|0|979|2|22|8|6|12|5|4|14|2|1|909|21|5|0|0|7|5|10|0|20|6|937
10,relu,relu,0,interleave,12,0.01,10,ce,ok,13.0958,94.6311,93.48,93.4738,92.64,92.5107,94.26,6,0.469767|0.281143|0.240577|0.227109|0.217355|0.209546|0.198049|0.19436|0.189384|0.186492,85.3733|91.8711|92.9533|93.4578|93.7889|94.0044|94.4156|94.4289|94.5889|94.6311,92.32|91.96|92.86|92.1|93.5|94.26|94.1|93.64|93.84|93.48,92.2553|91.9877|92.8611|92.1154|93.492|94.2617|94.0866|93.6233|93.8106|93.4738,939|1|4|2|1|1|4|0|10|1|0|1135|6|4|4|0|0|1|12|2|5|4|909|18|6|2|5|4|15|1|2|5|22|975|0|3|0|10|12|4|2|1|10|4|885|0|16|0|10|66|13|2|6|64|5|712|22|1|30|14|15|1|4|13|3|4|943|0|8|0|8|5|36|11|8|3|0|908|3|63|5|7|11|10|1|4|7|0|933|4|8|4|0|14|15|9|1|8|6|925
9,relu,relu,0,interleave,12,0.01,10,ce,ok,13.237,93.8756,92.52,92.4719,92.41,92.3085,93.56,6,0.478228|0.301512|0.26811|0.251403|0.24066|0.233509|0.226442|0.221379|0.217923|0.217179,85.1889|91.1556|92.1533|92.7156|93.1089|93.3644|93.5178|93.7556|93.7533|93.8756,91.64|92.1|92.6|92.9|92.64|93.56|93.44|92.8|92.98|92.52,91.6091|92.0804|92.519|92.8734|92.5892|93.5293|93.4083|92.7389|92.9569|92.4719,946|0|2|0|1|2|4|1|7|0|0|1133|5|12|2|2|1|1|7|1|2|2|937|10|3|2|1|2|10|0|1|4|19|966|2|9|2|10|17|3|4|0|24|3|903|1|25|1|3|30|12|2|5|83|1|732|19|2|12|1|14|2|46|0|2|7|919|0|1|0|18|3|19|29|9|0|1|950|1|15|5|11|17|17|8|12|12|1|890|9|7|1|1|50|30|10|1|20|5|865
1,relu,relu,0,interleave,12,0.03,10,ce,ok,13.2524,82.2311,81.58,78.9211,80.91,78.3413,91.1,2,0.558385|0.442032|0.49355|0.505324|0.489796|0.497344|0.509427|0.526527|0.520352|0.51746,84.5711|88.9556|86.8044|84.9|87.6711|84.5911|82.2044|82.2644|81.8444|82.2311,90.06|91.1|80.78|86.98|90.46|82.62|83.66|82.52|83.18|81.58,90.0587|91.0853|78.6204|87.0467|90.4566|79.5564|81.4974|79.6972|80.3154|78.9211,879|0|3|0|15|0|10|0|55|1|0|1126|2|1|5|5|0|2|21|2|2|7|792|2|53|1|5|8|95|4|1|6|14|796|6|28|1|12|155|14|0|1|4|0|965|0|2|0|4|18|0|5|2|3|15|791|5|3|37|8|5|2|0|0|938|17|12|0|17|0|0|1|13|0|22|2|0|984|6|17|0|14|4|0|28|13|5|0|904|14|1|0|0|1|97|4|2|13|30|842
2,relu,relu,0,interleave,12,0.03,10,ce,ok,13.4802,76.5178,81.06,77.9334,80.17,77.2029,89.4,2,0.605212|0.497311|0.554874|0.565016|0.588333|0.639457|0.68753|0.598776|0.681049|0.71805,82.8533|87.3111|86.6089|84.3311|85.2556|81.3378|78.9311|84.7378|77.8956|76.5178,87.12|89.4|89.02|88.48|82.08|81|78.88|79.94|69.54|81.06,87.0184|89.3475|88.9547|88.4619|81.8183|77.6503|75.7645|76.602|64.7294|77.9334,943|0|2|0|0|0|1|0|16|1|0|1133|2|2|2|2|0|5|16|2|74|9|811|1|7|0|3|10|48|6|21|5|51|797|3|36|4|13|89|14|36|3|2|0|888|0|1|1|10|53|35|5|4|3|4|753|12|3|44|6|958|2|3|0|0|6|4|0|18|0|14|2|18|0|14|1|0|960|9|27|19|30|7|0|5|14|4|1|879|23|9|1|2|3|50|8|1|41|26|849
3,relu,relu,0,interleave,12,0.03,10,ce,ok,15.312,90.3889,90.9,90.9577,90.77,90.7537,92.48,3,0.573371|0.412248|0.373756|0.34774|0.387314|0.365829|0.389796|0.377288|0.417472|0.384996,83.7956|89.4244|90.56|91.24|90.3467|90.7533|89.6111|90.4689|88.9289|90.3889,89.9|91.06|92.48|91.66|90.5|91.34|92.16|89.92|92.18|90.9,89.9309|91.0451|92.4601|91.7091|90.4705|91.3678|92.1636|89.9164|92.229|90.9577,926|0|12|1|1|0|4|0|18|1|0|1086|11|8|5|4|2|2|45|1|7|1|803|11|13|0|28|4|97|5|3|1|30|923|2|9|8|7|44|6|2|0|2|2|899|0|21|0|36|32|5|0|19|33|5|728|23|1|49|6|5|0|7|0|1|5|964|0|9|0|4|0|42|7|14|2|0|930|10|36|5|0|10|12|3|5|13|0|926|8|4|0|1|20|28|5|1|17|22|892
4,relu,relu,0,interleave,12,0.03,10,ce,ok,15.3255,82.4133,82.58,80.4583,82.71,80.2981,91.78,4,0.611355|0.444586|0.45264|0.444876|0.45994|0.467036|0.435816|0.521959|0.555053|0.539459,82.6911|88.8733|89.3044|89.6378|88.48|88.9244|89.5889|84.0778|82.9578|82.4133,88.04|88.62|91.2|91.78|91.76|91.04|82.98|89.9|83.44|82.58,87.9859|88.7106|91.2803|91.7854|91.8061|91.0464|80.6632|89.9929|81.6644|80.4583,934|0|1|0|0|1|4|4|19|0|0|1133|3|6|1|0|0|5|15|1|10|9|36|26|4|0|19|825|37|3|3|4|10|952|1|11|0|23|23|6|4|3|107|0|777|0|15|17|27|44|12|5|1|25|2|758|12|12|31|11|13|1|3|0|0|11|945|0|18|0|4|2|27|21|5|2|0|936|5|43|4|18|7|11|2|11|10|5|905|9|6|5|17|19|4|3|0|23|18|895
5,relu,relu,0,interleave,12,0.03,10,ce,ok,15.286,90.9689,90.9,90.9126,90.03,89.9705,91.68,9,0.542572|0.397951|0.379436|0.399668|0.399735|0.393038|0.388122|0.378622|0.381865|0.377816,84.7356|89.6689|90.3978|90.1733|90.2978|90.36|90.6422|90.7867|90.7222|90.9689,89.08|90.14|90.36|91.52|90.92|91.28|87.92|90.28|91.68|90.9,88.8743|90.124|90.3868|91.5331|90.9931|91.2786|88.0359|90.2517|91.7409|90.9126,941|0|3|0|2|0|1|0|16|0|0|1119|13|3|1|5|0|3|17|3|9|6|869|4|5|1|12|6|52|5|7|1|72|790|1|79|3|12|57|11|6|2|18|1|858|0|9|3|47|50|6|0|19|9|1|802|9|2|13|8|17|1|25|0|0|18|925|0|5|0|8|4|29|4|7|1|0|931|18|43|7|16|21|4|1|19|9|0|898|7|6|5|8|6|10|7|0|21|57|870
6,relu,relu,0,interleave,12,0.03,10,ce,ok,15.465,75.1178,70.44,65.3796,70.65,65.5035,88.06,6,0.596629|0.561511|0.532264|0.575094|0.56281|0.499217|0.511661|0.584038|0.736521|0.770556,83.3267|85.6111|85.3089|81.3911|81.2556|86.1356|85.0067|81.0311|73.56|75.1178,88.04|86.76|84.1|82.44|83.16|88.06|80.78|82.18|74.1|70.44,88.0599|86.789|82.0456|79.8571|80.0624|88.0289|77.3576|79.64|70.0388|65.3796,939|0|2|0|4|0|1|0|16|1|2|1120|1|0|2|1|0|22|13|3|44|1|724|0|6|1|12|32|144|5|26|2|2|7|5|839|4|13|118|17|815|0|0|0|101|1|11|4|22|40|97|0|1|0|10|548|26|5|176|6|46|0|2|0|0|4|921|1|17|0|24|0|5|0|6|1|0|951|9|49|22|4|2|0|6|22|6|5|899|16|19|0|0|0|26|9|2|34|45|855
9,relu,relu,0,interleave,12,0.03,10,ce,ok,15.2913,91.0533,90.94,90.9863,90.89,90.8531,91.8,4,0.52537|0.375521|0.344849|0.336716|0.326612|0.354769|0.359455|0.397757|0.356353|0.355741,84.7889|90.0356|90.9244|91.3022|91.6444|91.14|90.9689|88.7444|90.9133|91.0533,89.3|91.06|90.88|91.8|86.94|90.54|91.14|90.92|90.92|90.94,89.1514|91.0144|90.8102|91.7394|86.5466|90.4421|91.1035|90.8835|90.8944|90.9863,879|0|5|0|3|1|3|0|72|0|6|1135|7|0|1|2|0|3|8|2|11|1|872|3|12|1|8|8|50|3|2|2|46|874|2|19|0|18|64|6|3|1|6|1|920|0|7|0|37|19|5|5|6|32|6|692|11|3|104|5|6|1|11|0|2|9|934|0|28|0|8|1|26|0|13|2|0|971|4|20|1|4|16|3|3|10|3|1|932|9|3|1|0|12|44|4|0|10|36|880
7,relu,relu,0,interleave,12,0.03,10,ce,ok,15.4837,81.8133,82.12,80.4851,82.16,80.0097,88.92,3,0.703084|0.615794|0.550632|0.565788|0.541321|0.556903|0.550247|0.578124|0.545646|0.511835,80.3044|84.2933|85.9844|82.3044|83.2733|81.0222|81.3644|78.6756|80.7844|81.8133,86.24|80.08|88.92|80.12|77.74|80.82|69.76|81.36|78.12|82.12,86.3161|80.1705|88.9012|78.5819|76.2045|78.6459|66.162|78.6732|76.2015|80.4851,910|0|0|29|1|3|6|1|13|0|0|1126|2|3|3|11|0|6|10|3|13|2|804|74|4|3|11|18|24|16|3|2|13|901|0|49|1|16|32|16|2|0|3|33|899|1|12|13|15|16|9|4|1|68|5|738|13|6|10|15|5|1|0|18|0|17|938|2|6|4|5|2|11|25|9|2|2|958|1|30|3|4|4|38|1|41|2|8|860|21|2|1|0|39|61|11|0|775|19|82
8,relu,relu,0,interleave,12,0.03,10,ce,ok,15.6886,89.3022,88.6,88.6677,88.03,87.9843,89.46,9,0.623204|0.535196|0.629308|0.548084|0.516245|0.494015|0.477941|0.449366|0.406485|0.410075,82.4222|86.5244|81.4178|85.5067|86.7356|86.5844|86.9022|88.7489|89.5467|89.3022,78.58|86.82|80.8|87.44|89.04|80.88|89.02|88.8|89.46|88.6,75.2624|86.9538|78.2278|87.2578|89.037|78.8697|89.079|88.96|89.5645|88.6677,853|0|3|0|3|102|1|0|1|0|0|1102|2|3|6|21|0|4|21|5|28|3|813|13|20|65|5|8|9|5|7|0|13|889|2|84|0|10|10|18|1|0|2|0|936|18|5|0|4|28|17|0|1|25|14|751|22|5|14|20|18|0|2|0|6|23|935|0|7|0|18|0|10|3|19|8|0|929|0|58|4|6|6|7|20|152|3|1|737|46|2|0|0|11|71|32|0|15|1|858
10,relu,relu,0,interleave,12,0.03,10,ce,ok,16.0173,89.7711,90.04,89.8727,90.03,89.7453,90.96,7,0.618496|0.457065|0.431235|0.429914|0.47054|0.455412|0.464436|0.43051|0.420516|0.412839,82.5467|88.0533|88.7267|88.8822|88.2333|88.3644|88.5578|89.2644|89.7578|89.7711,90.42|89.64|82.2|89.66|86.52|89.14|90.96|90.36|89.9|90.04,90.4363|89.8003|79.5583|89.7576|86.6009|89.2975|91.0065|90.3397|89.8945|89.8727,940|0|5|10|2|0|3|0|3|0|0|1122|3|5|8|2|0|3|19|2|9|9|842|35|41|0|13|6|14|0|8|1|23|928|17|14|1|17|17|7|5|1|2|4|934|0|15|2|5|26|15|2|10|197|22|576|14|2|17|14|13|0|2|12|4|5|948|0|6|1|3|0|14|2|40|1|0|976|1|8|5|9|23|49|10|4|3|0|858|21|4|1|0|22|48|1|3|24|8|879
1,relu,relu,0,interleave,12,0.1,10,ce,ok,13.7739,10.3467,9.9,1.80164,9.82,1.78838,10.74,7,2.27143|2.32392|2.32327|2.32356|2.3245|2.32404|2.32406|2.32367|2.32377|2.32338,12.56|10.2578|10.3556|10.2022|10.2489|10.1267|10.0178|10.4778|9.93111|10.3467,9.64|10.72|10.06|10.32|10.72|10.72|10.74|10.32|10.74|9.9,1.75848|1.93642|1.82809|1.87092|1.93642|1.93642|1.93968|1.87092|1.93968|1.80164,0|0|0|0|0|0|0|0|963|0|0|0|0|0|0|0|0|0|1164|0|0|0|0|0|0|0|0|0|969|0|0|0|0|0|0|0|0|0|1033|0|0|0|0|0|0|0|0|0|994|0|0|0|0|0|0|0|0|0|869|0|0|0|0|0|0|0|0|0|991|0|0|0|0|0|0|0|0|0|1045|0|0|0|0|0|0|0|0|0|982|0|0|0|0|0|0|0|0|0|990|0
2,relu,relu,0,interleave,12,0.1,10,ce,ok,13.7645,10.2067,10.18,1.84789,10.33,1.87256,10.74,1,2.30676|2.32343|2.32477|2.32384|2.3241|2.32345|2.32485|2.32315|2.32394|2.32359,11.0356|10.2956|10.1578|10.2733|10.1689|10.4267|10.2422|10.2911|10.0933|10.2067,10.74|10.06|10.72|9.9|10.72|10.06|10.32|10.72|9.64|10.18,1.93968|1.82809|1.93642|1.80164|1.93642|1.82809|1.87092|1.93642|1.75848|1.84789,0|0|0|963|0|0|0|0|0|0|0|0|0|1164|0|0|0|0|0|0|0|0|0|969|0|0|0|0|0|0|0|0|0|1033|0|0|0|0|0|0|0|0|0|994|0|0|0|0|0|0|0|0|0|869|0|0|0|0|0|0|0|0|0|991|0|0|0|0|0|0|0|0|0|1045|0|0|0|0|0|0|0|0|0|982|0|0|0|0|0|0|0|0|0|990|0|0|0|0|0|0
4,relu,relu,0,interleave,12,0.1,10,ce,ok,13.3698,10.6089,10.74,1.93968,10.45,1.89226,10.74,2,2.2646|2.32443|2.32387|2.32475|2.32392|2.32389|2.32371|2.32237|2.32321|2.32321,12.86|9.86222|10.0489|9.97111|10.2733|10.3444|10.2511|10.5178|10.3356|10.6089,10.72|10.74|9.64|9.9|9.9|10.32|10.72|10.72|10.72|10.74,1.93642|1.93968|1.75848|1.80164|1.80164|1.87092|1.93642|1.93642|1.93642|1.93968,0|0|0|0|0|0|0|963|0|0|0|0|0|0|0|0|0|1164|0|0|0|0|0|0|0|0|0|969|0|0|0|0|0|0|0|0|0|1033|0|0|0|0|0|0|0|0|0|994|0|0|0|0|0|0|0|0|0|869|0|0|0|0|0|0|0|0|0|991|0|0|0|0|0|0|0|0|0|1045|0|0|0|0|0|0|0|0|0|982|0|0|0|0|0|0|0|0|0|990|0|0
3,relu,relu,0,interleave,12,0.1,10,ce,ok,13.9485,18.8533,19.52,6.63825,20.68,6.87788,20.32,9,1.98981|1.94331|1.9861|1.94361|1.94828|1.95185|1.94775|1.91908|1.91732|1.91909,19.4044|19.14|18.1333|18.6222|18.6178|18.6733|18.6|19.0822|18.8178|18.8533,18.76|18.84|18.34|18.18|17.88|19.68|17.34|19.68|20.32|19.52,6.60131|6.42297|6.20159|6.16486|6.46151|6.75191|6.09742|6.61277|6.73041|6.63825,0|894|0|0|0|0|68|0|0|1|0|1163|0|0|0|0|1|0|0|0|0|827|0|1|0|0|141|0|0|0|0|1005|0|0|0|0|28|0|0|0|0|34|0|0|0|0|960|0|0|0|0|824|0|0|0|0|45|0|0|0|0|84|0|1|0|0|905|0|0|1|0|80|0|0|0|0|965|0|0|0|0|951|0|0|0|0|31|0|0|0|0|144|0|0|0|0|846|0|0|0
5,relu,relu,0,interleave,12,0.1,10,ce,ok,13.5584,10.0578,10.74,1.93968,10.45,1.89226,19.6,5,1.98158|1.95649|2.25325|2.07168|2.00519|1.9227|1.93984|2.32397|2.32434|2.32389,19.6711|18.7533|13.2067|18.0067|18.6756|18.9822|18.44|10.3556|10.2689|10.0578,18.86|18.3|12.92|17.6|19.6|19.38|9.9|10.18|9.86|10.74,6.34049|6.08491|7.30741|6.09222|6.67285|6.64219|1.80164|1.84789|1.79501|1.93968,0|0|0|0|0|0|0|963|0|0|0|0|0|0|0|0|0|1164|0|0|0|0|0|0|0|0|0|969|0|0|0|0|0|0|0|0|0|1033|0|0|0|0|0|0|0|0|0|994|0|0|0|0|0|0|0|0|0|869|0|0|0|0|0|0|0|0|0|991|0|0|0|0|0|0|0|0|0|1045|0|0|0|0|0|0|0|0|0|982|0|0|0|0|0|0|0|0|0|990|0|0
6,relu,relu,0,interleave,12,0.1,10,ce,ok,13.7317,10.0622,10.72,1.93642,11.64,2.08527,10.74,2,2.0751|2.32414|2.32497|2.32354|2.32385|2.32356|2.32343|2.3238|2.32343|2.32455,18.2933|10.2844|10.0444|10.3222|10.3511|10.1156|10.4222|10.2867|10.1711|10.0622,10.72|10.74|10.32|9.9|10.72|10.72|10.72|10.32|10.06|10.72,1.93642|1.93968|1.87092|1.80164|1.93642|1.93642|1.93642|1.87092|1.82809|1.93642,0|963|0|0|0|0|0|0|0|0|0|1164|0|0|0|0|0|0|0|0|0|969|0|0|0|0|0|0|0|0|0|1033|0|0|0|0|0|0|0|0|0|994|0|0|0|0|0|0|0|0|0|869|0|0|0|0|0|0|0|0|0|991|0|0|0|0|0|0|0|0|0|1045|0|0|0|0|0|0|0|0|0|982|0|0|0|0|0|0|0|0|0|990|0|0|0|0|0|0|0|0
7,relu,relu,0,interleave,12,0.1,10,ce,ok,14.1079,10.2911,10.72,1.93642,11.64,2.08527,19.52,2,2.06777|2.06729|2.0438|2.03351|2.1573|2.32335|2.3238|2.32433|2.32364|2.32399,19.1867|18.6467|19.1489|19.1978|15.4844|10.38|10.2978|10.3178|10.3556|10.2911,19.5|19.52|17.96|10.72|10.72|9.64|10.72|9.86|9.18|10.72,7.34958|8.16784|7.44561|1.93642|1.93642|1.75848|1.93642|1.79501|1.68163|1.93642,0|963|0|0|0|0|0|0|0|0|0|1164|0|0|0|0|0|0|0|0|0|969|0|0|0|0|0|0|0|0|0|1033|0|0|0|0|0|0|0|0|0|994|0|0|0|0|0|0|0|0|0|869|0|0|0|0|0|0|0|0|0|991|0|0|0|0|0|0|0|0|0|1045|0|0|0|0|0|0|0|0|0|982|0|0|0|0|0|0|0|0|0|990|0|0|0|0|0|0|0|0
8,relu,relu,0,interleave,12,0.1,10,ce,ok,13.7348,10.2578,9.4,1.71846,8.69,1.59904,18.34,1,2.07724|2.07418|2.08436|2.32387|2.32383|2.32382|2.32429|2.324|2.32392|2.32454,19.1511|18.4|16.9844|10.2489|10.5022|10.2889|10.3511|10.26|9.85111|10.2578,18.34|16.9|9.64|10.06|9.4|9.4|10.74|10.72|10.32|9.4,10.4095|5.56993|1.75848|1.82809|1.71846|1.71846|1.93968|1.93642|1.87092|1.71846,0|0|0|0|0|963|0|0|0|0|0|0|0|0|0|1164|0|0|0|0|0|0|0|0|0|969|0|0|0|0|0|0|0|0|0|1033|0|0|0|0|0|0|0|0|0|994|0|0|0|0|0|0|0|0|0|869|0|0|0|0|0|0|0|0|0|991|0|0|0|0|0|0|0|0|0|1045|0|0|0|0|0|0|0|0|0|982|0|0|0|0|0|0|0|0|0|990|0|0|0|0
9,relu,relu,0,interleave,12,0.1,10,ce,ok,12.3991,10.2644,10.74,1.93968,10.45,1.89226,10.74,6,2.17003|2.32398|2.32461|2.32415|2.32421|2.32376|2.32341|2.32439|2.32405|2.32417,15.7667|10.34|10.1556|10.14|10.1489|10.3178|10.2689|10.2022|10.2178|10.2644,9.9|10.32|10.72|9.64|9.18|10.74|10.18|9.86|9.18|10.74,1.80164|1.87092|1.93642|1.75848|1.68163|1.93968|1.84789|1.79501|1.68163|1.93968,0|0|0|0|0|0|0|963|0|0|0|0|0|0|0|0|0|1164|0|0|0|0|0|0|0|0|0|969|0|0|0|0|0|0|0|0|0|1033|0|0|0|0|0|0|0|0|0|994|0|0|0|0|0|0|0|0|0|869|0|0|0|0|0|0|0|0|0|991|0|0|0|0|0|0|0|0|0|1045|0|0|0|0|0|0|0|0|0|982|0|0|0|0|0|0|0|0|0|990|0|0
10,relu,relu,0,interleave,12,0.1,10,ce,ok,12.4692,10.0578,10.18,1.84789,10.33,1.87256,10.72,1,2.32066|2.32493|2.32352|2.3244|2.32424|2.32421|2.32402|2.32428|2.32474|2.32438,10.3911|10.0156|10.0111|10.1267|9.83333|10.1356|10.3444|10.1911|10.0689|10.0578,10.72|10.18|9.86|10.06|10.18|10.72|10.72|10.72|9.64|10.18,1.93642|1.84789|1.79501|1.82809|1.84789|1.93642|1.93642|1.93642|1.75848|1.84789,0|0|0|963|0|0|0|0|0|0|0|0|0|1164|0|0|0|0|0|0|0|0|0|969|0|0|0|0|0|0|0|0|0|1033|0|0|0|0|0|0|0|0|0|994|0|0|0|0|0|0|0|0|0|869|0|0|0|0|0|0|0|0|0|991|0|0|0|0|0|0|0|0|0|1045|0|0|0|0|0|0|0|0|0|982|0|0|0|0|0|0|0|0|0|990|0|0|0|0|0|0
1,relu,relu,0,interleave,12,0.3,10,ce,ok,12.4652,10.2244,10.06,1.82809,9.69,1.7668,10.72,5,2.36941|2.36977|2.3694|2.36846|2.37101|2.37036|2.37071|2.36945|2.36966|2.36895,10.36|10.1933|10.1956|10.1889|9.97556|10.0222|10.1378|10.1911|10.0844|10.2244,10.32|10.06|10.06|10.32|10.72|10.72|10.18|10.32|9.4|10.06,1.87092|1.82809|1.82809|1.87092|1.93642|1.93642|1.84789|1.87092|1.71846|1.82809,0|0|963|0|0|0|0|0|0|0|0|0|1164|0|0|0|0|0|0|0|0|0|969|0|0|0|0|0|0|0|0|0|1033|0|0|0|0|0|0|0|0|0|994|0|0|0|0|0|0|0|0|0|869|0|0|0|0|0|0|0|0|0|991|0|0|0|0|0|0|0|0|0|1045|0|0|0|0|0|0|0|0|0|982|0|0|0|0|0|0|0|0|0|990|0|0|0|0|0|0|0
2,relu,relu,0,interleave,12,0.3,10,ce,ok,12.2255,10.0289,10.32,1.87092,9.9,1.80164,10.74,1,2.36954|2.36901|2.37163|2.36927|2.37026|2.36977|2.37121|2.36883|2.37029|2.36922,10.0778|10.1778|10.1156|10.0889|9.92889|10.2867|10.3156|10.2444|9.86889|10.0289,10.74|10.06|10.72|9.9|10.72|10.06|9.9|10.72|9.18|10.32,1.93968|1.82809|1.93642|1.80164|1.93642|1.82809|1.80164|1.93642|1.68163|1.87092,0|0|0|0|0|0|0|0|0|963|0|0|0|0|0|0|0|0|0|1164|0|0|0|0|0|0|0|0|0|969|0|0|0|0|0|0|0|0|0|1033|0|0|0|0|0|0|0|0|0|994|0|0|0|0|0|0|0|0|0|869|0|0|0|0|0|0|0|0|0|991|0|0|0|0|0|0|0|0|0|1045|0|0|0|0|0|0|0|0|0|982|0|0|0|0|0|0|0|0|0|990
3,relu,relu,0,interleave,12,0.3,10,ce,ok,12.2321,10.0156,10.72,1.93642,11.64,2.08527,10.74,8,2.36927|2.36989|2.37035|2.37031|2.36964|2.37064|2.37048|2.37004|2.3705|2.37008,10.1733|10.2622|9.97778|10.0111|10.2356|10.1089|9.94889|10.1711|10.0644|10.0156,10.32|9.4|9.4|9.64|9.9|9.86|9.64|10.74|10.72|10.72,1.87092|1.71846|1.71846|1.75848|1.80164|1.79501|1.75848|1.93968|1.93642|1.93642,0|963|0|0|0|0|0|0|0|0|0|1164|0|0|0|0|0|0|0|0|0|969|0|0|0|0|0|0|0|0|0|1033|0|0|0|0|0|0|0|0|0|994|0|0|0|0|0|0|0|0|0|869|0|0|0|0|0|0|0|0|0|991|0|0|0|0|0|0|0|0|0|1045|0|0|0|0|0|0|0|0|0|982|0|0|0|0|0|0|0|0|0|990|0|0|0|0|0|0|0|0
4,relu,relu,0,interleave,12,0.3,10,ce,ok,12.4159,10.3667,10.18,1.84789,10.33,1.87256,10.74,2,2.3695|2.37021|2.37031|2.37085|2.36972|2.36976|2.36962|2.36691|2.36851|2.36846,10.4133|9.96889|9.97778|9.99111|10.2956|10.1644|10.08|10.2822|10.2556|10.3667,10.32|10.74|9.64|9.9|9.9|10.32|9.64|10.72|9.18|10.18,1.87092|1.93968|1.75848|1.80164|1.80164|1.87092|1.75848|1.93642|1.68163|1.84789,0|0|0|963|0|0|0|0|0|0|0|0|0|1164|0|0|0|0|0|0|0|0|0|969|0|0|0|0|0|0|0|0|0|1033|0|0|0|0|0|0|0|0|0|994|0|0|0|0|0|0|0|0|0|869|0|0|0|0|0|0|0|0|0|991|0|0|0|0|0|0|0|0|0|1045|0|0|0|0|0|0|0|0|0|982|0|0|0|0|0|0|0|0|0|990|0|0|0|0|0|0
5,relu,relu,0,interleave,12,0.3,10,ce,ok,12.2482,10.0311,10.74,1.93968,10.45,1.89226,10.74,10,2.37048|2.37021|2.36886|2.3714|2.36893|2.37057|2.36983|2.36966|2.37048|2.36974,9.97778|9.99333|10.1|10.1733|10.2067|9.74889|10.2533|10.1578|10.2578|10.0311,10.32|9.4|9.4|10.32|10.72|10.72|9.9|10.18|9.86|10.74,1.87092|1.71846|1.71846|1.87092|1.93642|1.93642|1.80164|1.84789|1.79501|1.93968,0|0|0|0|0|0|0|963|0|0|0|0|0|0|0|0|0|1164|0|0|0|0|0|0|0|0|0|969|0|0|0|0|0|0|0|0|0|1033|0|0|0|0|0|0|0|0|0|994|0|0|0|0|0|0|0|0|0|869|0|0|0|0|0|0|0|0|0|991|0|0|0|0|0|0|0|0|0|1045|0|0|0|0|0|0|0|0|0|982|0|0|0|0|0|0|0|0|0|990|0|0
6,relu,relu,0,interleave,12,0.3,10,ce,ok,12.3163,9.84667,9.86,1.79501,9.94,1.80826,10.72,3,2.37116|2.37022|2.37148|2.36892|2.36899|2.36988|2.36866|2.36985|2.36963|2.37096,10.2733|10.1444|9.83111|10.1267|10.1978|9.97333|10.14|10.2444|10.0289|9.84667,10.06|9.18|10.72|9.9|10.18|10.72|10.18|9.18|10.06|9.86,1.82809|1.68163|1.93642|1.80164|1.84789|1.93642|1.84789|1.68163|1.82809|1.79501,0|0|0|0|963|0|0|0|0|0|0|0|0|0|1164|0|0|0|0|0|0|0|0|0|969|0|0|0|0|0|0|0|0|0|1033|0|0|0|0|0|0|0|0|0|994|0|0|0|0|0|0|0|0|0|869|0|0|0|0|0|0|0|0|0|991|0|0|0|0|0|0|0|0|0|1045|0|0|0|0|0|0|0|0|0|982|0|0|0|0|0|0|0|0|0|990|0|0|0|0|0
7,relu,relu,0,interleave,12,0.3,10,ce,ok,11.3846,9.98444,10.72,1.93642,11.64,2.08527,10.74,3,2.36912|2.36957|2.36988|2.37115|2.36926|2.36821|2.36852|2.37051|2.36997|2.36999,10.1311|10.0244|10.1822|10.2444|10.1667|10.2378|10.1911|10.3333|10.0889|9.98444,9.86|10.32|10.74|10.72|10.72|9.64|10.72|9.86|9.18|10.72,1.79501|1.87092|1.93968|1.93642|1.93642|1.75848|1.93642|1.79501|1.68163|1.93642,0|963|0|0|0|0|0|0|0|0|0|1164|0|0|0|0|0|0|0|0|0|969|0|0|0|0|0|0|0|0|0|1033|0|0|0|0|0|0|0|0|0|994|0|0|0|0|0|0|0|0|0|869|0|0|0|0|0|0|0|0|0|991|0|0|0|0|0|0|0|0|0|1045|0|0|0|0|0|0|0|0|0|982|0|0|0|0|0|0|0|0|0|990|0|0|0|0|0|0|0|0
8,relu,relu,0,interleave,12,0.3,10,ce,ok,11.6415,9.89556,9.4,1.71846,8.69,1.59904,10.74,7,2.37004|2.37096|2.37046|2.3708|2.36926|2.36964|2.37031|2.37047|2.37026|2.37069,10.0644|10.02|9.88|10.08|10.38|10.1511|10.2844|10.0378|9.99111|9.89556,9.18|9.9|9.64|10.06|9.4|9.64|10.74|10.72|10.32|9.4,1.68163|1.80164|1.75848|1.82809|1.71846|1.75848|1.93968|1.93642|1.87092|1.71846,0|0|0|0|0|963|0|0|0|0|0|0|0|0|0|1164|0|0|0|0|0|0|0|0|0|969|0|0|0|0|0|0|0|0|0|1033|0|0|0|0|0|0|0|0|0|994|0|0|0|0|0|0|0|0|0|869|0|0|0|0|0|0|0|0|0|991|0|0|0|0|0|0|0|0|0|1045|0|0|0|0|0|0|0|0|0|982|0|0|0|0|0|0|0|0|0|990|0|0|0|0
9,relu,relu,0,interleave,12,0.3,10,ce,ok,11.7734,10.0156,9.64,1.75848,9.91,1.80329,10.74,8,2.37079|2.3705|2.37124|2.36966|2.37045|2.36994|2.36897|2.37039|2.37053|2.37048,10.1711|10.1156|10.1622|10.12|9.94667|10.0733|10.3578|10.1178|10.08|10.0156,9.9|10.32|10.72|10.18|9.18|10.72|10.18|10.74|9.18|9.64,1.80164|1.87092|1.93642|1.84789|1.68163|1.93642|1.84789|1.93968|1.68163|1.75848,0|0|0|0|0|0|963|0|0|0|0|0|0|0|0|0|1164|0|0|0|0|0|0|0|0|0|969|0|0|0|0|0|0|0|0|0|1033|0|0|0|0|0|0|0|0|0|994|0|0|0|0|0|0|0|0|0|869|0|0|0|0|0|0|0|0|0|991|0|0|0|0|0|0|0|0|0|1045|0|0|0|0|0|0|0|0|0|982|0|0|0|0|0|0|0|0|0|990|0|0|0
10,relu,relu,0,interleave,12,0.3,10,ce,ok,11.6957,10.1578,10.18,1.84789,10.33,1.87256,10.74,1,2.37234|2.37254|2.36846|2.37026|2.37036|2.37067|2.36971|2.37028|2.37099|2.37129,10.0244|9.88444|10.1267|9.94|10.0689|9.92889|10.3578|10.0422|10.1733|10.1578,10.74|9.18|9.86|9.4|10.18|10.72|10.72|10.72|9.64|10.18,1.93968|1.68163|1.79501|1.71846|1.84789|1.93642|1.93642|1.93642|1.75848|1.84789,0|0|0|963|0|0|0|0|0|0|0|0|0|1164|0|0|0|0|0|0|0|0|0|969|0|0|0|0|0|0|0|0|0|1033|0|0|0|0|0|0|0|0|0|994|0|0|0|0|0|0|0|0|0|869|0|0|0|0|0|0|0|0|0|991|0|0|0|0|0|0|0|0|0|1045|0|0|0|0|0|0|0|0|0|982|0|0|0|0|0|0|0|0|0|990|0|0|0|0|0|0
1,tanh,tanh,0,interleave,12,0.001,10,ce,ok,12.5306,94.4222,93.32,93.2757,93.36,93.2491,93.32,10,0.951979|0.395799|0.31056|0.273094|0.250642|0.234162|0.221224|0.211882|0.203745|0.19605,74.9356|89.5111|91.5578|92.34|92.9911|93.3533|93.88|94.1733|94.2267|94.4222,87.62|90.68|91.86|92.18|92.26|93.16|93.22|93.18|93.28|93.32,87.5451|90.6507|91.8143|92.1504|92.2304|93.1362|93.1967|93.1663|93.2711|93.2757,930|0|10|0|1|3|4|0|13|2|0|1136|9|1|4|1|2|1|8|2|7|5|901|9|13|2|14|2|14|2|0|13|25|937|0|27|1|15|9|6|0|1|8|0|938|1|18|1|6|21|12|7|9|33|5|758|16|0|21|8|5|3|8|0|6|5|960|0|4|0|3|6|13|5|14|0|0|987|2|15|6|21|18|3|4|14|5|1|901|9|3|2|3|10|44|3|1|28|8|888
2,tanh,tanh,0,interleave,12,0.001,10,ce,ok,12.2898,94.4289,93.44,93.4085,93.53,93.3999,93.44,10,0.87642|0.405568|0.316761|0.276289|0.251347|0.233609|0.220723|0.208888|0.19949|0.192322,76.9689|89.1133|91.2644|92.2067|92.8556|93.2422|93.6022|93.9578|94.2978|94.4289,85.9|89.96|91.68|92.32|92.32|92.72|92.78|93.08|92.76|93.44,85.7304|89.871|91.6291|92.2589|92.263|92.6804|92.7542|93.0556|92.7471|93.4085,934|0|8|2|3|3|8|0|5|0|0|1138|2|1|4|6|1|4|7|1|8|2|893|9|11|2|16|13|14|1|7|5|12|941|2|27|2|13|19|5|3|2|10|1|944|0|12|1|1|20|5|4|4|20|10|775|26|5|8|12|7|1|3|0|5|6|966|0|3|0|2|4|15|2|12|2|0|997|0|11|5|13|18|17|14|18|10|1|867|19|8|1|1|8|38|8|0|25|3|898
3,tanh,tanh,0,interleave,12,0.001,10,ce,ok,11.9086,94.9067,94.46,94.4428,93.97,93.8811,94.46,10,0.943765|0.379459|0.291739|0.249286|0.226845|0.210428|0.199788|0.191093|0.185321|0.178394,74.3333|89.6756|91.8244|92.9156|93.52|93.9133|94.2044|94.4311|94.5244|94.9067,87.44|90.62|92.04|93.1|93.58|93.8|93.96|94.12|94.18|94.46,87.3274|90.4954|91.976|93.0584|93.5496|93.777|93.9175|94.0971|94.1552|94.4428,936|0|5|2|1|3|4|0|11|1|0|1129|1|9|4|5|2|3|10|1|10|3|878|14|16|3|15|7|22|1|2|6|19|941|1|28|4|10|18|4|5|0|6|0|937|2|17|1|4|22|3|4|2|15|5|799|21|0|13|7|9|1|1|0|2|10|962|0|6|0|2|5|10|9|11|1|1|982|0|24|3|5|9|11|4|18|5|0|916|11|3|0|0|12|29|9|0|16|4|917
4,tanh,tanh,0,interleave,12,0.001,10,ce,ok,11.777,94.6067,93.54,93.5006,93.04,92.9054,93.54,10,0.947338|0.389613|0.303977|0.265066|0.241825|0.224364|0.212613|0.202098|0.19473|0.188371,76.0711|89.7578|91.74|92.6022|93.2156|93.62|93.9711|94.2089|94.5133|94.6067,87.7|90.92|92.14|92.7|92.88|92.72|93.02|93.46|93.22|93.54,87.5951|90.8508|92.0957|92.6424|92.8405|92.6955|92.9834|93.4228|93.1814|93.5006,936|1|2|1|1|4|5|1|11|1|0|1142|4|4|2|2|2|2|5|1|8|4|857|35|10|4|12|9|30|0|4|4|14|961|0|21|1|10|13|5|4|2|9|0|915|2|10|4|5|43|8|3|4|51|6|746|11|3|26|11|5|7|8|0|7|6|947|0|11|0|4|3|9|10|7|2|0|991|3|16|2|11|8|19|2|15|8|2|908|7|5|2|0|13|31|5|1|28|4|901
5,tanh,tanh,0,interleave,12,0.001,10,ce,ok,11.5907,94.3067,93.46,93.4255,92.97,92.8676,93.46,10,0.919867|0.370807|0.307569|0.272986|0.249232|0.233083|0.22096|0.210911|0.204553|0.198698,77.2067|90.14|91.5911|92.4156|93.0489|93.4644|93.7378|93.9667|94.16|94.3067,88.84|90.84|91.8|92.58|92.94|93|93.24|93.18|93.08|93.46,88.7512|90.7839|91.7769|92.5613|92.9253|92.9685|93.2323|93.1545|93.0724|93.4255,941|0|4|0|4|2|3|1|7|1|0|1144|3|3|5|0|0|1|8|0|16|4|880|13|10|4|10|11|17|4|4|7|14|956|1|14|2|15|18|2|3|2|8|0|899|1|9|4|3|65|6|1|3|37|7|772|14|2|17|10|15|6|12|0|7|12|936|0|2|1|6|15|9|5|12|5|0|964|1|28|15|11|15|19|3|14|5|0|882|18|9|4|0|13|18|3|0|18|2|923
6,tanh,tanh,0,interleave,12,0.001,10,ce,ok,11.5252,94.3956,93.76,93.7216,93.4,93.2879,93.94,9,0.909527|0.361209|0.297063|0.264532|0.243014|0.227951|0.216208|0.20623|0.199493|0.19213,78.46|89.9978|91.6|92.54|92.9956|93.4378|93.82|94.0222|94.1133|94.3956,88.78|90.66|91.74|92.12|92.64|93.06|93.24|93.44|93.94|93.76,88.6113|90.6136|91.704|92.0827|92.6203|93.052|93.215|93.413|93.9097|93.7216,936|0|6|1|0|3|8|0|8|1|0|1131|3|3|5|7|0|2|13|0|9|7|897|8|12|3|11|10|12|0|2|6|22|924|0|41|1|16|14|7|3|1|7|0|932|1|17|0|3|30|14|5|3|18|9|780|13|1|17|9|3|3|3|1|5|11|958|0|7|0|6|10|16|3|10|2|3|975|1|19|8|10|8|8|1|21|4|0|901|21|8|2|2|7|33|8|0|17|7|906
8,tanh,tanh,0,interleave,12,0.001,10,ce,ok,11.6722,94.3956,93.3,93.2943,93.1,92.9855,93.38,8,0.922675|0.378662|0.299371|0.263199|0.242217|0.227577|0.216814|0.207297|0.199479|0.193308,75.2556|89.7489|91.6756|92.5467|93.1533|93.4978|93.74|94.0644|94.2133|94.3956,87.76|90.56|91.84|92.58|92.88|93.06|93.28|93.38|93.2|93.3,87.5853|90.4433|91.7622|92.5141|92.8499|93.0333|93.2592|93.3349|93.1702|93.2943,934|0|5|1|4|9|3|0|7|0|0|1119|7|5|5|0|4|2|20|2|22|2|864|13|22|3|10|8|22|3|5|4|19|929|1|39|1|11|17|7|1|0|7|0|952|0|10|1|1|22|20|0|3|9|5|790|12|1|16|13|9|1|3|0|14|13|941|0|10|0|6|0|8|5|14|8|1|966|1|36|1|4|9|8|10|25|3|0|910|12|8|0|1|8|40|9|0|11|8|905
7,tanh,tanh,0,interleave,12,0.001,10,ce,ok,11.9242,94.0689,93.22,93.1641,93.12,92.9892,93.36,9,0.897504|0.36348|0.29818|0.268547|0.250762|0.236406|0.225457|0.217411|0.209812|0.203751,77.7244|90.2244|91.5222|92.3622|92.74|93.2067|93.44|93.7489|93.9444|94.0689,88.18|90.82|91.22|92.28|92.22|92.38|93.14|93.02|93.36|93.22,88.0907|90.7562|91.1361|92.2218|92.1502|92.3233|93.1113|92.9729|93.3196|93.1641,939|0|1|3|1|5|7|1|5|1|0|1134|2|6|6|2|0|2|11|1|18|2|858|20|15|3|18|11|21|3|2|3|11|941|0|31|2|13|24|6|0|1|11|0|915|0|23|7|5|32|13|1|3|41|3|759|14|8|19|8|14|2|7|0|6|4|952|0|6|0|2|1|7|5|10|1|0|992|1|26|5|7|11|17|3|10|6|2|904|17|4|1|2|10|25|3|0|25|2|918
9,tanh,tanh,0,interleave,12,0.001,10,ce,ok,11.4794,94.5444,93.78,93.7587,93.44,93.3364,93.78,10,0.964851|0.371901|0.295488|0.258265|0.235628|0.221491|0.210422|0.201033|0.19423|0.188529,75.3356|90.0711|91.8022|92.7689|93.3667|93.6733|93.9933|94.2467|94.4578|94.5444,88.66|91.12|91.96|92.88|92.98|93.22|93.42|93.66|93.5|93.78,88.566|91.0441|91.8959|92.8259|92.9556|93.2066|93.385|93.6096|93.4639|93.7587,935|0|2|2|1|3|10|2|8|0|0|1123|6|10|4|6|1|1|11|2|14|7|878|17|16|0|11|6|15|5|5|2|15|961|0|26|1|9|10|4|2|0|8|2|919|2|14|5|2|40|16|0|1|18|6|795|13|4|8|8|10|1|0|2|12|10|954|0|2|0|5|0|9|16|8|5|0|987|2|13|5|9|14|15|3|29|4|3|891|9|4|1|0|15|25|14|0|27|3|901
1,tanh,tanh,0,interleave,12,0.003,10,ce,ok,11.3977,94.6867,93.76,93.7321,93.33,93.2136,93.76,10,0.583391|0.289724|0.253825|0.232768|0.218593|0.20962|0.200298|0.194277|0.188377|0.18141,84.2156|91.7311|92.82|93.3933|93.7311|93.9511|94.2556|94.4044|94.6244|94.6867,90.94|91.94|92.6|92.68|93.42|93.64|93.12|93.26|93.68|93.76,90.9125|91.9205|92.576|92.6642|93.3949|93.6206|93.0995|93.2722|93.6663|93.7321,924|0|6|1|1|6|9|1|13|2|0|1139|7|2|3|1|0|2|9|1|5|5|886|17|16|4|12|7|14|3|3|9|16|955|2|15|2|8|17|6|0|1|8|0|935|3|14|4|8|21|7|8|6|42|4|747|15|0|32|8|4|1|6|0|8|7|957|0|7|1|5|3|12|13|16|0|0|977|6|13|3|16|11|11|3|9|10|0|912|7|3|1|1|11|36|5|1|18|13|901
10,tanh,tanh,0,interleave,12,0.001,10,ce,ok,11.7886,94.6822,94.06,94.0565,93.29,93.194,94.06,10,0.926829|0.360159|0.291112|0.258645|0.237405|0.222672|0.209823|0.200652|0.191165|0.185669,75.1422|90.3867|91.84|92.6511|93.2644|93.6467|94.02|94.2067|94.4867|94.6822,88.56|91.1|92.32|92.6|93.08|93.32|93.56|93.6|94.04|94.06,88.3939|91.0672|92.2809|92.5922|93.0352|93.3028|93.5459|93.5556|94.0329|94.0565,941|0|4|1|1|1|5|0|9|1|0|1128|5|8|4|4|0|3|11|1|5|2|883|18|12|7|12|8|18|4|3|4|18|956|2|20|3|7|14|6|1|0|9|1|893|2|13|1|3|71|3|3|8|28|6|770|3|2|33|13|11|1|10|0|5|6|947|0|11|0|2|2|21|11|8|3|0|973|1|24|6|6|9|17|1|12|5|1|916|9|4|2|1|13|15|9|0|17|7|922
2,tanh,tanh,0,interleave,12,0.003,10,ce,ok,11.4747,94.6622,93.82,93.7717,93.55,93.4295,93.82,10,0.562976|0.291049|0.250252|0.227686|0.214522|0.204991|0.198614|0.191625|0.185851|0.180657,84.4689|91.5978|92.6311|93.3378|93.7133|93.9844|94.1711|94.3422|94.5311|94.6622,91.06|91.92|92.9|92.76|93.08|93.28|93.34|93.62|93.52|93.82,90.9858|91.8574|92.8706|92.7284|93.0318|93.2368|93.3327|93.5941|93.4911|93.7717,929|0|1|1|2|7|13|0|10|0|0|1138|3|1|3|3|3|5|6|2|10|3|892|8|15|1|16|11|12|1|5|6|15|921|2|31|4|19|18|12|2|1|5|0|955|0|13|1|1|16|10|4|3|12|8|773|31|2|17|9|5|4|1|0|5|3|970|0|3|0|2|4|14|4|10|1|0|995|1|14|6|14|9|11|10|14|13|1|892|12|10|2|1|4|57|6|0|14|6|890
3,tanh,tanh,0,interleave,12,0.003,10,ce,ok,11.5766,94.9333,93.84,93.8212,93.7,93.5983,94.14,8,0.568259|0.272099|0.236149|0.216433|0.205219|0.195943|0.189597|0.181011|0.17709|0.171313,84.0222|92.0822|93.0956|93.6133|94.0289|94.4133|94.4289|94.7467|94.7044|94.9333,91.66|93|92.96|93.6|93.42|93.62|93.84|94.14|93.72|93.84,91.6064|92.9688|92.9259|93.5907|93.3942|93.5907|93.8043|94.1235|93.6866|93.8212,936|0|6|1|1|3|4|0|9|3|0|1131|2|10|1|2|1|4|11|2|5|2|877|24|18|2|10|8|22|1|2|2|25|943|0|27|6|12|13|3|6|0|5|1|936|3|11|0|1|31|6|3|2|13|4|799|19|0|13|10|9|1|3|0|5|12|956|0|5|0|5|2|13|10|11|1|0|973|1|29|8|3|8|10|4|23|11|2|896|17|5|1|0|8|20|14|0|14|5|923
4,tanh,tanh,0,interleave,12,0.003,10,ce,ok,11.6887,94.6956,92.96,92.9242,92.82,92.7122,93.34,4,0.577773|0.284027|0.243586|0.2235|0.212245|0.202547|0.196154|0.189573|0.184093|0.179312,84.6667|91.8333|93.0533|93.54|93.8844|94.1489|94.2467|94.4511|94.5311|94.6956,90.58|92.3|92.7|93.34|92.92|92.88|92.96|93|93.32|92.96,90.5038|92.277|92.6671|93.2769|92.8916|92.8488|92.9176|92.965|93.2816|92.9242,922|1|4|4|0|7|8|2|13|2|0|1146|3|3|1|0|1|4|5|1|6|15|859|35|7|5|10|12|19|1|2|9|13|946|1|28|2|10|14|8|2|3|9|3|904|2|17|5|5|44|7|5|6|37|6|755|14|2|27|10|4|9|6|0|6|8|941|0|17|0|5|7|11|12|4|1|0|989|2|14|0|14|4|18|2|7|6|2|922|7|4|3|0|12|33|3|1|26|10|898
5,tanh,tanh,0,interleave,12,0.003,10,ce,ok,11.6048,94.4622,93.5,93.4579,93.14,93.03,93.74,8,0.560699|0.291023|0.253373|0.234657|0.221001|0.213722|0.203534|0.19733|0.192076|0.187058,85.18|91.7222|92.6978|93.3044|93.6978|93.7733|94.0156|94.2956|94.3844|94.4622,90.38|92.22|92.02|92.78|93.02|92.58|92.56|93.74|93.1|93.5,90.3346|92.1904|91.9816|92.7563|93.0031|92.5637|92.5638|93.7057|93.0841|93.4579,937|0|3|1|2|3|5|1|9|2|0|1137|3|4|4|3|0|3|9|1|14|6|888|10|8|4|7|11|18|3|3|10|18|943|0|26|0|20|9|4|7|2|5|0|886|3|4|4|5|78|3|0|5|28|4|798|13|1|10|7|18|3|6|0|7|22|932|0|2|1|4|8|8|3|8|6|0|990|0|18|15|15|17|17|3|27|2|1|871|14|7|0|0|5|13|13|0|18|2|932
6,tanh,tanh,0,interleave,12,0.003,10,ce,ok,12.0616,94.7089,93.44,93.4053,93.33,93.2155,93.8,9,0.548823|0.277871|0.241851|0.222785|0.208045|0.197835|0.193419|0.187049|0.18266|0.177318,85.5822|91.8356|92.9178|93.4089|93.8489|94.1222|94.2978|94.4089|94.6978|94.7089,91.4|92.62|92.98|93.28|93.26|93.76|93.2|93.44|93.8|93.44,91.3147|92.5788|92.9288|93.2554|93.2456|93.738|93.177|93.433|93.7619|93.4053,947|0|0|1|1|4|3|1|6|0|0|1114|2|3|5|10|0|1|26|3|20|10|864|11|16|6|13|16|13|0|9|5|15|917|1|49|1|16|12|8|4|0|5|0|934|2|12|1|4|32|14|2|6|11|10|798|11|2|11|4|13|2|3|0|7|11|947|1|7|0|6|2|7|4|5|2|1|1004|0|14|12|2|5|10|2|29|2|3|898|19|11|1|2|8|21|5|0|23|9|910
7,tanh,tanh,0,interleave,12,0.003,10,ce,ok,11.7147,94.5022,93.12,93.0658,93.22,93.0716,93.38,7,0.544969|0.286924|0.2554|0.235437|0.221901|0.211307|0.202358|0.19839|0.193195|0.189003,85.4533|91.7667|92.6178|93.2333|93.5578|93.7556|94.0622|94.2778|94.3911|94.5022,90.6|91.8|92.86|92.68|93.34|93.26|93.38|93.14|92.88|93.12,90.557|91.7583|92.808|92.6611|93.3137|93.2157|93.3553|93.1246|92.8342|93.0658,938|0|0|0|1|6|6|1|9|2|0|1143|3|4|4|0|0|3|5|2|18|2|854|10|14|3|25|15|24|4|5|3|10|929|1|29|0|12|30|14|2|2|6|0|900|1|24|5|3|51|11|6|3|38|4|755|12|10|24|6|12|1|3|0|6|5|955|0|9|0|2|0|8|0|11|1|0|1000|3|20|5|8|5|10|4|12|4|3|922|9|5|1|2|6|22|3|0|22|3|926
8,tanh,tanh,0,interleave,12,0.003,10,ce,ok,11.9279,94.8822,93.64,93.6555,93.51,93.4237,93.96,7,0.562319|0.285033|0.25017|0.227682|0.215237|0.202685|0.194362|0.186034|0.180453|0.175351,84.4356|91.6933|92.68|93.4044|93.6422|94.1356|94.3511|94.5933|94.7644|94.8822,90.68|91.6|92.66|93.02|93.2|93.2|93.96|93.7|93.64|93.64,90.5868|91.547|92.6097|92.9796|93.1747|93.1993|93.9499|93.7087|93.6177|93.6555,942|0|3|0|4|2|3|0|8|1|0|1118|4|7|3|3|1|2|25|1|23|0|870|14|15|3|11|9|21|3|5|2|23|950|1|21|3|11|13|4|5|0|4|0|927|4|4|2|2|46|13|0|2|12|4|800|12|1|14|11|13|1|10|0|7|9|943|0|7|1|0|2|10|12|8|8|2|966|2|35|5|1|9|13|5|23|2|0|912|12|6|0|0|12|22|4|1|13|9|923
9,tanh,tanh,0,interleave,12,0.003,10,ce,ok,11.9696,94.6956,93.42,93.3867,93.17,93.0628,93.8,6,0.572359|0.278597|0.241544|0.221174|0.208253|0.200673|0.192043|0.186256|0.180776|0.176753,84.66|92.0733|93.02|93.58|93.9667|94.1156|94.42|94.5822|94.7222|94.6956,91.38|92.72|93.16|93.24|93.48|93.8|93.02|93.7|93.5|93.42,91.3446|92.6795|93.1226|93.2011|93.4419|93.7651|92.9879|93.647|93.4596|93.3867,943|0|4|3|1|4|5|0|2|1|0|1116|13|13|4|4|0|2|11|1|17|4|893|14|13|1|7|5|9|6|11|1|22|967|0|18|0|6|4|4|5|0|9|3|901|3|14|1|4|54|20|0|5|30|5|770|13|3|13|10|17|0|6|1|1|8|951|0|6|1|7|0|16|15|7|3|0|974|1|22|16|4|17|25|2|21|6|1|882|8|5|1|0|15|17|7|0|17|8|920
10,tanh,tanh,0,interleave,12,0.003,10,ce,ok,12.0285,94.9289,93.74,93.7123,93.33,93.228,94.18,9,0.555842|0.278259|0.240473|0.220695|0.206176|0.196145|0.189707|0.185364|0.179536|0.174548,84.6978|92.0356|93.0267|93.5956|94.02|94.2089|94.46|94.5978|94.7778|94.9289,91.1|92.18|92.98|92.86|93.78|93.94|93.54|93.8|94.18|93.74,91.0406|92.1497|92.9522|92.8551|93.7452|93.9367|93.5245|93.7659|94.1611|93.7123,935|0|9|2|2|2|3|1|8|1|0|1125|9|3|1|2|0|4|18|2|3|3|900|11|15|4|6|13|9|5|3|3|18|949|1|14|4|16|16|9|1|0|15|1|882|0|6|3|7|79|3|0|7|37|5|752|6|4|34|21|13|1|5|1|8|8|946|0|9|0|3|3|10|6|7|1|4|990|1|20|3|2|10|8|2|10|7|0|928|12|1|1|2|9|19|7|0|19|6|926
1,tanh,tanh,0,interleave,12,0.01,10,ce,ok,12.7068,93.5267,92.56,92.5285,92.05,91.9261,92.6,6,0.447444|0.303675|0.274583|0.262307|0.25075|0.242693|0.237469|0.229984|0.227669|0.224371,87.1311|91.3222|92.0489|92.5|92.7578|93.06|93.26|93.4889|93.5244|93.5267,89.8|91.84|92.04|92.04|92.28|92.6|92.14|92.14|91.82|92.56,89.769|91.8177|92.0092|91.9735|92.236|92.5628|92.1249|92.1737|91.7988|92.5285,927|1|11|2|1|2|8|0|9|2|1|1133|1|7|3|5|1|6|7|0|12|2|857|26|18|5|21|14|13|1|2|8|19|934|3|19|2|15|23|8|2|2|6|0|948|1|18|2|2|13|13|2|3|48|3|751|17|2|9|21|11|3|3|0|5|8|956|0|5|0|5|1|13|16|17|0|1|955|4|33|3|19|11|20|9|14|16|5|868|17|6|4|4|10|58|1|1|20|10|876
2,tanh,tanh,0,interleave,12,0.01,10,ce,ok,13.0462,93.9,93.48,93.4241,92.61,92.4407,93.48,10,0.436575|0.300959|0.272117|0.25301|0.243641|0.23239|0.221906|0.218928|0.213101|0.209018,87.2911|91.2289|92.1067|92.6867|93.0267|93.3489|93.58|93.6578|93.9333|93.9,90.94|91.52|91.9|92.22|92.32|92.26|92.76|93.42|92.92|93.48,90.8884|91.4885|91.8556|92.1754|92.2872|92.2318|92.7315|93.3787|92.9199|93.4241,935|0|6|2|2|5|5|1|5|2|0|1126|5|1|1|9|2|6|13|1|7|8|885|14|15|3|18|9|9|1|6|5|30|923|1|35|0|14|9|10|4|0|5|1|931|1|22|10|3|17|19|7|5|19|7|737|34|4|27|10|9|5|0|2|2|7|964|0|2|0|3|3|13|3|9|1|3|995|2|13|6|6|12|15|5|17|14|2|900|5|9|1|0|12|60|5|1|32|5|865
3,tanh,tanh,0,interleave,12,0.01,10,ce,ok,13.2135,93.8644,93.6,93.5951,93.04,92.9213,93.6,8,0.433802|0.285181|0.26557|0.248656|0.238307|0.231193|0.22682|0.22096|0.213441|0.212647,87.3111|91.6644|92.2422|92.7|93.0756|93.28|93.4022|93.58|93.7578|93.8644,91.2|92.4|92.12|92.24|93.08|92.24|93.04|93.6|93.12|93.6,91.1535|92.3561|92.0534|92.207|93.0761|92.25|93.0163|93.5887|93.0949|93.5951,930|0|8|1|2|4|4|1|13|0|0|1133|0|5|4|1|0|4|12|5|7|4|861|18|12|9|18|10|29|1|9|4|28|908|2|37|2|14|18|11|2|0|2|1|940|0|19|0|2|28|4|6|5|10|7|785|26|1|13|12|9|2|4|0|6|10|956|0|4|0|5|2|17|3|13|3|0|971|2|29|9|9|12|3|4|9|6|3|905|22|5|0|0|5|36|10|2|9|8|915
4,tanh,tanh,0,interleave,12,0.01,10,ce,ok,12.9562,93.6933,93.2,93.1567,92.35,92.2303,93.2,10,0.440027|0.292181|0.26986|0.255489|0.246515|0.238581|0.233948|0.224502|0.22355|0.218813,87.3289|91.5622|92.1644|92.6578|92.9|93.0556|93.2533|93.5244|93.5933|93.6933,90.84|91.16|91.94|92.02|91.84|91.66|91.18|92.08|92.48|93.2,90.834|91.1623|91.9152|91.9788|91.7678|91.6502|91.0843|92.0085|92.43|93.1567,912|1|13|2|2|10|15|1|7|0|0|1124|6|14|2|2|0|6|9|1|6|4|884|27|8|4|11|9|16|0|2|3|29|937|2|25|4|14|14|3|2|1|8|1|936|1|16|0|2|27|9|2|8|34|3|746|15|3|29|20|5|3|7|0|13|10|944|0|9|0|2|2|15|15|5|3|1|967|3|32|1|7|13|25|4|14|9|3|884|22|4|0|4|16|43|3|2|12|5|901
5,tanh,tanh,0,interleave,12,0.01,10,ce,ok,13.0673,93.4467,92.28,92.2995,91.78,91.6791,92.48,7,0.440562|0.303408|0.278267|0.263355|0.251958|0.243525|0.237428|0.230244|0.226696|0.22221,87.5533|91.2667|91.8933|92.3311|92.7667|92.9267|93.1689|93.2489|93.4|93.4467,91.36|92|91.28|91.68|92.46|90.68|92.48|91.26|92.18|92.28,91.3157|91.9775|91.1925|91.6076|92.4405|90.6243|92.4525|91.2513|92.182|92.2995,933|0|4|1|1|7|4|1|10|2|0|1133|1|7|3|3|0|3|9|5|35|11|848|10|2|11|14|8|21|9|3|4|22|911|1|55|1|12|12|12|13|1|2|0|865|3|12|2|13|83|7|3|7|15|2|797|10|1|16|11|13|2|3|1|7|26|920|0|17|2|9|2|15|10|9|11|0|929|4|56|6|21|2|6|1|18|3|1|905|19|10|3|0|10|10|8|0|9|3|937
6,tanh,tanh,0,interleave,12,0.01,10,ce,ok,13.0649,93.6333,92.46,92.4394,92.66,92.5431,92.84,7,0.42587|0.288324|0.262144|0.249588|0.239435|0.234296|0.228626|0.224674|0.217485|0.215901,87.8533|91.4556|92.4556|92.6644|92.9489|93.1356|93.1911|93.3333|93.7|93.6333,91.8|91.28|92.5|92.62|92.52|92.1|92.84|92.54|92.34|92.46,91.767|91.236|92.4714|92.5659|92.5321|92.101|92.7971|92.5311|92.2997|92.4394,932|0|1|0|1|13|6|3|4|3|0|1124|4|6|4|5|0|9|10|2|18|4|875|7|20|6|13|14|11|1|10|6|10|914|1|39|5|26|12|10|2|0|6|0|932|1|15|4|3|31|6|3|2|21|4|801|19|2|6|5|12|2|3|0|14|10|948|0|2|0|5|1|6|5|12|1|0|996|1|18|11|14|10|10|6|35|12|6|854|24|10|2|2|11|35|8|2|28|2|890
7,tanh,tanh,0,interleave,12,0.01,10,ce,ok,13.3528,93.6889,92.04,92.0052,92.13,91.9857,92.66,5,0.432306|0.297785|0.27371|0.258598|0.247982|0.23937|0.228924|0.228279|0.225129|0.218194,87.6067|91.4622|92.1067|92.6733|92.8778|93.1867|93.2978|93.4289|93.5667|93.6889,90.78|91.56|92.56|92.26|92.66|92.18|92.62|92.22|92.32|92.04,90.7249|91.5249|92.5311|92.2264|92.5925|92.1547|92.5825|92.1625|92.2771|92.0052,944|0|2|1|1|3|7|0|4|1|0|1131|2|5|5|3|0|6|10|2|21|4|850|28|11|3|15|10|22|5|6|3|15|948|0|25|0|13|15|8|2|0|9|1|837|0|18|5|6|116|16|6|1|42|5|744|9|1|26|19|28|1|3|0|9|7|934|0|9|0|0|5|16|7|10|2|0|980|0|25|6|5|13|12|5|11|4|0|910|16|7|0|1|13|14|4|0|11|5|935
8,tanh,tanh,0,interleave,12,0.01,10,ce,ok,13.1266,93.5333,92.74,92.721,92.61,92.4869,93.18,5,0.440432|0.2973|0.277029|0.262485|0.257665|0.24787|0.24617|0.235628|0.23438|0.230177,87.28|91.4511|92.1356|92.6311|92.6089|92.9556|93.0511|93.38|93.4333|93.5333,91.46|91.22|91.74|93.08|93.18|92.04|92.74|92.74|92.7|92.74,91.38|91.1243|91.677|93.0382|93.1439|92.0303|92.7084|92.7181|92.6726|92.721,930|1|13|1|1|7|6|0|3|1|0|1135|4|6|4|0|1|5|8|1|2|2|898|15|11|7|10|10|14|0|3|2|41|922|0|30|0|16|14|5|2|3|5|0|939|4|13|2|5|21|15|0|4|34|5|780|10|3|11|7|10|2|7|2|18|10|938|1|3|0|2|2|12|8|12|1|1|980|1|26|1|12|19|26|4|31|4|4|878|3|9|1|2|17|57|12|0|27|4|861
9,tanh,tanh,0,interleave,12,0.01,10,ce,ok,12.9037,93.7822,92.56,92.4958,92.16,92.024,93.04,8,0.438366|0.294062|0.26763|0.25584|0.241583|0.238707|0.231403|0.225223|0.225686|0.217066,87.4867|91.5133|92.18|92.5333|92.9244|93.1422|93.3889|93.4444|93.4222|93.7822,90.28|92.22|91.6|92.22|92.04|92.7|91.74|93.04|92.62|92.56,90.243|92.1701|91.5481|92.1046|92.0145|92.6451|91.6715|93.0018|92.5806|92.4958,929|0|9|1|0|9|5|0|8|2|0|1114|17|8|4|2|1|6|11|1|17|3|870|17|19|8|10|6|14|5|4|2|36|931|0|20|4|18|13|5|3|0|10|2|927|4|13|2|0|33|9|1|7|33|6|760|27|0|16|10|13|0|1|0|7|5|960|0|5|0|10|0|23|7|9|4|0|976|3|13|9|7|14|18|6|16|33|2|863|14|10|0|0|15|54|4|0|14|7|886
10,tanh,tanh,0,interleave,12,0.01,10,ce,ok,12.5391,93.8333,91.28,91.2709,91.53,91.4059,93.02,6,0.435233|0.294172|0.27056|0.253841|0.245163|0.237348|0.230177|0.22655|0.221774|0.222042,87.3311|91.7022|92.4422|92.8311|93.2356|93.48|93.6022|93.6911|93.7978|93.8333,90.66|92.18|92.28|92.74|92.32|93.02|92.62|92.62|92.56|91.28,90.5779|92.1523|92.2283|92.7106|92.3091|93.0172|92.584|92.6057|92.528|91.2709,935|1|6|2|1|1|3|0|13|1|0|1117|7|10|2|4|0|4|19|1|6|3|890|20|12|2|8|5|23|0|4|0|18|957|0|13|2|12|25|2|1|0|13|4|830|3|11|1|21|110|5|7|8|45|5|716|9|1|61|12|16|0|10|0|9|3|933|0|20|0|10|2|27|7|7|2|2|974|3|11|6|7|19|24|1|5|7|1|911|1|6|2|3|19|15|7|0|22|26|890
1,tanh,tanh,0,interleave,12,0.03,10,ce,ok,12.3352,91.3978,91.18,91.0965,90.2,90.042,91.18,10,0.490869|0.37585|0.349569|0.344542|0.337278|0.324004|0.321318|0.310883|0.312722|0.299773,85.4756|89.2867|90.1956|90.3578|90.5022|90.8622|90.8533|91.2333|91.0756|91.3978,87.08|89.42|90.32|89.98|90.4|90.78|91.08|89.7|90.92|91.18,87.07|89.4286|90.2545|89.9425|90.3836|90.7207|91.0567|89.6662|90.8944|91.0965,897|1|2|3|1|11|31|4|12|1|0|1124|8|7|3|1|1|1|19|0|9|5|847|22|17|4|22|8|31|4|3|12|15|944|2|16|2|16|19|4|10|2|4|1|916|3|12|3|10|33|9|5|6|68|3|699|26|8|39|6|7|1|7|0|13|6|951|0|6|0|2|16|21|16|8|3|1|935|9|34|0|26|16|15|5|10|20|2|879|9|7|32|1|11|50|9|1|24|27|828
2,tanh,tanh,0,interleave,12,0.03,10,ce,ok,12.0919,91.1467,91.04,91.0111,91.12,90.9837,91.04,10,0.481635|0.388013|0.362001|0.341669|0.338917|0.324492|0.325749|0.321123|0.316654|0.312739,85.7444|88.9444|89.6156|90.5267|90.3111|90.84|90.6867|90.8889|91.0844|91.1467,89.08|90.4|88.52|89.94|90.18|90.4|89.9|90.8|90.94|91.04,89.0381|90.3128|88.5089|89.941|90.1771|90.4121|89.9093|90.7784|90.9398|91.0111,913|1|12|2|4|11|8|1|10|1|0|1143|1|4|5|1|3|2|5|0|9|10|852|35|16|5|14|11|15|2|0|11|25|905|1|42|2|22|17|8|3|1|16|0|913|1|17|10|3|30|5|10|7|23|3|766|18|2|23|12|5|5|20|0|6|8|942|0|5|0|2|6|19|6|9|0|4|976|2|21|2|42|13|31|2|27|11|0|842|12|8|2|2|9|40|9|1|49|10|860
3,tanh,tanh,0,interleave,12,0.03,10,ce,ok,11.771,92.3622,91.6,91.5044,91.38,91.2292,92.16,7,0.479367|0.362404|0.337129|0.315569|0.317326|0.308762|0.302393|0.294959|0.284269|0.282158,85.7867|89.8489|90.6778|91.3444|91.2422|91.5244|91.6289|91.9822|92.3067|92.3622,88.84|91.12|90.7|91.04|91.26|91.28|92.16|92|92.14|91.6,88.8137|91.1011|90.7083|91.0131|91.2535|91.226|92.1033|91.9713|92.0607|91.5044,911|2|4|2|1|13|15|1|10|4|0|1132|3|4|1|0|0|4|20|0|4|7|861|7|18|5|21|9|34|3|8|7|29|914|2|16|4|20|23|10|3|0|2|1|885|1|56|1|1|44|16|12|5|36|6|736|31|4|13|10|12|1|5|0|0|10|958|0|5|0|4|4|17|16|12|3|0|978|2|9|11|23|5|13|3|18|13|2|879|15|8|7|1|8|48|2|1|22|9|884
4,tanh,tanh,0,interleave,12,0.03,10,ce,ok,11.6122,91.1467,90.38,90.3085,90.77,90.5902,90.78,9,0.501987|0.392348|0.362828|0.348806|0.340576|0.33697|0.322805|0.329053|0.316167|0.312597,85.1133|88.6933|89.5178|89.9156|90.1844|90.3467|90.7578|90.2911|90.8533|91.1467,87.86|85.68|89.18|89.8|90.18|90.74|90.3|90.1|90.78|90.38,87.8465|85.7302|89.1292|89.7527|90.0455|90.6892|90.2434|89.9769|90.7484|90.3085,917|0|5|1|1|16|10|1|8|4|0|1132|9|2|2|2|1|3|10|3|7|9|875|12|14|0|12|13|26|1|10|9|40|883|1|42|0|27|18|3|0|1|19|1|890|4|26|8|6|39|14|21|5|23|7|717|21|7|36|18|6|2|12|0|7|5|937|0|22|0|4|5|14|8|15|3|1|977|6|12|6|19|18|5|3|18|12|13|880|8|9|1|3|14|27|7|2|46|12|869
5,tanh,tanh,0,interleave,12,0.03,10,ce,ok,11.2941,92.2511,92,91.9749,91.87,91.7366,92.04,9,0.484944|0.370176|0.345917|0.329639|0.321844|0.31786|0.311923|0.29597|0.300833|0.292009,85.8978|89.6867|90.4044|90.9111|91.22|91.42|91.5067|92.0222|91.9222|92.2511,89.28|88.4|91.58|90.8|91.38|91.44|90.04|91.44|92.04|92,89.0769|88.3001|91.5515|90.8136|91.3602|91.3691|89.9876|91.4251|92.0536|91.9749,936|0|1|1|2|10|3|4|4|2|0|1137|2|12|2|2|0|3|6|0|18|4|840|21|17|8|20|22|18|1|3|4|37|918|1|20|0|21|8|21|8|0|0|3|924|3|11|8|1|36|14|0|4|19|0|789|8|4|14|17|12|3|0|1|2|18|949|0|5|1|9|10|8|10|10|1|0|967|4|26|12|10|15|35|7|35|9|8|830|21|6|9|0|10|32|1|1|29|5|897
6,tanh,tanh,0,interleave,12,0.03,10,ce,ok,11.1884,91.4156,91.14,91.0635,90.41,90.1778,91.6,9,0.491563|0.392971|0.378773|0.353354|0.341829|0.325859|0.328126|0.328523|0.324364|0.312413,85.6689|88.8244|89.22|90.0311|90.3267|90.8733|90.6622|90.8822|90.9867|91.4156,87.78|88.86|90.04|90.12|90.9|90.54|90.72|90.68|91.6|91.14,87.5962|88.7598|89.9149|90.0322|90.8595|90.4656|90.6972|90.651|91.5419|91.0635,916|0|2|0|7|16|5|4|11|2|0|1116|7|5|6|6|2|3|19|0|7|8|857|14|18|14|12|18|20|1|4|5|35|878|2|48|0|27|24|10|4|0|4|0|928|0|11|5|2|40|15|1|5|58|12|693|32|6|28|19|18|3|8|0|11|10|931|0|10|0|3|2|14|3|18|2|0|994|1|8|6|17|12|24|5|28|6|7|861|16|8|1|0|9|43|2|0|53|7|867
1,tanh,tanh,0,interleave,12,0.1,10,ce,ok,13.2148,79.6067,80.7,80.6172,79.89,79.5327,81.2,8,0.934892|0.978767|0.983569|0.944808|0.885427|0.822053|0.76186|0.718426|0.707365|0.693613,70.6111|68.8267|68.6311|69.7089|71.0822|74.3378|76.2044|78.0156|79.0067|79.6067,66.36|64.36|68.36|70.16|72.38|72.56|72.86|81.2|77.76|80.7,66.3342|62.6641|66.0005|70.2475|71.0189|71.5313|73.1216|80.825|77.6868|80.6172,873|0|4|14|1|22|24|0|19|6|0|1071|29|21|2|5|6|3|26|1|38|20|676|77|12|1|40|14|85|6|16|14|24|817|0|51|14|14|60|23|4|6|9|1|823|18|65|8|13|47|72|9|5|58|5|569|31|0|105|15|6|0|26|1|5|18|913|0|22|0|9|12|20|57|21|9|3|739|1|174|6|12|24|104|13|36|12|2|740|33|8|17|2|16|91|40|3|26|19|768
2,tanh,tanh,0,interleave,12,0.1,10,ce,ok,13.2554,78.6333,80.16,79.4772,80.08,79.1839,80.16,10,1.01756|0.996347|0.885105|0.826089|0.819908|0.804282|0.750613|0.774869|0.716846|0.700963,67.4|67.1222|72.34|73.6422|74.0933|74.8244|77.2022|75.8289|78.0756|78.6333,65.56|56.98|70.92|77.68|75.94|74.36|78.5|74.06|71.78|80.16,63.7501|52.6256|70.022|77.4464|73.5225|73.9727|78.5853|72.1195|66.5891|79.4772,871|0|0|2|4|38|10|6|31|1|0|1107|3|7|5|10|3|2|27|0|27|21|339|16|22|8|67|22|438|9|5|13|9|801|1|84|7|30|74|9|3|1|3|1|907|2|24|14|10|29|12|14|1|64|7|666|16|8|75|6|7|5|2|0|7|10|883|1|76|0|25|5|17|11|20|1|1|934|12|19|0|8|4|35|17|76|9|6|814|13|3|1|8|16|135|5|1|127|8|686
4,tanh,tanh,0,interleave,12,0.1,10,ce,ok,13.31,80.5111,79.74,79.8013,78.79,78.5035,82.54,5,0.915021|0.943858|0.823533|0.836553|0.752043|0.707596|0.701958|0.655114|0.704448|0.668313,71.2156|69.8511|74.6533|73.1111|77.0267|79.3667|79.4311|80.9978|79.0844|80.5111,75.5|72.2|74.3|75.82|82.54|79.04|80.54|80.96|80.36|79.74,74.9213|70.7807|74.3548|75.5086|82.3533|78.9564|80.0089|81.1907|80.1045|79.8013,740|1|16|10|2|42|110|30|7|5|1|1126|1|7|1|13|1|1|13|0|10|19|733|79|16|7|34|10|59|2|2|12|26|859|1|56|7|11|54|5|3|2|17|3|799|19|36|0|7|108|13|11|15|138|4|619|25|2|16|26|31|5|8|0|5|24|863|0|55|0|5|17|8|60|15|3|0|751|5|181|4|15|16|98|4|66|5|0|759|15|10|2|19|41|240|17|1|18|12|630
3,tanh,tanh,0,interleave,12,0.1,10,ce,ok,13.3382,76.1289,73.2,71.193,73.49,71.1013,80.86,3,0.954566|0.870372|0.821981|0.790114|0.812823|0.824742|0.797379|0.686323|0.691986|0.755831,69.5667|73.0911|75.0622|76.2|75.3244|73.6911|74.9956|79.6133|79.0311|76.1289,76.66|61|80.86|80.86|74.6|69.94|79.88|80.6|79.26|73.2,76.3659|56.9918|80.6125|80.4703|74.4172|67.7771|79.0885|80.4865|79.1391|71.193,818|0|40|30|3|13|4|1|43|11|0|1077|32|13|1|2|11|1|23|4|13|1|646|188|19|1|45|14|22|20|2|2|51|749|0|15|29|18|127|40|24|3|35|2|708|6|7|3|4|202|24|3|9|331|28|101|55|2|296|20|13|2|100|42|18|14|791|0|10|1|5|3|42|6|17|2|0|857|12|101|20|11|47|57|6|4|25|4|780|28|10|7|22|22|63|2|0|31|11|822
9,tanh,tanh,0,interleave,12,0.03,10,ce,ok,13.7925,91.4267,90.02,89.9642,89.95,89.7485,91.22,5,0.497786|0.394305|0.369518|0.359383|0.341351|0.329324|0.327911|0.321581|0.320663|0.308905,85.3756|88.6778|89.4244|89.8089|90.4867|90.7089|90.7178|90.8133|90.9156|91.4267,86.06|88.72|88.12|90.02|91.22|90.08|90.56|90.62|90.06|90.02,86.0264|88.5845|87.9898|89.9514|91.1955|90.0263|90.505|90.5411|89.9731|89.9642,930|0|4|0|4|5|11|0|9|0|0|1094|25|10|3|7|3|8|14|0|18|1|851|25|17|10|27|10|9|1|14|0|32|924|2|36|7|11|5|2|0|0|5|2|948|3|26|0|3|7|16|3|8|30|4|759|25|2|11|11|12|2|2|0|5|11|949|0|9|1|7|2|28|16|19|9|0|952|0|12|10|7|22|28|4|42|14|3|847|5|5|2|2|28|151|17|0|34|10|741
7,tanh,tanh,0,interleave,12,0.03,10,ce,ok,13.8006,91.4622,91.54,91.4586,91.28,91.1091,91.54,10,0.487981|0.383319|0.352285|0.344515|0.327479|0.321018|0.309469|0.310317|0.305019|0.307357,85.6444|89.2733|90.0778|90.44|90.8533|91.06|91.4622|91.5422|91.4556|91.4622,87.92|89.76|89.74|91.22|90.7|90.64|91.24|90.86|90.22|91.54,87.7968|89.6951|89.6457|91.162|90.6069|90.5579|91.2042|90.7966|90.1649|91.4586,914|0|2|6|2|10|9|2|16|2|0|1128|6|2|2|0|2|4|16|4|17|8|836|20|12|5|26|24|20|1|2|6|24|929|0|28|3|18|21|2|3|1|9|0|890|0|17|3|3|68|18|7|1|48|4|717|14|7|39|14|11|4|12|2|11|4|935|0|12|0|3|2|14|9|12|1|0|977|1|26|4|19|9|12|7|12|6|5|900|8|6|2|2|14|28|7|0|21|8|902
8,tanh,tanh,0,interleave,12,0.03,10,ce,ok,13.8148,90.8244,90.8,90.7634,90.28,90.1059,90.8,10,0.520455|0.395045|0.357867|0.350384|0.339634|0.338925|0.330743|0.327105|0.320865|0.315949,84.5156|88.4622|89.5489|89.8044|89.9489|90.1044|90.3311|90.3578|90.7311|90.8244,86.98|87.34|89.64|88.78|88.7|90.2|90.02|89.84|90.34|90.8,86.8854|87.2342|89.5677|88.6673|88.6332|90.1954|89.9606|89.8279|90.2501|90.7634,931|1|8|1|2|12|2|0|4|2|1|1113|25|1|2|5|1|2|12|2|27|3|806|13|24|5|36|6|47|2|5|0|33|898|1|41|5|20|22|8|3|1|4|0|918|1|17|1|6|43|8|2|6|22|10|767|18|3|22|11|22|1|12|0|18|16|917|0|5|0|4|4|23|14|18|2|0|942|2|36|10|12|23|14|7|45|1|0|862|8|13|3|2|9|35|16|1|24|13|874
10,tanh,tanh,0,interleave,12,0.03,10,ce,ok,13.8403,91.5578,90.66,90.6072,90.64,90.4852,91.34,8,0.509262|0.376989|0.354893|0.339419|0.324708|0.319299|0.324063|0.31041|0.303997|0.301309,84.9133|89.4244|89.8311|90.1467|90.6489|91.1422|90.9156|91.1911|91.4133|91.5578,89.46|88.92|88.3|89.6|90.56|89.46|89.56|91.34|90.4|90.66,89.4391|88.9228|88.2568|89.5937|90.4769|89.4452|89.5247|91.3089|90.3277|90.6072,897|0|10|5|2|14|29|0|5|1|0|1113|5|5|4|2|2|9|23|1|8|6|838|29|18|2|26|18|19|5|3|8|17|921|1|40|4|18|9|12|5|0|4|0|921|5|12|2|4|41|5|4|2|43|9|727|14|5|51|9|5|1|0|0|7|5|955|0|18|0|3|2|12|6|18|4|0|944|1|55|1|15|15|14|4|23|10|6|876|18|7|2|2|8|59|10|1|22|7|872
6,tanh,tanh,0,interleave,12,0.1,10,ce,ok,12.2057,79.8867,78.7,78.4522,78.9,78.3251,80.64,8,0.995545|0.961458|1.04638|0.935959|0.835059|0.810512|0.766825|0.748|0.717973|0.674466,67.5778|68.4244|65.2578|69.9689|73.4244|74.2511|75.8689|77.4178|78.5911|79.8867,64.68|69.12|69.44|72.86|76.44|73.16|74.52|80.64|79.98|78.7,63.5075|68.0758|68.772|73.0651|75.7494|72.7903|74.1344|80.5953|79.5736|78.4522,919|0|8|3|2|10|6|4|10|1|0|1070|1|1|37|2|1|2|49|1|47|36|677|14|20|8|30|48|79|10|17|34|22|776|12|96|5|21|44|6|5|7|10|0|839|2|30|7|67|27|28|10|10|53|16|607|14|8|104|19|17|3|22|0|31|13|879|0|25|1|21|34|2|4|23|4|0|925|7|25|58|54|5|11|15|115|3|12|689|20|15|17|3|20|253|19|1|105|48|509
5,tanh,tanh,0,interleave,12,0.1,10,ce,ok,12.3631,79.3578,79.64,78.8646,80.11,79.1362,80.88,9,1.00656|0.893636|0.928038|0.908316|0.892164|0.802416|0.775182|0.722082|0.765224|0.698928,67.4333|71.2911|70.0622|70.9311|71.1133|74.8333|76.2667|78.36|75.8511|79.3578,65.44|75|75.04|65.7|72.68|76.04|78.32|67.66|80.88|79.64,63.9317|74.1481|74.9757|62.7109|72.3293|75.2161|78.048|65.0496|80.4397|78.8646,878|0|19|10|2|18|15|7|14|0|1|1059|6|3|2|18|2|3|62|8|33|6|768|27|26|10|31|17|50|1|35|3|41|823|0|57|3|29|35|7|2|4|16|0|925|6|20|6|5|10|37|7|8|114|4|610|33|5|43|8|17|0|9|0|51|36|860|0|18|0|8|10|7|2|39|2|1|946|12|18|13|23|13|51|7|63|52|7|742|11|6|14|9|17|346|15|2|174|7|400
7,tanh,tanh,0,interleave,12,0.1,10,ce,ok,12.4648,79.3711,79.76,79.6462,78.57,78.4216,82.78,7,1.09098|0.962303|0.880883|0.721856|0.707623|0.683868|0.67927|0.630685|0.666865|0.680264,63.3867|69.1111|73.1444|78.94|79.4467|79.7889|79.7889|81.8711|80.0356|79.3711,65.96|73.74|74.36|80.32|72.46|82.74|82.78|82.7|76.12|79.76,62.4877|72.2873|73.8126|80.3231|71.6239|82.6594|82.617|82.3914|75.168|79.6462,855|0|14|5|2|66|11|3|6|1|0|955|179|7|2|9|1|1|2|8|12|2|808|10|40|15|23|23|22|14|3|0|66|553|2|307|0|24|52|26|11|4|3|2|817|11|19|17|7|103|8|18|19|36|9|700|11|14|37|17|16|5|96|0|17|24|827|0|6|0|4|2|33|1|20|3|0|940|2|40|11|57|48|96|3|71|8|12|648|28|11|5|2|15|64|32|1|100|6|754
8,tanh,tanh,0,interleave,12,0.1,10,ce,ok,12.476,77.4911,79.06,79.1052,79.91,79.6381,82.84,7,1.16033|1.01937|0.968935|0.843445|0.828824|0.77212|0.779662|0.721814|0.737644|0.748788,60.9867|66.8467|69.3622|75.0156|75.1533|76.6733|76.2622|78.9289|77.7111|77.4911,67.9|62.42|70.34|75.7|79.16|67.62|82.84|77.98|77.92|79.06,65.6172|61.9874|69.1757|74.8443|79.0289|66.5435|82.775|77.6793|77.8221|79.1052,820|1|7|7|2|103|0|0|22|1|0|1103|6|9|1|9|1|4|30|1|8|22|706|74|20|28|12|12|86|1|13|5|60|762|0|102|2|23|59|7|0|0|9|1|799|12|15|16|23|119|93|22|13|42|4|611|11|3|53|17|12|5|45|1|51|96|752|2|27|0|1|3|1|15|15|12|0|892|58|48|14|16|35|18|7|46|16|5|807|18|6|1|2|13|58|29|0|118|24|739
2,tanh,tanh,0,interleave,12,0.3,10,ce,ok,12.5223,32.6356,24.24,16.1019,25.12,16.1454,40.16,3,3.33554|2.93342|2.8966|2.77507|2.83235|2.90137|2.9418|2.90372|2.84458|2.74413,17.9889|27.88|28.8422|31.6356|30.0711|28.1222|26.3756|26.2089|29.3622|32.6356,31.5|33.96|40.16|35.38|35.96|29.46|27.64|23.58|27.78|24.24,22.3802|22.4747|27.4754|25.0212|24.7938|17.0399|15.9326|14.5392|16.3155|16.1019,934|0|0|0|0|28|1|0|0|0|2|1045|1|0|0|116|0|0|0|0|700|33|28|0|0|208|0|0|0|0|201|3|2|0|0|827|0|0|0|0|23|0|1|0|0|970|0|0|0|0|396|3|0|0|0|470|0|0|0|0|844|3|1|0|0|108|35|0|0|0|20|7|0|0|0|1018|0|0|0|0|414|3|1|0|0|564|0|0|0|0|24|0|0|0|0|966|0|0|0|0
1,tanh,tanh,0,interleave,12,0.3,10,ce,ok,12.6249,37.0667,33.3,30.1081,34.62,30.8753,46.78,4,3.07091|2.89524|2.85369|2.66606|2.45001|2.5156|2.89166|2.5768|2.38654|2.55569,21.8022|27.9844|29.5089|34.4156|40.0733|38.1867|28.8978|36.7867|41.7444|37.0667,17.96|32.4|15.64|46.78|39.24|20.7|36.26|27.84|37.42|33.3,14.2849|24.2228|8.85289|41.9013|31.1313|13.9157|28.2466|20.6188|31.2641|30.1081,748|4|169|0|4|5|0|6|27|0|0|1152|3|0|1|0|0|1|7|0|9|198|255|0|34|2|0|2|469|0|21|341|46|138|29|120|0|45|293|0|1|3|451|0|242|0|0|0|297|0|49|63|38|58|36|191|0|71|363|0|3|39|183|0|0|0|0|0|766|0|20|33|48|0|574|1|0|343|26|0|8|467|38|4|65|6|0|1|393|0|3|24|65|3|672|1|0|4|218|0
9,tanh,tanh,0,interleave,12,0.1,10,ce,ok,12.7793,78.9,80.98,80.8833,80.76,80.4597,81.12,6,1.07759|0.905593|0.908086|0.778747|0.764975|0.731292|0.759735|0.813752|0.788831|0.706726,63.9111|71.6244|70.0933|76.1489|76.4933|78.06|76.8467|74.8489|76.2911|78.9,70.82|72.42|72.1|72.6|77.98|81.12|76.48|75.84|76.46|80.98,70.3517|73.0008|71.4574|72.1341|77.848|80.3221|75.8144|75.1902|76.1769|80.8833,739|0|9|0|0|164|18|0|32|1|0|1109|10|5|4|1|2|3|23|7|19|4|773|49|15|14|43|10|38|4|16|10|56|612|1|113|9|18|153|45|3|2|24|1|718|5|68|3|17|153|16|7|9|33|0|712|26|3|45|18|8|5|17|0|13|22|913|0|13|0|10|7|22|9|14|8|2|860|8|105|2|21|26|13|2|57|25|0|802|34|2|1|10|17|26|19|5|43|29|838
10,tanh,tanh,0,interleave,12,0.1,10,ce,ok,12.9224,78.8133,75.26,75.1497,75.85,75.4427,80.68,9,0.970675|0.93|0.876777|0.785548|0.828832|0.733845|0.781254|0.69714|0.708847|0.71209,69.04|70.3644|71.7378|75.74|73.8911|77.4178|75.2|79.3267|79.1489|78.8133,77.9|65.24|77.96|71.58|71.54|78.26|75.1|79.48|80.68|75.26,77.3475|61.4773|77.9133|71.4819|69.9482|77.5941|73.703|79.1132|80.4108|75.1497,884|0|14|19|1|25|5|1|12|2|0|1118|13|1|0|3|4|1|6|18|36|4|767|46|25|3|40|4|38|6|59|26|84|764|1|16|2|10|56|15|9|4|9|2|638|1|16|4|123|188|78|14|5|39|6|504|34|3|136|50|24|3|32|3|14|7|884|0|22|2|36|13|146|65|12|3|0|645|2|123|35|14|46|36|7|11|11|0|531|291|18|8|10|19|23|7|0|19|36|850
3,tanh,tanh,0,interleave,12,0.3,10,ce,ok,13.1622,22.6756,9.5,1.93555,8.94,2.10844,37.3,6,3.29734|3.37139|3.16284|3.11946|3.09983|2.87134|3.11147|3.27929|3.15159|3.14326,17.8844|17.4867|21.6778|23.0267|23.9378|29.3578|23.2356|19.5911|22.72|22.6756,21.64|16.04|21.46|20.88|20|37.3|18.66|20.72|28.88|9.5,10.5556|6.11217|14.458|9.19668|10.274|25.8873|9.54604|10.3337|17.4131|1.93555,25|0|0|0|0|938|0|0|0|0|0|0|0|0|0|1164|0|0|0|0|1|0|0|0|0|968|0|0|0|0|0|0|0|0|0|1033|0|0|0|0|0|0|0|0|0|994|0|0|0|0|0|0|0|0|0|869|0|0|0|0|0|0|0|0|0|991|0|0|0|0|0|0|0|0|0|1045|0|0|0|0|0|0|0|0|0|982|0|0|0|0|0|0|0|0|0|990|0|0|0|0
4,tanh,tanh,0,interleave,12,0.3,10,ce,ok,13.2741,43.64,32.72,23.8204,32.6,23.4635,51.6,7,2.87958|2.522|2.43728|2.31782|2.25441|2.10114|2.18898|2.41762|2.24583|2.30849,28.7178|37.8422|40.0867|43.1956|44.7444|49.0622|46.88|40.9067|45.62|43.64,40.36|36.34|30.98|36.2|35.4|40.76|51.6|38.64|49.14|32.72,29.8977|27.2866|23.2369|29.4928|23.925|34.0077|44.4705|32.8588|40.5897|23.8204,0|0|0|1|0|924|0|5|32|1|0|858|0|6|0|2|0|1|297|0|0|1|0|1|0|43|0|3|918|3|0|7|0|11|0|87|0|23|904|1|0|1|0|0|0|11|0|199|641|142|0|0|0|30|0|550|0|45|231|13|0|0|0|0|0|170|0|1|819|1|0|0|0|0|0|11|0|814|168|52|0|2|0|3|0|37|0|26|914|0|0|7|0|1|0|41|0|459|369|113
6,tanh,tanh,0,interleave,12,0.3,10,ce,ok,13.1962,35.5822,31.02,22.0247,31.8,21.807,37.92,8,3.03952|2.93391|2.81957|2.84787|2.78668|2.73243|2.70018|2.65202|2.67136|2.62159,22.9867|27.0133|30.0111|30.0933|31.92|32.6511|33.3822|34.9489|34.3244|35.5822,23.14|34.42|33.2|26.84|33.18|32.22|20.76|37.92|36.48|31.02,14.6455|24.0337|23.3546|20.7503|22.6811|21.9226|13.2286|29.6841|27.2131|22.0247,946|0|0|0|17|0|0|0|0|0|167|984|0|0|3|0|0|0|10|0|914|6|0|0|47|0|0|0|2|0|996|2|0|0|28|0|0|3|4|0|94|0|0|0|899|0|0|0|1|0|794|1|0|0|59|0|0|0|15|0|827|0|0|0|163|0|0|0|1|0|72|5|0|0|574|0|0|340|54|0|935|3|0|0|33|0|0|0|11|0|86|1|0|0|859|0|0|15|29|0
5,tanh,tanh,0,interleave,12,0.3,10,ce,ok,13.2629,48.6067,56.8,48.3149,57.2,47.8068,56.8,10,3.12352|2.76386|2.49414|2.44511|2.56753|2.35998|2.22038|2.24984|2.17606|2.12314,21.64|32.1178|39.4289|41.0556|37.32|42.5978|46.2778|45.4644|47.3267|48.6067,27.38|34.98|44.34|30.36|34.14|52.18|41.14|41.68|55.68|56.8,19.7261|31.1158|39.294|24.016|28.41|48.116|34.758|31.8118|47.5253|48.3149,920|1|1|3|2|0|28|8|0|0|2|1013|63|2|4|0|5|71|4|0|47|11|533|96|19|0|216|30|17|0|376|3|29|437|19|0|50|86|33|0|3|0|2|0|816|0|65|102|6|0|582|8|9|34|105|0|60|69|2|0|33|2|6|0|11|0|938|1|0|0|5|9|8|9|15|0|1|991|7|0|213|8|87|435|111|0|17|39|72|0|32|4|0|10|525|0|2|371|46|0
7,tanh,tanh,0,interleave,12,0.3,10,ce,ok,13.2373,38.1222,38.22,28.9722,38.93,29.2305,47.9,6,2.79782|2.67717|2.50809|2.67594|2.80535|2.30983|2.21982|2.24435|2.36605|2.51731,30.8911|34.0133|38.3956|34.4333|31.38|43.8467|45.98|45.3867|42.12|38.1222,25.42|29.48|41.32|40.22|35|47.9|43.86|47.2|34.96|38.22,20.1656|24.9502|31.1863|32.7261|24.8287|41.5282|33.3012|38.8416|30.7131|28.9722,826|0|0|23|0|44|6|64|0|0|0|1091|0|35|0|26|0|12|0|0|44|174|0|27|0|546|29|149|0|0|12|8|0|628|0|303|0|82|0|0|1|3|0|0|0|5|0|985|0|0|58|6|0|395|0|245|7|158|0|0|142|20|0|9|0|144|88|588|0|0|0|21|0|3|0|6|0|1015|0|0|7|13|0|216|0|582|11|153|0|0|4|4|0|13|0|10|2|957|0|0
10,tanh,tanh,0,interleave,12,0.3,10,ce,ok,13.0129,34.4889,40.18,35.346,40.39,34.9996,40.18,10,2.87801|2.9024|2.6559|2.82623|2.62168|2.80498|2.64189|2.63637|2.65296|2.67556,27.9511|27.8889|34.3889|30.5333|35.7044|30.9956|35.1511|35.3378|35.2444|34.4889,20.34|32.76|33.24|31.9|27.36|35.18|36.82|35.68|37.02|40.18,11.0136|21.1513|21.7012|23.372|21.4005|29.6702|35.5657|32.027|30.5964|35.346,366|0|1|473|0|0|16|0|1|106|0|881|0|13|0|0|13|0|253|4|51|103|378|24|0|0|95|0|272|46|19|115|15|574|0|0|12|0|131|167|11|0|8|2|0|0|53|0|239|681|14|15|9|439|0|0|34|0|18|340|66|17|83|43|0|0|747|0|25|10|3|3|1|1|0|0|0|0|133|904|3|76|2|115|0|0|17|0|277|492|5|0|3|11|0|0|6|0|149|816
8,tanh,tanh,0,interleave,12,0.3,10,ce,ok,13.3637,33.1978,38.7,33.7667,39,33.6173,40.84,7,3.2297|3.23051|3.30031|3.14781|3.05379|2.84978|2.66446|2.62576|2.72546|2.72126,20.7178|20.94|19.2044|22.7956|25.5933|30.3|34.48|35.6|32.7956|33.1978,18.94|20.28|25.56|25.02|29.08|38.74|40.84|30.38|40.36|38.7,7.27237|11.9671|16.4187|16.726|17.2123|27.8863|30.2495|23.4356|33.2715|33.7667,811|0|17|0|3|114|11|0|0|7|0|672|370|0|45|6|0|67|0|4|23|1|246|0|448|54|116|2|0|79|85|4|115|0|27|389|4|0|0|409|0|0|2|0|207|80|38|0|0|667|251|2|99|0|35|311|28|2|0|141|11|1|111|0|127|8|731|1|0|1|7|0|1|0|24|64|0|8|0|941|25|3|105|0|87|270|26|3|0|463|2|0|1|0|21|51|0|1|0|914
9,tanh,tanh,0,interleave,12,0.3,10,ce,ok,13.2669,27.4644,29.18,20.6115,27.97,19.606,32.38,6,3.12437|3.13801|2.87504|2.85905|2.95352|2.89804|2.56184|2.63169|2.82563|2.94942,22.1089|22.9467|29.1511|29.9156|27.1311|28.1622|36.9378|35.2089|30.1044|27.4644,15.34|20.6|30.02|26.56|27.4|32.38|28.76|29.3|26.9|29.18,8.87183|11.5252|18.371|17.2134|16.9013|21.0023|16.7346|21.4043|15.4081|20.6115,818|0|16|0|0|125|0|0|0|4|0|47|120|0|0|724|0|0|0|273|116|0|192|0|0|623|6|0|0|32|9|0|413|0|0|582|0|0|0|29|38|0|0|0|0|67|1|0|0|888|35|0|75|0|0|719|0|0|0|40|160|0|23|0|0|657|131|0|0|20|22|0|2|0|0|58|0|0|0|963|4|0|10|0|0|924|0|0|0|44|21|0|0|0|0|79|0|0|0|890
1,leaky_relu,leaky_relu,0,interleave,12,0.001,10,ce,ok,13.0874,94.0556,93.7,93.6402,93.03,92.8856,93.7,10,0.884292|0.364305|0.317539|0.289686|0.269644|0.25384|0.23909|0.226057|0.215596|0.205334,71.6156|89.4933|90.8333|91.6956|92.1778|92.6022|93.0756|93.5489|93.7356|94.0556,87.68|90.6|91.52|91.54|92.22|92.9|93.02|93.36|93.46|93.7,87.6334|90.55|91.4605|91.5121|92.1721|92.8461|92.9835|93.3453|93.4415|93.6402,920|0|8|1|1|8|11|0|13|1|0|1144|3|1|4|2|0|2|7|1|7|4|884|9|13|3|17|6|23|3|0|6|16|951|2|16|2|12|20|8|4|0|3|1|938|1|12|2|6|27|8|10|8|45|6|734|20|1|22|15|3|3|6|0|6|4|963|0|5|1|3|2|14|11|14|2|0|963|4|32|4|12|16|16|6|11|9|1|898|9|4|3|1|13|41|5|0|12|3|908
2,leaky_relu,leaky_relu,0,interleave,12,0.001,10,ce,ok,13.2687,94.0778,93.58,93.5366,93.18,93.0499,93.58,10,0.832233|0.369402|0.310577|0.277587|0.255929|0.239201|0.227653|0.216669|0.207363|0.200576,73.3578|89.4|91.1444|92.0267|92.5667|92.96|93.2622|93.7333|93.9578|94.0778,86.62|90.12|91.46|92.14|92.54|92.96|93.08|93.32|93.46|93.58,86.4263|90.0483|91.4213|92.068|92.5089|92.9164|93.073|93.2932|93.4314|93.5366,933|0|6|2|1|5|2|2|11|1|0|1141|1|4|2|2|0|8|4|2|10|11|875|12|6|5|14|14|20|2|3|9|13|941|0|32|0|22|8|5|2|0|3|3|936|1|12|2|4|31|9|6|8|21|9|778|17|4|7|10|4|2|1|0|5|11|964|0|4|0|2|5|6|5|9|1|0|1010|1|6|7|23|9|16|6|28|11|3|864|15|8|3|0|15|49|7|0|31|1|876
4,leaky_relu,leaky_relu,0,interleave,12,0.001,10,ce,ok,13.095,94.4422,93.52,93.4392,93.14,92.9877,94.24,9,0.818581|0.360018|0.305116|0.272715|0.249529|0.231053|0.216142|0.204638|0.194834|0.189428,75.9|89.7867|91.1689|92.2111|92.7289|93.2911|93.7089|93.9711|94.3956|94.4422,87.58|90.16|91.48|92.44|92.02|92.88|93.04|93.78|94.24|93.52,87.3898|90.145|91.4539|92.3843|91.9672|92.8467|93.0037|93.7457|94.2088|93.4392,930|0|7|3|1|3|6|1|12|0|0|1141|2|3|4|0|0|4|9|1|8|7|883|13|12|3|11|9|21|2|3|10|12|952|0|18|1|12|20|5|1|2|16|1|919|1|9|3|1|41|9|4|8|69|5|707|14|2|36|15|4|2|16|1|1|3|953|0|11|0|1|6|6|6|12|2|0|994|3|15|5|22|4|10|4|3|5|1|921|7|3|4|1|16|32|2|0|13|5|914
3,leaky_relu,leaky_relu,0,interleave,12,0.001,10,ce,ok,13.1757,94.3244,94.04,94.028,93.47,93.3903,94.04,10,0.808388|0.348554|0.3026|0.270505|0.247953|0.230615|0.217437|0.206518|0.199301|0.192198,75.0667|90.1289|91.3444|92.2644|92.8444|93.3289|93.6978|93.8489|94.1889|94.3244,89.18|91.22|92.4|92.36|93.24|93.4|93.92|93.74|93.8|94.04,89.1239|91.1609|92.3578|92.3407|93.2298|93.3565|93.887|93.7356|93.762|94.028,940|0|3|1|1|2|4|0|11|1|0|1110|3|7|5|2|2|1|32|2|11|3|886|8|6|2|17|5|26|5|7|6|12|926|0|32|2|9|29|10|4|0|3|0|946|1|19|0|2|19|12|4|3|22|6|778|22|0|16|6|6|1|1|0|0|3|975|0|5|0|7|4|11|13|15|2|0|957|5|31|12|7|4|2|5|12|12|0|917|11|8|2|1|9|35|8|1|11|3|912
5,leaky_relu,leaky_relu,0,interleave,12,0.001,10,ce,ok,12.9936,94.1289,93.36,93.3319,93.38,93.2746,93.36,10,0.793629|0.362599|0.312531|0.282158|0.26132|0.243716|0.230297|0.218588|0.209119|0.200592,75.8356|89.6267|91.1267|91.9067|92.4778|92.9711|93.3044|93.6311|93.8756|94.1289,88.82|90.82|91.58|92.26|92.58|92.82|93.08|91.96|93.28|93.36,88.7087|90.7647|91.5373|92.2309|92.5614|92.7743|93.0611|91.9138|93.2518|93.3319,936|0|4|3|1|3|2|2|10|2|0|1132|1|1|4|6|0|2|14|4|8|9|882|10|10|5|15|7|18|5|2|3|9|956|1|32|1|12|14|3|4|1|7|1|872|1|15|5|9|79|3|7|4|36|5|780|13|2|8|11|6|1|1|0|2|15|961|0|5|0|4|4|8|2|4|2|0|993|1|27|9|9|6|14|1|26|3|4|890|20|6|4|0|13|8|1|1|20|1|936
8,leaky_relu,leaky_relu,0,interleave,12,0.001,10,ce,ok,13.0993,94.6467,93.62,93.6361,94.04,93.9607,94,9,0.811019|0.343318|0.287317|0.254889|0.232515|0.218261|0.206085|0.196343|0.18773|0.18235,75.28|89.8933|91.5667|92.6778|93.2844|93.6533|94.0756|94.2644|94.4822|94.6467,87.86|90.74|91.94|92.54|93.2|93.22|93.74|93.58|94|93.62,87.7201|90.6538|91.8909|92.5196|93.1758|93.2324|93.7337|93.5685|93.9958|93.6361,928|0|6|0|1|6|4|1|14|3|0|1131|1|1|6|3|0|2|18|2|8|6|870|9|14|6|10|13|29|4|2|3|15|937|2|29|1|11|19|14|1|0|5|0|943|1|7|3|4|30|5|2|5|20|7|797|8|0|13|12|7|1|4|0|3|8|961|0|7|0|1|1|6|1|12|2|0|986|1|35|4|9|1|9|6|10|4|0|926|13|3|2|1|10|25|5|0|16|3|925
6,leaky_relu,leaky_relu,0,interleave,12,0.001,10,ce,ok,13.3427,94.6311,93.86,93.8087,93.45,93.3299,93.9,9,0.829535|0.329141|0.282572|0.256611|0.236787|0.219458|0.208467|0.198261|0.191626|0.18408,74.5222|90.5689|91.8822|92.6044|93.0511|93.6644|93.9444|94.2022|94.4089|94.6311,90.02|91.4|91.88|92.38|93.2|93.6|93.68|93.8|93.9|93.86,89.8967|91.3256|91.7968|92.3008|93.1482|93.571|93.6258|93.7588|93.854|93.8087,945|0|4|1|3|1|5|0|4|0|0|1126|4|3|2|7|0|3|18|1|12|5|876|5|7|7|16|16|21|4|6|6|23|898|2|39|3|19|27|10|6|1|5|0|926|1|10|1|6|38|13|1|7|15|5|780|18|4|17|9|14|1|1|0|8|4|958|0|5|0|6|6|4|5|6|2|0|1000|1|15|12|6|10|10|4|14|7|1|900|18|8|1|0|4|24|1|0|13|3|936
7,leaky_relu,leaky_relu,0,interleave,12,0.001,10,ce,ok,13.3793,94.4756,94,93.9963,93.66,93.5632,94,10,0.879832|0.357153|0.304022|0.270758|0.247377|0.229877|0.216879|0.207399|0.198528|0.19168,72.1689|89.88|91.4867|92.2889|92.98|93.3089|93.6911|93.9356|94.3044|94.4756,88.28|90.12|91.6|92.7|93.34|93.66|93.68|93.76|93.82|94,88.1831|90.0376|91.5227|92.6911|93.2897|93.6229|93.6858|93.7248|93.799|93.9963,935|0|3|1|0|2|5|4|10|3|0|1140|3|1|3|4|0|2|8|3|11|6|868|24|13|4|12|8|19|4|2|7|16|952|0|21|1|12|18|4|1|0|5|0|901|2|13|3|6|63|10|5|6|24|4|780|7|1|23|9|6|3|2|0|6|14|955|0|5|0|2|2|12|4|7|0|1|981|1|35|2|7|4|13|6|14|4|0|915|17|3|2|0|8|17|3|0|15|3|939
9,leaky_relu,leaky_relu,0,interleave,12,0.001,10,ce,ok,11.933,94.0333,93.72,93.6889,93.49,93.386,93.72,10,0.911093|0.395439|0.322956|0.290219|0.266247|0.248606|0.234866|0.224256|0.215152|0.208008,71.0156|88.44|90.6911|91.5911|92.2756|92.9156|93.2578|93.5422|93.7667|94.0333,86.48|90.22|91.34|91.86|92.68|92.3|92.88|93.12|92.76|93.72,86.531|90.1596|91.2745|91.7633|92.6451|92.2235|92.823|93.0837|92.696|93.6889,941|0|3|1|2|5|3|0|8|0|0|1133|2|4|5|6|1|1|11|1|17|7|880|11|16|3|17|4|14|0|9|4|19|943|2|18|1|8|25|4|4|0|7|0|936|2|8|1|6|30|13|0|3|27|7|784|16|2|11|6|14|2|0|0|3|13|955|0|4|0|3|6|15|12|15|3|0|970|4|17|10|14|9|12|5|19|7|3|896|7|5|2|0|12|35|4|2|16|3|911
10,leaky_relu,leaky_relu,0,interleave,12,0.001,10,ce,ok,12.0004,93.8911,93.32,93.2792,93.02,92.908,93.32,10,0.922123|0.369079|0.309079|0.281572|0.262716|0.248862|0.235882|0.225767|0.21664|0.210664,70.5489|89.28|91.1356|91.7156|92.4289|92.7622|93.1244|93.4422|93.7089|93.8911,86.86|90.3|91.14|91.58|91.52|92.62|92.72|92.82|93.06|93.32,86.6475|90.1762|91.0492|91.5015|91.4382|92.5824|92.6906|92.7554|93.048|93.2792,940|0|1|1|1|3|4|2|11|0|0|1127|2|7|0|5|0|2|17|4|10|6|889|23|7|1|7|7|14|5|6|4|14|952|0|16|2|15|18|6|3|1|5|0|888|2|18|1|14|62|13|3|5|33|6|744|14|2|36|13|8|1|2|0|4|5|959|0|12|0|9|0|15|6|6|1|0|974|2|32|5|20|3|17|2|19|8|0|890|18|6|2|2|10|14|2|0|10|5|939
3,leaky_relu,leaky_relu,0,interleave,12,0.003,10,ce,ok,11.5991,94.86,93.94,93.9643,93.38,93.3354,94.28,7,0.523487|0.274492|0.238241|0.216487|0.204647|0.192681|0.186761|0.179446|0.176344|0.172632,83.8933|91.9089|93.0133|93.5178|93.8578|94.1911|94.4|94.5311|94.6422|94.86,92.02|93.08|93.88|93.16|93.52|93.74|94.28|93.74|93.96|93.94,91.9706|93.0842|93.8726|93.1687|93.5319|93.7367|94.2705|93.754|93.9448|93.9643,930|0|4|0|1|5|4|0|17|2|0|1107|8|7|3|2|0|2|34|1|11|3|897|9|5|3|14|5|21|1|5|4|19|906|1|36|4|10|38|10|2|0|6|1|916|0|14|1|5|49|4|1|5|9|2|805|18|2|14|9|2|1|0|0|0|5|974|0|9|0|6|2|19|7|11|1|0|950|5|44|6|3|2|2|5|11|11|0|931|11|5|3|0|11|20|10|0|6|13|922
2,leaky_relu,leaky_relu,0,interleave,12,0.003,10,ce,ok,12.0572,94.7422,94.24,94.234,94.07,93.9798,94.24,10,0.565028|0.286851|0.245324|0.224591|0.212465|0.201624|0.195719|0.187818|0.180773|0.176111,82.4067|91.5956|92.6333|93.28|93.6756|94.0244|94.2|94.4289|94.6111|94.7422,90.72|92.5|93.36|93.66|93.42|92.8|93.78|93.9|93.98|94.24,90.6707|92.4681|93.3203|93.6269|93.3888|92.8119|93.7794|93.8933|93.9659|94.234,943|0|1|1|1|4|2|0|9|2|0|1142|3|2|4|1|0|2|10|0|14|7|879|18|10|2|10|12|16|1|4|10|11|947|0|35|2|14|7|3|5|0|4|1|941|0|13|1|6|23|6|2|5|7|6|799|16|0|21|7|7|1|2|0|5|5|962|0|9|0|2|4|8|11|13|3|0|983|2|19|4|20|10|11|6|18|6|0|899|8|7|2|0|9|28|5|0|21|6|912
1,leaky_relu,leaky_relu,0,interleave,12,0.003,10,ce,ok,12.1288,95.0978,93.38,93.2744,93.19,92.9597,94.54,5,0.544352|0.280259|0.23995|0.215007|0.202562|0.18965|0.179679|0.173088|0.167541|0.164056,83.22|91.8156|92.9333|93.6467|93.9667|94.3089|94.6622|94.9044|94.9822|95.0978,91.18|92.8|93.52|93.58|94.54|93.98|93.66|94.38|94.14|93.38,91.1462|92.7697|93.4721|93.5592|94.5072|93.9764|93.6245|94.364|94.1388|93.2744,926|0|6|1|1|6|8|0|11|4|0|1140|7|0|3|0|0|2|11|1|9|4|882|15|10|2|5|8|29|5|2|7|12|953|0|12|1|16|23|7|1|0|7|0|935|1|7|1|4|38|5|7|5|83|3|659|13|3|61|30|4|3|1|0|9|3|964|0|7|0|1|4|18|1|9|1|0|988|3|20|1|8|7|5|4|1|6|1|936|13|6|1|1|9|17|0|0|14|6|936
4,leaky_relu,leaky_relu,0,interleave,12,0.003,10,ce,ok,11.5925,94.6733,94.26,94.2199,94.24,94.1347,94.74,8,0.535915|0.290542|0.249623|0.227274|0.21292|0.200821|0.193722|0.183809|0.178691|0.176872,83.76|91.3644|92.6333|93.2711|93.7467|94.1111|94.2|94.5178|94.6756|94.6733,88.76|92.04|92.58|93.6|93.7|93.5|92.78|94.74|94.38|94.26,88.6347|92.0066|92.5484|93.5723|93.6502|93.4751|92.7754|94.7191|94.3497|94.2199,944|0|1|1|1|4|3|1|7|1|0|1144|3|2|4|0|0|2|9|0|12|18|861|18|10|6|9|9|23|3|0|4|8|968|1|21|2|9|13|7|4|0|5|0|932|1|17|1|2|32|10|3|5|25|3|777|21|1|18|6|9|1|1|0|1|4|970|0|5|0|4|2|6|12|9|1|1|996|1|13|5|16|3|10|5|7|8|0|924|4|5|2|0|17|25|7|1|21|4|908
6,leaky_relu,leaky_relu,0,interleave,12,0.003,10,ce,ok,12.2756,94.9156,93.94,93.8747,94.27,94.1696,94.22,8,0.526084|0.270326|0.229736|0.211316|0.198207|0.189194|0.183397|0.17473|0.174277|0.169247,83.9911|91.9911|93.2889|93.7556|94.0889|94.3689|94.6267|94.8022|94.7867|94.9156,92.2|93.16|93.48|93.18|93.42|94.18|94.08|94.22|94|93.94,92.0968|93.1412|93.4438|93.1543|93.4024|94.1486|94.0493|94.1942|93.9447|93.8747,947|0|3|2|3|1|2|0|5|0|0|1131|8|0|5|3|0|4|10|3|9|3|910|6|12|1|6|14|8|0|6|5|25|927|2|27|2|16|17|6|4|0|5|0|935|2|16|5|5|22|7|1|2|16|2|783|20|1|22|15|14|1|4|0|5|2|957|0|8|0|5|1|9|3|6|0|0|1015|0|6|11|4|6|7|3|7|14|2|915|13|11|2|1|4|38|2|1|17|7|907
5,leaky_relu,leaky_relu,0,interleave,12,0.003,10,ce,ok,12.4369,94.7978,93.58,93.5669,93.49,93.4003,93.64,5,0.529857|0.301068|0.264035|0.239036|0.221817|0.204214|0.196214|0.186366|0.178972|0.17381,84.2|91.2511|92.2644|92.9889|93.4333|93.9756|94.18|94.4622|94.6889|94.7978,90.92|92.14|92.38|93.24|93.64|93.08|93.24|93.46|93.38|93.58,90.8782|92.0829|92.3505|93.198|93.6158|93.0443|93.2546|93.4214|93.3763|93.5669,938|0|5|2|3|1|6|1|6|1|0|1140|1|2|3|2|0|3|9|4|12|11|877|9|8|3|15|13|19|2|0|12|11|930|0|34|1|22|11|12|4|1|9|0|889|1|23|6|2|59|3|3|3|15|3|778|16|4|12|32|6|0|0|0|3|6|967|0|8|1|4|6|6|1|4|1|0|997|3|23|7|12|5|6|1|15|9|1|882|44|3|1|0|6|12|1|0|13|3|951
7,leaky_relu,leaky_relu,0,interleave,12,0.003,10,ce,ok,11.1292,95.0333,93.18,93.1776,93.14,93.0295,94.2,6,0.572267|0.299246|0.247678|0.222637|0.207415|0.196596|0.185871|0.180399|0.173828|0.167615,82.0844|91.32|92.7422|93.3578|93.96|94.1044|94.4222|94.6044|94.8067|95.0333,89.36|92|92.82|93.06|94|94.2|92.84|94.06|94.02|93.18,89.3175|91.9739|92.7561|93.0713|93.969|94.1816|92.8329|94.0458|93.9999|93.1776,936|0|2|1|4|5|8|0|6|1|1|1129|0|4|5|4|1|3|15|2|16|4|821|39|15|2|25|15|31|1|3|3|8|948|1|30|2|14|12|12|2|0|2|0|900|0|15|1|9|65|5|0|1|26|7|797|17|0|8|8|6|1|0|0|5|8|968|0|3|0|2|5|5|9|5|0|1|987|1|30|9|6|2|8|10|24|9|4|891|19|5|3|0|9|9|8|0|17|2|937
8,leaky_relu,leaky_relu,0,interleave,12,0.003,10,ce,ok,11.136,94.9156,94.18,94.2062,93.61,93.5664,94.52,9,0.521322|0.271078|0.233181|0.214307|0.201592|0.194043|0.185866|0.17803|0.174319|0.169888,84.0933|91.9556|93.1044|93.6578|94|94.1511|94.4489|94.5978|94.7222|94.9156,90.08|92.52|93.2|93.24|93.98|93.16|94.22|94.26|94.52|94.18,89.9802|92.4984|93.1813|93.2504|93.9533|93.1678|94.2095|94.2678|94.5228|94.2062,929|0|8|0|1|0|8|1|13|3|0|1105|1|6|5|0|3|4|37|3|9|5|871|5|16|4|13|16|25|5|0|1|12|953|1|20|2|11|18|15|1|0|3|1|940|0|6|3|4|36|3|1|4|29|9|781|18|1|13|10|5|1|2|1|12|3|960|0|7|0|0|0|7|1|8|2|0|981|0|46|5|7|3|2|8|7|9|2|906|33|1|1|0|8|21|5|0|16|3|935
9,leaky_relu,leaky_relu,0,interleave,12,0.003,10,ce,ok,11.1768,94.7578,94.5,94.4708,94.16,94.0638,94.5,10,0.572526|0.299478|0.252885|0.228904|0.213298|0.203151|0.195535|0.187438|0.181859|0.176748,82.3867|91.3733|92.7822|93.3|93.8622|94.0889|94.2644|94.4156|94.6044|94.7578,90.68|92.72|93.02|93.52|93.84|93.76|93.42|94.06|94.26|94.5,90.6902|92.6917|92.9493|93.4638|93.8164|93.7569|93.3829|94.0351|94.2166|94.4708,942|0|0|1|0|6|4|0|9|1|0|1133|7|3|3|5|0|0|12|1|9|8|892|11|11|2|17|7|12|0|8|6|15|922|3|33|2|10|32|2|4|0|4|0|948|1|11|1|6|19|9|0|3|7|6|807|16|1|15|5|8|1|2|0|3|8|962|0|7|0|6|3|13|4|12|5|0|981|3|18|11|6|7|5|4|23|4|0|921|1|11|2|0|7|22|12|0|15|13|908
10,leaky_relu,leaky_relu,0,interleave,12,0.003,10,ce,ok,11.302,94.2644,92.86,92.8232,92.83,92.7147,93.58,7,0.578488|0.30531|0.2638|0.242472|0.228615|0.216326|0.207029|0.20017|0.194155|0.189895,81.8111|90.9622|92.2467|92.8822|93.2022|93.5178|93.8956|93.9|94.2022|94.2644,89.7|90.8|91.88|92.76|92.04|93.28|93.58|93.4|93.52|92.86,89.5534|90.7523|91.8319|92.7366|91.9777|93.2751|93.5729|93.3673|93.4829|92.8232,931|0|12|3|1|3|3|2|8|0|0|1139|3|8|2|1|0|2|8|1|1|6|907|16|12|1|5|10|11|0|2|5|13|964|0|9|2|21|10|7|1|1|10|0|880|1|11|1|9|80|9|0|7|54|1|728|12|4|29|25|10|1|10|0|4|9|935|0|22|0|4|3|20|3|4|2|0|982|0|27|6|17|17|31|2|4|3|6|882|14|8|2|1|10|11|0|0|21|2|935
1,leaky_relu,leaky_relu,0,interleave,12,0.01,10,ce,ok,11.3189,94.2467,92.54,92.5026,92.26,92.0652,94.14,9,0.433496|0.278297|0.246878|0.232158|0.221349|0.211018|0.20628|0.202112|0.196988|0.193254,86.4467|91.5689|92.5444|93.14|93.4244|93.6333|93.82|94.0133|94.0733|94.2467,91.32|91.98|93.04|91.04|94.08|93.36|91.86|93.42|94.14|92.54,91.3598|91.9714|93.0201|91.1069|94.028|93.3931|91.7814|93.4245|94.1231|92.5026,933|0|3|1|1|6|6|1|11|1|0|1126|14|7|3|0|1|0|13|0|12|2|894|14|15|4|10|3|12|3|3|1|33|965|2|7|1|4|14|3|9|2|2|3|942|2|19|2|1|12|6|2|7|92|2|680|22|7|42|9|3|1|1|2|0|4|970|0|10|0|1|4|53|13|8|2|0|941|1|22|12|6|22|19|6|5|5|2|902|3|12|3|0|12|39|7|1|27|16|873
2,leaky_relu,leaky_relu,0,interleave,12,0.01,10,ce,ok,11.1625,94.64,93.54,93.553,93.28,93.2228,94.04,5,0.450494|0.279023|0.247775|0.228956|0.213356|0.208724|0.201034|0.197504|0.190094|0.186402,86.1156|92.0644|92.8289|93.5111|93.8467|93.9533|94.1933|94.3489|94.4622|94.64,91.54|92.7|93.22|93.72|94.04|93.88|94.04|92.18|93.66|93.54,91.5033|92.6808|93.1987|93.6911|94.0206|93.8725|94.0367|92.1606|93.6458|93.553,937|0|0|4|1|10|3|0|8|0|0|1154|0|6|0|0|0|0|4|0|4|20|831|52|11|7|9|7|28|0|1|7|4|979|1|15|1|6|16|3|4|3|7|1|944|4|9|3|8|11|2|10|4|12|1|817|5|0|15|3|6|9|2|2|5|13|947|0|7|0|6|11|11|21|14|14|0|947|3|18|4|29|5|29|4|9|6|0|893|3|15|6|1|18|44|9|1|11|6|879
3,leaky_relu,leaky_relu,0,interleave,12,0.01,10,ce,ok,11.1691,94.5111,93.78,93.7552,93.33,93.2387,93.78,10,0.411699|0.261658|0.239012|0.220562|0.210712|0.205677|0.203554|0.195609|0.189535|0.188122,87.3467|92.2378|92.9089|93.5067|93.7311|93.9289|93.9689|94.3667|94.4022|94.5111,92.48|93.08|93.24|93.2|93.42|93.48|93.58|91.9|93.48|93.78,92.4932|93.083|93.2281|93.2274|93.4039|93.4697|93.5787|91.9068|93.4843|93.7552,936|0|8|1|1|1|3|0|10|3|0|1101|5|4|2|1|0|0|47|4|9|2|902|3|14|5|9|3|17|5|3|1|26|942|2|18|3|11|21|6|3|0|6|1|908|2|16|2|4|52|2|0|4|22|2|751|59|1|15|13|5|0|3|0|0|1|975|0|7|0|3|2|20|10|6|2|0|974|6|22|3|0|6|1|6|9|15|0|934|8|6|2|0|16|22|7|1|18|8|910
4,leaky_relu,leaky_relu,0,interleave,12,0.01,10,ce,ok,11.2068,94.0689,92.1,92.0371,92.19,92.0402,93.24,8,0.43491|0.282289|0.256147|0.244232|0.228952|0.21949|0.212655|0.206854|0.199947|0.198405,86.4622|91.3911|92.3822|92.66|93.1067|93.3667|93.6044|93.8356|94.0733|94.0689,88.9|90.98|90.86|92.7|91.6|92.56|89.58|93.24|92.56|92.1,88.7152|90.9132|90.9526|92.668|91.4786|92.5286|89.6963|93.239|92.5719|92.0371,950|0|3|0|3|1|1|1|4|0|0|1136|2|5|2|0|0|1|15|3|10|9|870|30|6|0|2|16|24|2|12|7|12|965|0|14|1|7|11|4|4|0|25|0|893|0|5|4|1|62|15|2|8|58|3|703|11|8|44|17|17|5|41|1|5|5|898|0|19|0|2|2|13|32|5|1|0|979|0|11|13|15|4|16|11|4|0|4|911|4|5|1|0|13|19|1|0|31|6|914
5,leaky_relu,leaky_relu,0,interleave,12,0.01,10,ce,ok,11.69,94.1911,91.68,91.6769,92.04,91.9333,93.48,5,0.445933|0.293198|0.263564|0.244049|0.228235|0.220125|0.210374|0.20296|0.195985|0.190775,86.5244|91.1911|92.06|92.7622|93.2444|93.3511|93.7489|93.9622|94.1333|94.1911,90.24|92.3|93.3|92.54|93.48|92.3|92.2|92.96|92.88|91.68,90.2617|92.2617|93.2952|92.5403|93.4822|92.2465|92.2285|92.9402|92.8826|91.6769,939|0|5|1|2|0|0|1|13|2|0|1145|3|1|2|0|0|5|6|2|11|8|857|0|16|2|3|51|19|2|6|10|28|873|1|17|2|54|21|21|8|1|4|0|934|0|3|1|2|41|11|4|4|25|6|740|13|1|19|46|24|5|9|2|21|6|909|0|15|0|1|4|4|1|4|1|0|997|2|31|11|28|15|3|4|7|1|10|883|20|6|2|1|4|18|2|0|20|10|927
6,leaky_relu,leaky_relu,0,interleave,12,0.01,10,ce,ok,11.6717,94.3933,92.76,92.737,92.52,92.3783,94.1,9,0.429147|0.274792|0.244885|0.229092|0.216492|0.207251|0.202032|0.195887|0.194979|0.190379,86.7889|91.7756|92.8178|93.1178|93.5689|93.8956|94.0689|94.2133|94.2044|94.3933,91.24|93.06|93|93.4|93.82|93.76|93.66|93.52|94.1|92.76,91.1368|93.0453|92.9513|93.3602|93.8134|93.7547|93.6411|93.5066|94.0766|92.737,942|0|0|1|2|2|7|1|7|1|0|1118|6|2|5|0|3|7|18|5|18|2|873|1|18|1|20|12|22|2|5|2|28|890|1|32|2|37|22|14|2|0|3|0|955|0|13|2|4|15|6|3|5|12|9|742|44|3|31|14|5|5|6|0|2|0|967|0|6|0|1|3|12|1|14|0|1|997|1|15|11|7|8|3|6|9|5|1|909|23|12|1|2|3|85|4|1|21|2|859
7,leaky_relu,leaky_relu,0,interleave,12,0.01,10,ce,ok,11.696,94.1,93.46,93.4302,93.33,93.225,93.52,8,0.459246|0.291849|0.253888|0.240948|0.227317|0.217699|0.213583|0.205129|0.200161|0.200828,85.5711|91.4222|92.4044|92.8467|93.1733|93.5289|93.6133|93.9022|94.0378|94.1,88.74|91.9|92.64|93.06|92.34|93.18|92.14|93.52|92.58|93.46,88.8215|91.9116|92.5853|93.0489|92.336|93.1386|92.1098|93.4784|92.5441|93.4302,943|0|1|0|1|6|5|0|7|0|1|1126|3|1|5|2|1|2|23|0|16|5|896|13|6|4|5|6|16|2|2|5|22|944|0|31|1|12|8|8|6|3|8|0|870|2|21|4|5|75|6|0|4|16|0|823|11|0|7|2|6|1|6|0|1|5|971|0|1|0|9|4|14|10|6|2|0|974|6|20|11|8|11|1|3|43|20|0|878|7|9|3|0|13|13|26|2|13|3|908
8,leaky_relu,leaky_relu,0,interleave,12,0.01,10,ce,ok,11.8935,94.66,93.9,93.9126,93.81,93.7395,93.9,8,0.428184|0.26646|0.235612|0.220248|0.209529|0.20633|0.1982|0.191968|0.189518|0.182197,87.02|92.1867|93.1289|93.7178|93.9511|94.1022|94.1889|94.4067|94.6111|94.66,91.14|92.8|93.06|93.46|93.86|93.56|93.68|93.9|93.8|93.9,91.0829|92.7509|93.0413|93.4396|93.836|93.5296|93.6565|93.8821|93.7869|93.9126,932|0|4|1|1|2|4|1|17|1|0|1124|7|1|3|2|2|5|19|1|6|2|855|16|13|1|28|10|35|3|2|4|11|943|2|18|4|13|28|8|4|0|4|0|941|0|7|2|4|32|4|3|2|15|1|800|22|1|11|10|7|0|1|1|6|9|958|0|9|0|4|0|8|5|8|0|1|981|4|34|7|7|5|5|5|9|4|1|931|8|9|0|0|10|25|9|2|12|7|916
9,leaky_relu,leaky_relu,0,interleave,12,0.01,10,ce,ok,11.9305,94.4311,93.28,93.2861,92.72,92.6511,94.36,8,0.446208|0.277087|0.24778|0.232857|0.221273|0.213127|0.204801|0.201935|0.197212|0.1931,86.2556|91.8822|92.8|93.1133|93.6178|93.9|94.1889|94.1867|94.2933|94.4311,91.66|92.48|92.18|92.78|93.12|94.1|93.72|94.36|94.12|93.28,91.5627|92.4579|92.1216|92.6546|93.0927|94.0677|93.6903|94.3365|94.1039|93.2861,940|0|2|2|1|1|7|0|9|1|0|1116|22|8|3|1|0|1|11|2|13|3|887|23|12|4|14|3|9|1|7|4|7|968|1|19|2|4|15|6|6|0|3|1|933|2|14|4|3|28|13|0|3|16|4|803|15|0|12|3|9|2|3|0|1|10|963|0|3|0|10|1|15|73|12|4|0|888|5|37|11|3|12|21|7|22|9|1|886|10|13|2|0|19|28|18|1|12|9|888
10,leaky_relu,leaky_relu,0,interleave,12,0.01,10,ce,ok,11.8687,94.2111,92.88,92.8543,92.79,92.6914,94.24,9,0.468921|0.287029|0.251724|0.237344|0.22769|0.221918|0.212037|0.206448|0.198017|0.195806,85.4089|91.5622|92.5911|93.1022|93.3289|93.4844|93.8178|93.9978|94.2178|94.2111,91.66|90.04|92.24|92.12|92.38|93.76|93.04|93.68|94.24|92.88,91.6313|90.0522|92.2286|92.013|92.3344|93.7615|93.0293|93.6711|94.2372|92.8543,943|0|2|2|2|0|3|0|11|0|0|1135|3|11|3|0|0|2|10|0|10|3|893|21|12|0|9|6|15|0|4|4|10|979|0|9|1|8|14|4|4|0|4|0|855|1|15|1|13|101|2|2|4|72|3|729|17|2|17|21|16|1|2|2|5|5|947|0|13|0|7|4|14|19|5|6|0|948|3|39|7|17|3|12|3|7|6|0|916|11|9|3|0|12|13|0|0|16|3|934
1,leaky_relu,leaky_relu,0,interleave,12,0.03,10,ce,ok,11.8161,93.3467,92.62,92.6004,92.26,92.1681,93,5,0.498239|0.34455|0.295569|0.268889|0.259466|0.243909|0.243102|0.238271|0.233908|0.22866,85.4533|90.2156|91.5556|92.2022|92.5022|93.02|92.9756|93.1778|93.3111|93.3467,84.86|90.82|89.84|92.04|93|92.44|91.64|92.1|92.52|92.62,84.9852|90.8189|89.7589|92.0173|92.9761|92.4228|91.6008|92.1505|92.508|92.6004,911|0|18|3|0|9|9|0|12|1|0|1113|13|7|6|0|0|5|18|2|2|2|892|11|8|1|11|13|27|2|1|0|44|916|3|19|2|17|22|9|3|2|13|0|925|1|10|1|8|31|3|3|9|53|4|744|12|3|30|8|5|2|22|1|10|11|926|0|14|0|3|1|16|0|9|2|0|975|1|38|3|11|33|4|2|12|2|0|904|11|4|2|4|9|27|8|0|10|6|920
2,leaky_relu,leaky_relu,0,interleave,12,0.03,10,ce,ok,12.2676,94.1711,94.02,94.0097,93.41,93.3258,94.02,10,0.492977|0.315224|0.272596|0.251827|0.23843|0.227967|0.222184|0.213461|0.20673|0.204279,85.3667|91.1244|92.3022|92.8356|93.1911|93.4556|93.6911|93.9333|94.1289|94.1711,90.26|91.66|92.02|93.58|91.46|93.22|93.2|92.86|92.84|94.02,90.2489|91.7009|91.9694|93.5691|91.5322|93.2303|93.2059|92.8356|92.8404|94.0097,933|0|8|0|2|2|7|0|10|1|0|1137|4|7|2|1|0|3|9|1|2|12|877|15|8|3|10|4|35|3|0|6|13|974|1|9|2|9|15|4|2|2|8|0|924|9|11|1|7|30|1|4|6|54|1|761|21|2|14|5|9|7|1|0|2|6|954|0|12|0|0|9|23|12|10|2|0|975|4|10|4|24|17|7|3|6|7|1|900|13|5|1|1|15|33|8|0|18|3|906
3,leaky_relu,leaky_relu,0,interleave,12,0.03,10,ce,ok,11.6312,93.1511,91.76,91.824,91.67,91.6735,92.8,7,0.482222|0.331193|0.296267|0.282345|0.271374|0.265403|0.260867|0.250988|0.248398|0.237489,85.9733|90.66|91.8044|92.0911|92.3044|92.6|92.6556|92.8978|93.0222|93.1511,89.26|92.14|91.72|92.28|92.46|91.54|92.8|92.34|92.72|91.76,89.3232|92.1316|91.6892|92.3061|92.449|91.5046|92.7774|92.3569|92.7109|91.824,920|0|3|1|1|8|6|0|11|13|0|1064|2|7|2|4|0|12|73|0|4|1|828|39|8|3|24|13|30|19|6|0|5|961|0|19|0|17|14|11|4|0|4|1|858|2|14|1|12|98|5|1|3|36|4|770|13|1|19|17|7|0|1|0|2|9|960|0|12|0|3|0|4|8|4|1|0|955|6|64|5|3|1|15|2|16|5|3|912|20|3|1|0|11|10|4|2|9|11|939
4,leaky_relu,leaky_relu,0,interleave,12,0.03,10,ce,ok,11.5244,93.5311,93.02,92.9751,92.73,92.5968,93.06,4,0.513553|0.33697|0.290054|0.266853|0.257131|0.243579|0.241583|0.23676|0.23359|0.227844,84.6222|90.5222|91.7756|92.3022|92.5822|92.9111|93.0378|93.3089|93.3867|93.5311,87.88|91.18|91.48|93.06|84.94|92.12|93.02|93.06|92.74|93.02,87.6542|91.1881|91.4683|92.9918|83.8154|92.1485|93.0236|93.0261|92.7075|92.9751,923|0|6|3|1|4|5|2|18|1|0|1143|3|3|2|0|0|3|10|0|3|20|871|15|8|1|6|18|26|1|5|12|18|939|1|9|3|19|19|8|5|0|9|0|918|1|9|2|6|44|1|8|3|44|1|719|34|6|37|16|9|5|13|0|3|5|939|0|17|0|0|4|7|5|8|1|0|1002|3|15|6|19|6|9|4|11|7|0|908|12|5|3|0|12|28|3|0|17|11|911
5,leaky_relu,leaky_relu,0,interleave,12,0.03,10,ce,ok,11.5489,93.2956,92.98,92.9813,92.4,92.296,93.16,5,0.482571|0.306246|0.282466|0.266762|0.257022|0.245609|0.24022|0.240352|0.229762|0.230741,85.5978|91.18|91.94|92.3822|92.6311|92.7978|93.0933|93.0778|93.3578|93.2956,90.02|91.86|92.5|92.94|93.16|92.2|91|90.72|93|92.98,90.0732|91.8211|92.4742|92.9424|93.1387|92.1579|91.0821|90.6552|93.0175|92.9813,948|0|1|1|3|1|1|0|6|2|0|1126|3|2|4|0|0|5|22|2|17|8|831|12|17|0|22|38|19|5|7|3|15|888|0|15|6|48|24|27|9|1|2|0|912|0|8|0|5|57|6|1|2|32|2|765|14|5|10|32|17|0|0|0|3|15|949|1|6|0|4|4|5|3|10|2|0|996|2|19|15|7|7|4|2|15|5|3|900|24|9|1|0|10|22|2|0|13|8|925
6,leaky_relu,leaky_relu,0,interleave,12,0.03,10,ce,ok,11.5789,93.3178,91.98,91.8579,91.68,91.4819,92.94,6,0.479002|0.335365|0.306676|0.286077|0.274347|0.255904|0.248918|0.244335|0.239173|0.23392,85.9111|90.4133|91.3867|91.9133|92.1711|92.5889|92.8644|92.8689|93.0844|93.3178,89.7|91.6|91.96|90.74|91.94|92.94|92.18|92.28|92.5|91.98,89.5044|91.5612|91.9332|90.6984|91.919|92.9052|92.1554|92.2544|92.507|91.8579,946|0|1|1|3|1|5|0|6|0|0|1119|5|1|4|3|0|3|23|6|41|3|834|3|26|3|15|19|23|2|20|3|25|876|6|32|4|21|33|13|8|0|2|0|950|0|11|0|3|20|31|1|2|23|11|704|44|1|36|16|12|1|3|0|6|2|955|0|12|0|13|3|4|4|17|2|1|978|1|22|26|6|7|2|6|3|4|0|910|18|17|1|0|5|40|0|1|19|11|896
8,leaky_relu,leaky_relu,0,interleave,12,0.03,10,ce,ok,11.5545,93.5689,93.4,93.4245,93.01,92.9786,93.4,10,0.485395|0.319977|0.278618|0.265517|0.250907|0.240852|0.23407|0.231163|0.224606|0.22726,85.9711|91.0556|91.9467|92.5289|92.8356|93.1333|93.4356|93.42|93.6|93.5689,89.4|91.88|91.26|92.64|93.16|92.84|93.18|92|93.12|93.4,89.2944|91.8373|91.2736|92.6601|93.1418|92.88|93.1733|92.0389|93.1157|93.4245,922|0|8|1|2|5|2|0|20|3|0|1114|8|4|3|3|0|7|21|4|8|0|888|13|14|3|12|3|27|1|2|0|32|927|0|16|0|9|39|8|2|0|5|1|899|1|12|1|3|70|4|0|5|17|1|798|12|1|16|15|9|0|5|0|4|14|940|0|19|0|2|1|19|10|9|1|0|943|3|57|5|3|8|9|5|11|3|0|922|16|5|0|1|4|10|2|0|9|11|948
7,leaky_relu,leaky_relu,0,interleave,12,0.03,10,ce,ok,12.0872,93.5267,92.94,92.8737,92.58,92.4265,93.02,8,0.508082|0.344486|0.286673|0.262173|0.253503|0.2483|0.236898|0.231968|0.228807|0.226139,84.8733|90.3689|91.8111|92.5711|92.7622|92.9489|93.3667|93.4622|93.4578|93.5267,89.86|88.88|92.14|92.68|92.18|92.68|90.52|93.02|92.46|92.94,89.7904|88.6276|92.1047|92.6474|92.1052|92.6166|90.4682|92.9611|92.3712|92.8737,928|0|5|2|1|7|7|0|12|1|0|1129|4|1|2|4|3|3|17|1|3|10|885|13|7|3|24|9|12|3|2|2|26|941|0|17|3|14|21|7|6|1|6|1|824|2|47|10|8|89|5|1|3|23|0|743|21|4|36|33|5|0|1|0|0|9|970|0|6|0|3|2|15|5|8|0|0|1001|3|8|6|15|6|10|1|18|12|0|897|17|6|2|0|5|10|2|2|15|8|940
9,leaky_relu,leaky_relu,0,interleave,12,0.03,10,ce,ok,11.7082,93.24,92.34,92.3473,92.07,91.9765,92.84,6,0.52366|0.368248|0.325785|0.299643|0.276417|0.264814|0.259127|0.253556|0.240682|0.234685,84.7067|89.7622|90.8556|91.4578|92.1356|92.4956|92.6333|92.64|93.0511|93.24,87.94|90.76|91.94|91.08|91.26|92.84|92.22|92.58|92.6|92.34,87.8668|90.6922|91.927|90.9685|91.2088|92.8173|92.2191|92.5506|92.5558|92.3473,938|0|1|2|2|3|3|1|13|0|0|1109|11|5|5|7|4|1|22|0|8|2|903|1|18|5|9|3|20|0|8|1|44|891|1|44|1|11|30|2|4|1|5|1|926|2|11|1|21|22|15|1|5|13|6|787|12|1|27|2|11|1|4|0|6|19|937|0|13|0|3|2|39|3|14|3|0|949|3|29|3|2|18|4|1|19|3|0|929|3|5|3|0|14|43|16|0|13|58|838
10,leaky_relu,leaky_relu,0,interleave,12,0.03,10,ce,ok,11.8332,93.1356,92.46,92.4265,92.47,92.3801,93.42,7,0.499567|0.31917|0.27957|0.263449|0.254541|0.246749|0.239781|0.238017|0.2332|0.234968,85.4756|91.0867|91.8911|92.3822|92.6289|92.7222|92.9133|93.1622|93.2422|93.1356,90.62|90.82|91.98|91.66|92.66|91.9|93.42|93.16|92.44|92.46,90.6288|90.8053|91.9541|91.6328|92.6156|91.8585|93.4133|93.1392|92.4282|92.4265,945|0|1|0|1|3|4|0|8|1|0|1121|8|8|2|1|1|1|15|7|12|4|876|6|11|0|28|6|20|6|8|0|28|947|1|8|5|12|16|8|6|1|3|1|869|0|16|1|3|94|7|0|3|45|3|746|19|1|20|25|11|1|1|0|4|10|959|0|5|0|7|1|13|6|8|3|0|965|0|42|10|6|7|15|3|12|9|1|877|42|14|0|0|12|7|1|2|7|5|942
1,leaky_relu,leaky_relu,0,interleave,12,0.1,10,ce,ok,11.402,83.3022,74.78,73.7699,74.78,73.5604,84.92,2,6.82257|5.91365|5.30638|5.14367|4.88025|4.80289|4.83543|4.94104|4.96376|4.61377,63.3489|78.5978|80.7956|81.3844|82.3378|82.6178|82.5|82.1178|82.0356|83.3022,81.52|84.92|78.98|81.56|77.9|83.96|79.62|84.56|81.78|74.78,81.4837|84.7023|78.6265|81.3429|75.8535|83.7808|78.2736|84.4467|80.2414|73.7699,866|0|11|0|0|6|44|3|32|1|0|1106|1|2|4|0|1|4|43|3|19|10|783|1|12|2|45|20|64|13|15|2|20|289|0|8|10|9|506|174|5|1|5|0|832|1|36|25|16|73|9|3|2|1|4|359|66|7|398|20|2|3|3|0|0|8|957|1|17|0|4|6|2|0|10|3|0|452|11|557|4|21|9|1|5|2|9|1|919|11|8|2|1|0|29|3|0|3|29|915
2,leaky_relu,leaky_relu,0,interleave,12,0.1,10,ce,ok,11.6246,82.0689,87.08,87.1206,86.69,86.6156,87.08,10,8.59268|6.14453|5.61585|5.1406|5.09086|4.93367|5.10867|5.02578|4.88578|4.95455,66.0733|77.7622|79.6756|81.3956|81.5756|82.1444|81.5111|81.8111|82.3178|82.0689,79.3|73.14|85.92|75.42|83.14|79.14|78.86|82.82|85.94|87.08,78.6182|72.1064|85.9044|75.0176|82.7974|78.9936|77.8095|82.2548|85.8495|87.1206,889|0|4|10|1|40|4|1|14|0|0|1044|3|41|3|27|8|3|35|0|11|2|836|21|19|19|20|11|28|2|2|0|22|930|1|36|7|11|16|8|1|1|5|6|922|2|13|3|14|27|13|4|6|75|12|705|9|6|36|3|7|4|40|0|18|32|844|1|45|0|14|0|8|70|18|29|14|864|1|27|8|14|12|47|11|38|3|9|826|14|9|0|2|35|55|4|2|67|7|809
3,leaky_relu,leaky_relu,0,interleave,12,0.1,10,ce,ok,11.516,83.6133,82.56,82.6208,81.38,81.3463,86.7,4,7.63314|5.90444|5.53787|5.167|4.81762|5.05893|4.70526|4.64447|4.65429|4.5278,63.2956|78.6311|79.9578|81.3|82.5644|81.6911|82.9711|83.1911|83.1556|83.6133,79.52|84.44|75.88|86.7|80.82|81.88|84.36|82.44|83.78|82.56,79.0736|84.2304|73.3937|86.6475|80.5667|81.7134|84.1255|81.7384|83.5799|82.6208,930|0|8|3|1|3|5|0|9|4|0|884|5|29|3|35|1|0|207|0|72|4|709|74|20|9|30|1|36|14|33|0|10|885|1|61|2|2|25|14|16|5|4|2|786|1|23|1|32|124|123|0|5|43|4|637|6|2|35|14|36|0|18|0|21|40|857|0|19|0|13|9|85|28|12|13|2|727|44|112|14|4|8|24|10|24|13|0|856|29|14|11|2|14|21|8|1|9|43|867
5,leaky_relu,leaky_relu,0,interleave,12,0.1,10,ce,ok,11.5318,82.9022,73.54,70.9769,75.11,72.5398,85.74,7,8.27505|6.26487|5.46112|5.14797|5.03683|5.00674|4.73104|4.87227|4.61377|4.72429,62.1911|77.3267|80.2356|81.3689|81.7711|81.88|82.8778|82.3667|83.3022|82.9022,75.22|75.66|80.76|71.1|81.38|80.32|85.74|82.1|84.56|73.54,73.872|75.6748|80.7787|69.3169|81.2659|79.7116|85.6529|81.6881|84.4727|70.9769,864|0|1|2|1|56|19|9|11|0|0|797|0|62|6|10|50|126|106|7|5|5|119|221|21|39|388|19|151|1|0|0|3|916|7|60|7|20|16|4|3|2|1|3|848|2|27|92|3|13|20|1|0|22|60|694|25|15|28|4|4|1|0|0|10|9|960|1|6|0|7|0|2|18|8|2|3|999|2|4|8|17|0|42|19|48|47|12|768|21|8|5|0|21|120|7|1|278|4|546
4,leaky_relu,leaky_relu,0,interleave,12,0.1,10,ce,ok,11.9103,83.24,80.64,80.4696,81.19,80.759,85.36,4,7.80189|5.87681|5.38866|4.86306|4.80657|4.85876|4.93736|4.78999|4.54561|4.63096,63.9378|78.7311|80.4978|82.4|82.6044|82.4156|82.1311|82.6644|83.5489|83.24,73.84|75.26|80.66|85.36|77.34|85.28|82.1|81.48|83.3|80.64,73.1121|73.0667|81.1026|85.3459|75.1263|85.194|81.1353|80.8844|83.0233|80.4696,830|0|30|12|0|15|18|20|27|11|0|1086|9|47|3|0|1|1|15|2|8|3|817|57|5|1|44|2|23|9|1|4|16|987|1|2|6|3|9|4|2|1|22|8|794|0|28|0|57|82|7|8|9|235|5|405|93|3|62|42|5|1|24|8|3|3|936|0|7|4|1|3|18|185|23|0|2|657|6|150|0|8|27|160|2|13|5|0|753|14|2|1|3|59|36|0|2|8|25|854
6,leaky_relu,leaky_relu,0,interleave,12,0.1,10,ce,ok,11.4197,83.5667,81,80.2978,80.8,79.924,87.04,6,8.65358|6.1476|5.3727|5.08288|5.11112|4.89008|4.98034|4.84832|4.70096|4.5407,63.5978|77.7511|80.5556|81.6044|81.5022|82.3022|81.9756|82.4533|82.9867|83.5667,70.34|80.72|85.68|78.42|81.14|87.04|76.02|83.44|84.96|81,65.8717|80.5727|85.5204|77.8557|80.6985|86.9436|76.2401|83.5699|84.6682|80.2978,924|0|12|0|3|12|3|1|8|0|2|1090|3|0|6|10|0|8|43|2|36|8|843|1|20|31|11|7|10|2|33|3|45|496|23|387|6|12|25|3|8|1|15|0|945|1|10|1|4|9|17|5|10|3|19|750|14|5|43|3|43|1|16|0|30|10|884|0|7|0|12|3|32|1|33|12|0|942|2|8|158|33|7|3|20|58|4|5|686|8|28|4|6|4|235|25|0|159|9|520
7,leaky_relu,leaky_relu,0,interleave,12,0.1,10,ce,ok,11.5721,82.9867,72.72,70.1783,72.66,69.8031,87.58,9,7.62505|6.18014|5.66375|5.00183|4.91525|4.82253|4.79183|4.7114|4.55543|4.70096,62.7578|77.6333|79.5022|81.8978|82.2111|82.5467|82.6578|82.9489|83.5133|82.9867,69.02|77.1|82.24|84.22|80.84|85.82|78.2|85.36|87.58|72.72,70.0021|78.2864|81.4692|83.7507|80.7037|85.7403|77.999|85.4154|87.3893|70.1783,922|0|1|1|0|17|5|13|4|0|1|1092|5|1|4|6|0|47|7|1|116|17|746|10|11|14|14|19|21|1|24|23|24|818|8|51|3|54|22|6|2|0|20|1|324|11|64|566|2|4|50|5|2|32|3|723|16|21|16|1|34|3|34|1|0|19|889|2|9|0|4|2|8|0|3|1|0|1024|2|1|98|44|9|21|20|65|8|13|703|1|8|1|0|7|63|21|1|857|7|25
8,leaky_relu,leaky_relu,0,interleave,12,0.1,10,ce,ok,11.6852,82.7533,86.5,86.2367,86.54,86.0773,86.5,10,7.41369|5.79515|5.02516|5.00367|4.81639|4.9263|4.79736|4.75868|4.59596|4.76543,65.0378|79.0267|81.8133|81.8911|82.5689|82.1711|82.6378|82.7778|83.3667|82.7533,67.78|84.4|84.48|80.3|84.36|84.28|83.58|77.8|77.94|86.5,65.6751|84.268|84.4034|80.4198|84.2812|84.5179|83.6523|77.2379|76.2725|86.2367,901|0|14|8|2|5|12|0|19|2|0|1108|14|12|6|6|1|5|10|2|10|3|839|43|20|1|26|9|14|4|1|1|28|927|2|28|7|13|24|2|2|2|6|6|916|2|39|1|7|13|37|10|7|51|11|671|32|5|40|5|14|1|11|0|3|4|948|0|8|2|10|2|14|27|14|4|2|959|2|11|24|23|57|30|13|10|13|6|793|13|6|1|3|34|79|6|20|221|28|592
9,leaky_relu,leaky_relu,0,interleave,12,0.1,10,ce,ok,12.0193,82.1667,81.84,81.5521,81.88,81.326,86.16,8,8.23252|5.88909|5.26647|5.24007|4.91157|4.93306|4.87718|4.83666|4.76911|4.92753,64.6156|78.6867|80.94|81.0356|82.2244|82.1467|82.3489|82.4956|82.74|82.1667,83.04|83.24|78.88|77.32|81.54|83.72|78.98|86.16|82.56|81.84,82.7499|83.1432|78.1876|75.7576|81.3657|83.3581|78.7099|85.6736|82.3659|81.5521,894|0|4|3|1|16|18|1|25|1|0|1092|23|17|3|0|0|3|25|1|15|5|842|18|15|10|17|8|31|8|8|3|45|852|1|36|3|8|73|4|4|2|2|11|730|1|19|85|32|108|14|12|9|30|9|575|22|11|185|2|4|1|18|0|9|11|914|2|32|0|9|0|34|40|3|3|0|949|3|4|5|7|38|21|5|12|8|6|880|0|7|3|1|49|8|11|0|365|86|460
10,leaky_relu,leaky_relu,0,interleave,12,0.1,10,ce,ok,12.0741,82.6933,84.16,83.6369,82.98,82.2243,85.98,9,7.11407|6.10032|5.65269|5.38682|5.2063|5.27261|4.99446|4.99446|5.02025|4.78201,64.5844|77.9222|79.5422|80.5044|81.1578|80.9178|81.9244|81.9244|81.8311|82.6933,78.8|77.98|78.5|81.8|82.08|83.7|84.94|84.52|85.98|84.16,79.1693|77.9431|77.5452|81.5493|81.7316|83.3384|84.7938|84.7288|85.8312|83.6369,882|0|11|8|2|20|20|0|19|1|0|1076|11|37|2|0|22|0|6|10|3|15|847|40|22|1|22|1|11|7|2|10|28|934|1|11|18|4|13|12|3|0|10|7|829|0|12|2|5|126|7|2|31|321|9|379|32|0|60|28|14|1|12|2|15|7|931|0|9|0|11|14|35|16|9|3|2|764|0|191|17|34|68|46|4|2|25|0|755|31|15|0|1|28|28|3|1|4|9|901
1,leaky_relu,leaky_relu,0,interleave,12,0.3,10,ce,ok,12.2498,82.1333,80.16,80.1404,80.83,80.6483,86.58,6,8.97915|6.38952|5.7141|5.23761|5.07551|5.12832|5.07735|4.78938|4.72675|4.93674,67.3667|76.8756|79.32|81.0444|81.6311|81.44|81.6244|82.6667|82.8933|82.1333,78.06|77.54|73.52|85.3|70.5|86.58|79.64|85.06|82.22|80.16,78.1276|77.1154|70.0708|85.2835|67.553|86.3613|79.2251|84.8655|81.8876|80.1404,870|0|21|2|5|31|13|1|19|1|2|1075|5|5|8|23|0|26|16|4|8|7|842|3|38|6|9|27|24|5|7|2|80|748|8|18|2|17|72|79|3|1|18|0|952|0|1|13|2|4|16|1|16|28|24|619|16|21|117|11|38|2|68|0|61|8|784|1|29|0|5|2|43|0|61|1|0|848|1|84|23|24|37|2|32|30|3|36|762|33|4|2|13|6|349|2|3|17|11|583
2,leaky_relu,leaky_relu,0,interleave,12,0.3,10,ce,ok,11.9574,82.6489,82.26,81.7926,82.79,82.1191,86.26,8,9.19478|6.00883|5.5962|5.68401|5.15288|4.992|4.88885|4.77587|4.94595|4.79429,66.4178|78.2533|79.7467|79.4289|81.3511|81.9333|82.3067|82.7156|82.1|82.6489,71.02|76.68|84.34|81.28|80.58|83.08|81.24|86.26|84.42|82.26,68.9555|75.3844|84.2512|80.9052|79.6425|83.1592|81.0469|86.1546|83.6075|81.7926,916|1|30|0|1|8|0|1|4|2|0|1143|4|0|2|8|0|5|2|0|10|12|885|0|10|6|8|16|19|3|13|62|87|730|3|52|2|59|21|4|3|14|19|0|901|0|7|22|19|9|25|27|22|20|16|685|13|12|47|2|22|10|58|0|27|6|813|0|55|0|7|7|16|0|15|1|0|997|1|1|10|94|41|6|6|20|1|24|774|6|8|12|58|8|66|21|0|365|17|435
4,leaky_relu,leaky_relu,0,interleave,12,0.3,10,ce,ok,12.2528,83.3289,79.44,78.8975,79.97,79.081,87.86,8,8.64869|5.90199|5.29533|4.90973|5.01227|4.86981|4.98218|4.67271|4.58429|4.6064,67.6644|78.64|80.8356|82.2311|81.86|82.3756|81.9689|83.0889|83.4089|83.3289,72.66|73.68|80.24|83.98|85.96|83.84|86.88|87.86|81.2|79.44,71.2074|70.0189|80.352|83.8275|85.8874|83.8271|86.5533|87.7964|80.9266|78.8975,711|1|171|13|2|4|41|7|13|0|0|1138|7|7|6|1|0|3|2|0|5|20|891|17|6|1|14|5|9|1|0|10|35|934|2|16|3|20|11|2|0|11|79|4|827|0|7|27|21|18|5|11|58|65|17|575|67|15|42|14|2|7|32|3|16|1|912|0|17|1|1|6|35|6|10|0|1|985|0|1|2|185|50|68|5|18|3|16|605|30|3|3|9|30|38|2|7|451|28|419
3,leaky_relu,leaky_relu,0,interleave,12,0.3,10,ce,ok,12.3209,82.86,82.74,82.3031,83.15,82.4727,83.7,6,9.06751|6.12856|5.79883|5.30884|5.27446|5.09086|4.81148|4.83174|4.72429|4.73596,66.8111|77.82|79.0133|80.7867|80.9111|81.5756|82.5867|82.5133|82.9022|82.86,76.84|78.9|78.34|81.1|80.66|83.7|79.02|81.64|76.46|82.74,75.4145|78.0866|78.3163|80.6967|80.1953|83.169|78.1617|81.2469|75.9745|82.3031,920|2|3|3|1|2|8|2|17|5|0|1069|1|24|4|20|1|0|44|1|17|54|672|60|28|12|76|4|41|5|6|15|3|905|4|50|6|5|34|5|6|4|1|3|850|2|18|0|9|101|129|6|0|42|39|469|91|1|79|13|18|5|8|0|27|36|892|0|5|0|8|115|8|21|8|7|3|809|11|55|15|7|3|17|13|39|14|1|860|13|6|12|2|13|28|26|5|22|7|869
5,leaky_relu,leaky_relu,0,interleave,12,0.3,10,ce,ok,12.281,83.14,82.26,82.1792,81.28,81.1947,85.84,8,8.27426|5.62629|5.15902|4.75315|4.93306|4.73104|4.64631|4.68684|4.69236|4.65859,69.6289|79.6378|81.3289|82.7978|82.1467|82.8778|83.1844|83.0378|83.0178|83.14,85.14|80.46|79.48|83.66|76.82|84.46|82.78|85.84|83.78|82.26,85.0231|80.3116|79.6917|83.2769|75.4322|84.3652|82.3998|85.2702|83.619|82.1792,541|0|2|0|1|406|0|2|11|0|0|1092|32|1|2|7|0|1|29|0|28|9|834|12|11|18|7|17|27|6|5|28|19|738|2|150|3|16|50|22|17|13|12|0|833|1|2|0|38|78|12|7|4|12|5|779|4|4|36|6|46|1|63|0|9|70|759|0|43|0|7|50|18|7|15|7|0|886|4|51|7|12|38|3|3|59|0|1|854|5|14|8|4|7|31|17|0|51|46|812
6,leaky_relu,leaky_relu,0,interleave,12,0.3,10,ce,ok,12.1048,82.6178,84.1,83.694,83.7,83.228,86.88,8,9.21515|6.10768|5.64103|5.40156|5.132|5.14305|4.93244|4.94043|4.95271|4.80289,66.0156|77.8956|79.5844|80.4511|81.4267|81.3867|82.1489|82.12|82.0756|82.6178,73.56|82.3|85.28|80.18|81.1|82.62|74.54|86.88|82.32|84.1,72.4308|82.4315|85.0083|79.8669|80.686|82.3679|74.3163|86.7932|81.9773|83.694,908|0|30|1|6|2|9|0|5|2|1|1026|72|3|13|10|4|30|2|3|22|3|861|8|35|2|15|14|7|2|12|5|77|844|3|15|2|23|19|33|4|2|6|0|946|0|20|2|1|13|23|7|19|46|44|550|30|2|104|44|10|2|22|0|16|8|929|0|4|0|4|3|16|6|26|1|3|955|1|30|12|30|100|16|49|5|49|8|677|36|3|3|1|9|119|0|7|171|3|674
7,leaky_relu,leaky_relu,0,interleave,12,0.3,10,ce,ok,12.4705,82.7,82.92,82.6363,82.45,81.9712,85.24,9,8.84181|6.23601|5.55629|5.38866|5.27446|4.86613|5.00428|4.77341|4.89253|4.78017,67.2089|77.4311|79.8911|80.4978|80.9111|82.3889|81.8889|82.7244|82.2933|82.7,78.92|81.62|82.44|83.78|76.16|83.1|80.56|81.56|85.24|82.92,79.1329|81.4269|82.1832|83.5238|73.1092|82.7685|80.5518|81.2984|84.9886|82.6363,926|0|8|8|2|0|7|4|8|0|0|1089|32|0|7|4|22|3|6|1|34|9|842|5|7|5|38|9|13|7|12|20|43|746|18|105|18|18|41|12|15|6|18|1|735|1|186|5|3|24|54|12|14|16|95|566|62|11|25|14|27|1|19|0|5|2|933|0|2|2|37|19|29|3|14|1|4|902|3|33|26|29|76|20|14|24|16|5|737|35|16|6|5|15|96|0|2|77|4|769
8,leaky_relu,leaky_relu,0,interleave,12,0.3,10,ce,ok,12.2751,82.8733,82.96,82.6537,83.43,82.992,85.08,5,8.69495|6.30417|5.53664|5.14367|4.93183|5.15288|5.01841|4.82253|4.66841|4.73227,68.2644|77.1844|79.9622|81.3844|82.1511|81.3511|81.8378|82.5467|83.1044|82.8733,72.34|82.36|80.48|83|85.08|83.1|80.92|80.14|76.88|82.96,69.5414|82.3803|80.4191|82.7942|84.8501|83.0191|80.8137|79.7863|76.1741|82.6537,899|0|23|6|2|2|5|8|17|1|0|1113|2|6|8|22|1|1|9|2|15|15|792|31|35|4|17|29|27|4|4|7|69|605|3|303|4|15|19|4|7|0|4|3|899|1|5|28|2|45|50|8|11|17|26|666|25|17|37|12|37|5|9|0|92|3|832|4|7|2|14|4|4|21|10|3|0|963|1|25|9|35|11|37|29|52|15|5|779|10|10|1|1|13|48|7|1|107|7|795
10,leaky_relu,leaky_relu,0,interleave,12,0.3,10,ce,ok,12.4172,83.2689,85.26,84.9854,84.8,84.3324,85.26,10,8.61833|6.03032|5.51454|5.42182|4.96744|4.98893|4.80534|4.61991|4.88639|4.62298,68.16|78.1756|80.0422|80.3778|82.0222|81.9444|82.6089|83.28|82.3156|83.2689,74.4|81.98|82.16|84.44|83.82|75.68|79.3|84.06|83.04|85.26,72.1509|81.6298|82.1665|84.4872|83.6026|75.6798|79.5488|84.1783|82.5506|84.9854,923|1|14|1|2|4|5|0|13|0|0|1139|4|2|3|8|1|0|5|2|12|65|758|10|29|4|30|7|52|2|14|14|63|790|4|11|10|21|82|24|3|2|9|0|906|1|13|3|14|43|45|5|6|64|14|521|37|12|154|11|8|4|1|0|15|3|920|0|40|0|11|13|44|1|35|2|1|843|12|83|12|81|20|11|7|14|10|2|815|10|7|5|12|10|43|4|2|29|13|865
9,leaky_relu,leaky_relu,0,interleave,12,0.3,10,ce,ok,12.6577,83.3911,79.06,79.0919,78.51,78.3378,86.68,7,8.88178|5.99041|5.39296|5.13262|4.79429|4.76911|4.68622|4.71017|4.47623|4.58921,67.4111|78.32|80.4822|81.4244|82.6489|82.74|83.04|82.9533|83.8|83.3911,81.08|78.5|80.14|81.72|82.82|83.36|86.68|83.38|82.26|79.06,81.0501|78.0507|79.1494|81.1715|82.088|83.4503|86.4829|81.9595|82.0333|79.0919,901|0|14|1|1|16|5|2|23|0|0|920|16|1|5|30|3|8|177|4|8|1|864|1|16|15|14|7|37|6|19|1|129|396|0|39|4|9|410|26|3|0|9|0|674|34|11|232|12|19|19|0|10|4|3|718|10|11|71|23|26|1|14|0|21|16|879|2|29|3|13|0|116|0|5|3|0|842|4|62|4|5|7|0|2|52|1|14|887|10|7|0|4|0|45|8|1|125|30|770
1,tanh,relu,0.5,interleave,12,0.001,10,ce,ok,12.9529,93.6956,92.82,92.7784,92.75,92.6101,93,9,1.03005|0.386517|0.322881|0.294417|0.274366|0.260017|0.247874|0.237483|0.228628|0.217591,70.9844|89.3311|90.8622|91.6356|92.1844|92.5978|92.9178|93.2733|93.4756|93.6956,87.46|90.44|91.44|91.96|91.86|92.58|92.82|92.98|93|92.82,87.3668|90.4049|91.3846|91.9216|91.8246|92.5472|92.7826|92.9547|92.9898|92.7784,927|0|11|1|1|6|3|0|9|5|0|1135|3|7|4|1|0|2|10|2|12|6|876|15|5|2|20|7|21|5|1|5|21|953|2|8|1|13|21|8|2|1|6|3|936|1|20|3|5|17|9|7|4|49|7|729|17|0|31|16|3|1|3|0|8|10|958|0|8|0|3|4|22|8|11|1|0|970|3|23|3|14|12|22|3|15|8|3|889|13|4|2|2|13|35|4|1|22|5|902
2,tanh,relu,0.5,interleave,12,0.001,10,ce,ok,12.9571,93.7889,92.26,92.2136,92.73,92.6068,92.36,8,0.871044|0.395415|0.329064|0.295167|0.273884|0.257539|0.247198|0.237428|0.228341|0.220452,75.5311|88.8244|90.7178|91.6311|92.1067|92.5689|92.8933|93.22|93.52|93.7889,86.58|89.58|90.58|91.36|91.68|92.32|91.9|92.36|92.04|92.26,86.469|89.4333|90.5629|91.2957|91.6727|92.3176|91.9029|92.3216|92.0137|92.2136,941|0|5|2|1|4|2|3|4|1|0|1143|1|4|4|0|2|2|6|2|22|11|869|9|9|2|11|15|15|6|4|4|18|942|1|23|1|25|12|3|9|1|3|1|923|0|12|0|3|42|13|2|1|33|7|770|18|6|12|7|10|2|1|0|6|6|961|0|5|0|4|4|10|6|6|0|0|991|0|24|10|24|5|14|10|21|6|2|857|33|6|2|0|7|37|5|0|49|8|876
3,tanh,relu,0.5,interleave,12,0.001,10,ce,ok,12.8082,94.1911,92.76,92.7373,93.24,93.1514,92.94,9,0.889207|0.350189|0.29787|0.268506|0.247503|0.232981|0.222|0.211973|0.206467|0.199138,73.32|89.98|91.3822|92.22|92.8422|93.2489|93.6067|93.7667|93.9289|94.1911,88.7|90.4|91.4|91.84|92.38|92.1|92.76|92.7|92.94|92.76,88.6079|90.3219|91.3498|91.7959|92.3455|92.049|92.7058|92.6625|92.8784|92.7373,926|0|4|1|1|24|3|0|3|1|0|1127|1|7|4|2|2|1|19|1|8|3|867|16|16|2|27|4|19|7|3|8|16|917|2|44|3|13|16|11|2|2|4|1|931|2|15|0|3|34|4|2|1|15|2|801|18|0|15|11|2|1|2|0|1|8|972|0|4|1|6|4|15|16|7|3|0|945|1|48|3|9|5|8|2|19|16|0|902|18|5|1|3|12|21|4|0|6|2|936
4,tanh,relu,0.5,interleave,12,0.001,10,ce,ok,12.7147,94.5267,93.8,93.7731,93.65,93.5687,93.8,10,0.840338|0.351742|0.290819|0.257328|0.2343|0.218313|0.2068|0.197557|0.190403|0.184712,76.2044|89.9956|91.7111|92.6089|93.1956|93.5978|93.9867|94.0578|94.3711|94.5267,87.58|90.54|91.26|92.86|92.88|92.98|93.26|93.64|93.44|93.8,87.4694|90.5178|91.2321|92.8378|92.8478|92.9709|93.2398|93.6124|93.4247|93.7731,932|0|3|1|1|7|7|3|9|0|0|1138|1|6|2|1|1|3|11|1|8|8|883|14|11|2|12|13|16|2|3|11|11|954|0|17|3|12|18|4|2|0|13|0|909|3|9|5|3|50|4|2|1|29|5|779|9|0|21|19|4|1|8|0|2|4|963|0|9|0|3|4|10|6|8|1|0|994|1|18|4|20|6|18|4|10|5|5|901|9|8|3|1|15|21|5|0|19|6|912
5,tanh,relu,0.5,interleave,12,0.001,10,ce,ok,13.2488,93.8133,93.4,93.3893,92.7,92.5901,93.4,10,0.896986|0.363331|0.305952|0.278907|0.260979|0.246771|0.236079|0.227183|0.218154|0.209534,74.5711|89.8|91.1622|91.94|92.3844|92.8689|93.14|93.2889|93.6022|93.8133,88.52|90.8|91.74|92.26|92.84|92.64|92.52|92.48|93.34|93.4,88.3411|90.7016|91.6849|92.2254|92.8277|92.603|92.521|92.4571|93.35|93.3893,939|0|2|1|1|3|3|1|7|6|0|1139|2|2|5|1|0|1|9|5|12|9|858|21|13|3|19|11|17|6|3|8|18|938|1|26|1|17|13|8|4|0|5|0|896|4|13|0|3|69|8|2|4|24|5|770|15|4|13|24|14|2|7|0|15|2|946|0|4|1|7|4|12|1|7|1|0|983|2|28|6|13|5|15|5|22|8|1|877|30|7|2|1|9|24|3|0|17|3|924
6,tanh,relu,0.5,interleave,12,0.001,10,ce,ok,13.1623,94.2578,92.96,92.9164,92.74,92.6117,93.5,8,0.879552|0.339645|0.286869|0.260242|0.241896|0.227814|0.218097|0.208223|0.202295|0.19452,75.5089|90.1822|91.72|92.4756|92.9689|93.2978|93.5978|93.9689|94.0378|94.2578,88.76|90.88|91.78|92.54|92.84|93.16|93.24|93.5|93.3|92.96,88.6341|90.8102|91.7171|92.4744|92.804|93.1346|93.2013|93.4549|93.2698|92.9164,940|0|2|0|2|3|7|0|8|1|0|1105|3|3|4|3|2|5|37|2|18|2|864|7|14|1|24|14|22|3|7|2|24|900|3|40|5|21|19|12|5|0|3|0|939|1|9|1|3|33|13|0|6|11|16|766|19|0|20|18|8|0|1|0|7|7|963|0|5|0|2|2|9|3|7|0|0|999|0|23|14|3|8|3|9|18|9|1|893|24|9|0|1|6|42|7|0|13|7|905
7,tanh,relu,0.5,interleave,12,0.001,10,ce,ok,12.7422,94.3267,92.74,92.672,92.92,92.7784,93.04,9,0.937384|0.373018|0.298478|0.266613|0.245687|0.229595|0.217917|0.20903|0.200874|0.194774,73.5467|89.4644|91.48|92.1844|92.9133|93.3778|93.7467|93.9156|94.1844|94.3267,86.72|90.4|91.54|92.12|92.54|92.24|92.6|92.9|93.04|92.74,86.5858|90.3335|91.4452|92.0772|92.4706|92.1795|92.5843|92.8382|93.0021|92.672,927|0|5|2|2|3|5|1|12|6|0|1142|3|2|4|0|0|1|11|1|12|5|860|24|11|2|16|11|21|7|3|5|9|949|1|12|1|19|22|12|5|0|6|0|894|1|11|4|11|62|8|5|5|49|5|727|17|8|22|23|4|2|1|0|7|9|961|0|7|0|2|2|6|4|11|2|0|986|1|31|3|5|5|12|4|11|6|1|910|25|7|2|0|11|16|3|0|12|3|936
8,tanh,relu,0.5,interleave,12,0.001,10,ce,ok,12.9201,94.0711,92.92,92.9041,93.33,93.2221,93.18,9,0.918985|0.364349|0.307315|0.277517|0.257459|0.241684|0.229859|0.220461|0.211839|0.205788,74.8711|89.9|91.2667|92.1022|92.6422|93.1667|93.42|93.6489|93.92|94.0711,88.28|90.74|91.68|92.02|92.48|92.06|92.94|93.1|93.18|92.92,88.1539|90.6642|91.6153|91.9842|92.4445|92.0586|92.9004|93.0681|93.1517|92.9041,930|0|3|1|2|8|5|4|10|0|0|1128|1|4|2|4|0|4|16|5|10|4|865|15|11|4|26|8|20|6|2|5|20|935|0|36|2|11|16|6|0|0|6|0|952|0|8|1|3|24|12|3|4|17|5|783|15|2|14|14|7|1|7|0|7|9|957|0|3|0|3|1|6|9|10|0|1|974|4|37|2|11|5|20|4|17|3|0|910|10|5|1|2|6|37|6|2|28|4|899
9,tanh,relu,0.5,interleave,12,0.001,10,ce,ok,12.1651,94.2644,93.86,93.8174,93.61,93.4892,93.86,10,0.96983|0.393985|0.327441|0.292389|0.265651|0.244491|0.227977|0.215025|0.204791|0.197076,72.4044|88.7356|90.5711|91.6689|92.4178|93.0489|93.3222|93.7467|94.1|94.2644,86.62|90.04|90.54|92.06|92.66|92.7|92.78|93.18|93.5|93.86,86.6256|90.0079|90.4712|91.9805|92.6216|92.6308|92.7388|93.1128|93.4643|93.8174,938|0|4|1|1|4|4|0|8|3|0|1133|4|9|2|5|0|1|10|0|13|3|894|10|15|3|12|10|8|1|6|2|13|952|1|26|1|15|12|5|5|0|3|1|934|1|11|1|6|32|12|1|5|23|9|788|12|3|12|4|8|1|3|0|9|8|957|0|5|0|1|2|21|4|9|2|0|984|0|22|6|6|11|14|8|33|7|0|879|18|7|2|0|6|38|8|0|21|6|902
10,tanh,relu,0.5,interleave,12,0.001,10,ce,ok,12.1502,93.8844,93.32,93.2857,93.09,92.9642,93.34,9,0.952362|0.376192|0.308291|0.275024|0.252811|0.239669|0.226713|0.218528|0.210171|0.205075,71.9444|89.3956|91.2622|92.0089|92.7778|93.0667|93.4333|93.5622|93.8711|93.8844,86.04|89.98|91.2|91.8|92|92.92|92.88|93.02|93.34|93.32,85.75|89.8847|91.1642|91.7663|91.9149|92.8859|92.8475|92.9645|93.3069|93.2857,937|0|8|1|3|1|4|0|7|2|0|1138|1|5|4|2|0|3|10|1|6|7|885|16|14|6|11|8|13|3|5|5|22|938|0|26|3|9|18|7|3|0|9|1|910|3|11|2|2|53|12|2|4|40|5|765|10|0|20|11|7|2|11|0|3|9|951|0|8|0|4|2|14|5|13|1|0|979|1|26|9|13|10|17|2|26|7|1|888|9|10|2|0|15|20|5|0|16|4|918
1,tanh,relu,0.5,interleave,12,0.003,10,ce,ok,11.7492,94.6267,93.74,93.717,93.2,93.0761,93.86,8,0.613921|0.315001|0.269078|0.242759|0.225518|0.214574|0.20353|0.197755|0.194153|0.185564,82.5689|91.0044|92.2622|92.9422|93.4689|93.7578|94.1111|94.2578|94.44|94.6267,89.68|91.22|92.72|93.68|93.68|93.52|93.54|93.86|93.78|93.74,89.6724|91.1909|92.6876|93.6573|93.6713|93.4958|93.5242|93.8572|93.8043|93.717,911|0|6|2|2|9|16|1|15|1|0|1143|4|2|5|0|0|4|4|2|5|3|884|21|14|5|9|11|14|3|0|4|13|957|3|8|1|17|26|4|3|0|6|1|948|0|10|3|1|22|3|8|6|33|5|745|15|2|32|20|2|3|8|0|9|6|957|0|6|0|0|4|13|2|7|4|0|986|0|29|2|18|12|21|4|9|5|2|894|15|3|3|3|10|46|5|0|19|6|895
2,tanh,relu,0.5,interleave,12,0.003,10,ce,ok,11.5124,94.6511,93.78,93.7316,93.12,92.9941,93.78,10,0.563483|0.303817|0.267243|0.242792|0.227345|0.213335|0.206514|0.1958|0.189743|0.183593,83.7133|91.3667|92.3311|93.0267|93.4156|93.7622|94.0222|94.3533|94.5467|94.6511,90.42|91.24|92.68|92.72|93.56|93.14|93.1|93.2|93.44|93.78,90.3661|91.1613|92.6329|92.6808|93.5415|93.1123|93.0707|93.1734|93.4327|93.7316,943|0|6|1|1|1|2|2|6|1|0|1141|3|3|0|3|1|7|4|2|13|6|886|12|13|3|16|11|9|0|3|7|17|944|1|26|2|21|9|3|5|1|10|0|921|0|13|4|5|35|16|4|2|31|6|771|12|4|13|10|12|2|2|0|3|4|963|0|5|0|2|3|21|4|3|0|0|995|0|17|12|25|22|22|11|23|6|3|843|15|7|4|1|10|19|3|0|41|0|905
5,tanh,relu,0.5,interleave,12,0.003,10,ce,ok,14.2621,94.1733,93.02,92.9956,92.7,92.5702,93.46,5,0.557957|0.302034|0.266295|0.245551|0.229766|0.217409|0.211681|0.204515|0.198379|0.19144,83.8778|91.2156|92.16|92.7|93.2467|93.4356|93.7089|93.8356|94.16|94.1733,90.6|92.1|92.58|92.62|93.46|92.32|92.82|92.78|93.34|93.02,90.4719|92.0538|92.5464|92.5753|93.4681|92.2703|92.8381|92.7463|93.3508|92.9956,947|0|2|0|2|2|2|1|7|0|0|1133|1|6|5|1|0|3|13|2|17|13|853|21|5|4|18|21|14|3|5|6|11|917|0|43|1|24|13|13|2|1|6|0|887|2|14|5|4|73|11|1|5|25|0|778|14|1|14|20|11|1|1|0|7|9|957|0|5|0|6|1|10|3|2|3|0|1006|1|13|9|8|9|12|2|24|13|3|867|35|7|2|0|10|17|4|0|24|1|925
3,tanh,relu,0.5,interleave,12,0.003,10,ce,ok,14.2715,94.6156,93,92.9781,93.45,93.3455,93.18,8,0.547671|0.285033|0.247708|0.226348|0.214646|0.204123|0.196761|0.190575|0.184611|0.180649,83.44|91.6356|92.7378|93.3733|93.7533|93.86|94.2133|94.3889|94.4422|94.6156,91.16|91.7|92.62|91.76|92.9|92.84|92.94|93.18|92.82|93,91.0757|91.6704|92.5685|91.7524|92.8851|92.8298|92.9088|93.1576|92.7878|92.9781,934|0|4|0|1|8|4|0|8|4|0|1127|3|5|5|4|1|3|15|1|10|3|869|7|16|4|28|2|23|7|6|4|12|921|1|36|5|17|12|19|4|1|5|0|922|2|16|1|0|43|6|3|2|18|0|783|23|1|21|12|5|1|1|1|1|6|972|0|4|0|6|3|13|4|8|1|0|978|0|32|6|5|10|3|3|13|17|1|908|16|4|1|1|7|24|4|0|18|0|931
10,tanh,relu,0.5,interleave,12,0.003,10,ce,ok,14.2551,94.3489,93.64,93.6312,93.24,93.1291,93.9,7,0.580757|0.296051|0.256807|0.236824|0.221551|0.215244|0.205081|0.200179|0.194057|0.189402,82.7956|91.3444|92.5933|93.0333|93.4733|93.7022|93.98|94.1044|94.3489|94.3489,90.46|90.66|92.44|92.84|92.98|93.64|93.9|93.36|93.32|93.64,90.3384|90.5469|92.4383|92.8142|92.9614|93.6446|93.8957|93.3313|93.3363|93.6312,945|0|5|1|1|2|0|0|6|3|0|1135|4|3|5|2|0|2|12|1|12|4|894|14|11|1|12|9|12|0|6|6|25|952|0|10|2|12|15|5|8|0|6|1|906|2|11|1|6|53|21|2|10|37|5|762|13|1|13|5|12|2|9|0|5|7|952|0|4|0|9|2|23|6|12|2|0|964|1|26|8|6|12|29|2|16|10|1|889|9|7|0|1|17|20|4|0|8|8|925
4,tanh,relu,0.5,interleave,12,0.003,10,ce,ok,14.306,94.6067,92.78,92.744,93.16,93.0623,93.6,8,0.528459|0.270412|0.237448|0.218755|0.206572|0.198004|0.190984|0.184293|0.180143|0.177742,84.5378|91.9133|92.92|93.3222|93.7578|93.9889|94.3533|94.42|94.5889|94.6067,89.9|92.58|91.1|93.14|92.6|92.72|92.74|93.6|93.6|92.78,89.8016|92.5546|91.1305|93.1286|92.5729|92.7251|92.7274|93.5804|93.5854|92.744,926|0|2|0|3|6|12|1|9|4|0|1149|1|4|1|0|0|2|6|1|8|21|859|17|12|3|7|11|29|2|2|13|9|963|1|8|2|13|16|6|2|2|14|0|928|0|9|5|3|31|6|4|1|43|4|738|7|0|53|13|4|4|13|0|2|7|948|0|13|0|2|8|7|10|7|4|0|969|5|33|2|22|6|11|5|5|4|2|916|9|3|7|2|16|18|3|0|13|8|920
7,tanh,relu,0.5,interleave,12,0.003,10,ce,ok,14.3393,94.6311,93.14,93.1094,92.96,92.8581,93.66,9,0.578445|0.291166|0.248585|0.229404|0.215733|0.205913|0.196095|0.189535|0.182924|0.178453,83.2156|91.5178|92.7333|93.3689|93.62|93.9178|94.1244|94.4133|94.5756|94.6311,89.26|92.46|92|92.84|93.22|93.62|93.26|93.5|93.66|93.14,89.2374|92.4067|91.9001|92.8112|93.1748|93.5619|93.2353|93.4628|93.6148|93.1094,921|0|0|2|1|4|23|0|6|6|0|1128|3|2|3|2|3|3|19|1|12|5|868|11|12|5|23|14|11|8|7|3|1|936|0|38|1|15|19|13|1|0|5|0|901|0|29|2|3|53|5|3|2|25|8|775|20|6|10|15|6|1|1|1|6|2|973|0|1|0|3|2|9|10|9|1|1|986|1|23|4|7|5|17|9|16|10|2|872|40|6|0|1|12|16|4|0|14|1|936
6,tanh,relu,0.5,interleave,12,0.003,10,ce,ok,14.3569,94.64,93.12,93.0477,92.92,92.7709,93.48,8,0.54281|0.278798|0.245869|0.225493|0.211398|0.200488|0.194964|0.187813|0.183249|0.178816,84.2978|91.7333|92.6978|93.2667|93.6867|94.0911|94.2111|94.3178|94.4556|94.64,91.08|92.26|92.8|92.86|93.34|93.38|93.2|93.48|93.38|93.12,91.022|92.2054|92.7584|92.8017|93.2969|93.3412|93.1873|93.4329|93.3423|93.0477,938|0|1|1|3|3|12|0|5|0|0|1128|9|4|1|2|3|3|14|0|14|2|899|5|15|2|14|10|8|0|1|3|38|886|5|52|5|19|16|8|4|0|8|0|930|4|17|2|1|28|12|4|5|10|5|772|27|2|15|17|3|1|2|0|4|6|970|0|5|0|3|2|14|8|11|5|0|984|0|18|14|5|19|8|5|16|12|2|883|18|11|0|0|9|43|10|1|9|5|902
9,tanh,relu,0.5,interleave,12,0.003,10,ce,ok,14.3787,94.62,93.96,93.9251,93.61,93.4986,93.96,10,0.611041|0.308235|0.25809|0.233726|0.220519|0.208637|0.199758|0.192623|0.183917|0.180488,82.3311|91.0044|92.5822|93.1133|93.4911|93.8489|94.1133|94.2844|94.5956|94.62,89.68|92.06|92.42|92.68|92.94|93.82|93.4|93.64|93.64|93.96,89.6676|92.0509|92.4053|92.6498|92.9411|93.7861|93.3779|93.6233|93.595|93.9251,943|0|0|1|2|3|3|2|8|1|0|1133|1|9|5|2|0|2|12|0|11|4|874|10|14|4|10|10|31|1|4|4|13|959|1|12|0|17|15|8|2|0|3|1|945|4|8|1|4|26|11|0|3|32|4|766|20|3|16|14|7|1|1|2|20|10|945|0|5|0|2|4|13|7|7|4|0|985|1|22|5|11|7|13|4|16|6|2|894|24|8|0|0|7|33|2|0|19|4|917
8,tanh,relu,0.5,interleave,12,0.003,10,ce,ok,14.49,94.4689,93.36,93.3323,93.07,92.963,93.74,9,0.569949|0.292801|0.255627|0.236201|0.221783|0.21506|0.207194|0.200337|0.196214|0.192483,83.8178|91.5178|92.6511|93.1644|93.52|93.6756|93.9689|94.1511|94.2422|94.4689,90.12|91.72|92.8|93.06|93.04|91.7|93.68|92.66|93.74|93.36,90.0223|91.6336|92.745|93.0362|93.0093|91.6647|93.6414|92.61|93.7194|93.3323,941|0|4|1|2|4|3|2|5|1|0|1118|4|6|4|0|3|2|26|1|13|5|880|10|16|5|12|6|14|8|3|6|25|928|2|31|1|10|23|4|2|0|4|0|961|1|6|1|4|15|7|4|1|17|9|764|20|1|29|17|8|1|3|0|6|6|962|0|5|0|5|0|15|5|20|0|0|970|1|29|5|14|10|13|6|17|3|1|894|19|5|0|0|5|61|3|0|22|5|889
2,tanh,relu,0.5,interleave,12,0.01,10,ce,ok,12.7054,93.9133,93.62,93.5944,93.07,92.9358,93.62,10,0.438407|0.290182|0.26277|0.246113|0.236153|0.228098|0.22652|0.221303|0.220603|0.211689,87.1178|91.6089|92.3956|92.9156|93.1978|93.4133|93.4511|93.7156|93.7267|93.9133,90.46|91.5|93.24|92.92|92.72|93.12|92.66|92.66|93.34|93.62,90.415|91.4569|93.2005|92.9155|92.7112|93.0967|92.6487|92.6334|93.3443|93.5944,939|0|4|2|1|6|4|0|6|1|0|1147|0|0|1|1|0|7|7|1|11|8|859|11|20|4|23|11|22|0|5|12|28|917|2|34|2|17|11|5|4|1|5|0|939|4|18|4|5|14|7|5|6|25|2|790|17|3|10|4|9|3|2|0|0|4|968|1|4|0|4|7|10|3|6|2|1|1006|0|6|5|22|11|11|4|23|11|5|887|3|8|5|1|9|53|13|1|39|6|855
3,tanh,relu,0.5,interleave,12,0.01,10,ce,ok,12.7157,93.3,93.02,93.0119,92.57,92.4849,93.38,7,0.447446|0.306436|0.27748|0.263482|0.25591|0.245255|0.244644|0.23753|0.233478|0.231406,86.5222|91.1622|91.9889|92.4|92.6044|92.78|92.8889|93.1178|93.2044|93.3,90.28|92.04|92.36|92.48|92.38|91.68|93.38|91.5|91.76|93.02,90.2629|91.9741|92.3436|92.4868|92.3589|91.6902|93.3607|91.4974|91.7125|93.0119,920|0|3|1|2|13|10|0|7|7|0|1109|3|6|3|9|1|2|28|3|5|3|878|9|14|7|18|7|22|6|2|7|22|904|1|34|5|10|39|9|0|0|4|1|934|2|19|4|5|25|6|0|5|20|5|776|24|0|23|10|5|0|1|0|5|16|957|0|7|0|2|3|12|21|18|0|0|958|3|28|2|10|4|6|7|13|14|0|918|8|5|2|1|11|42|1|0|15|10|903
1,tanh,relu,0.5,interleave,12,0.01,10,ce,ok,12.8078,93.5489,92.98,92.9404,92.62,92.5047,93.18,6,0.479391|0.316866|0.291706|0.277696|0.263005|0.250264|0.242016|0.238164|0.23139|0.225578,85.8511|90.9867|91.7089|92.0356|92.4911|92.8333|93.1756|93.0556|93.2444|93.5489,89.32|91.46|91.96|92.38|92.88|93.18|92.42|92.52|93.02|92.98,89.4353|91.45|91.9327|92.3311|92.8418|93.1403|92.3988|92.5339|93.0087|92.9404,934|0|5|1|2|0|11|1|8|1|0|1121|4|4|5|1|1|4|23|1|9|2|858|9|13|2|24|10|38|4|8|3|26|922|1|12|3|9|45|4|2|1|6|0|943|0|18|1|2|21|8|3|4|24|4|733|22|0|58|13|5|1|0|0|6|3|967|0|9|0|7|1|18|13|18|0|0|974|2|12|4|6|11|9|5|9|6|1|925|6|5|1|0|10|55|5|1|20|8|885
4,tanh,relu,0.5,interleave,12,0.01,10,ce,ok,12.888,93.7244,91.96,91.9496,92.1,91.9965,93.24,8,0.439188|0.30245|0.27742|0.259217|0.247721|0.239366|0.231881|0.222266|0.218578|0.21176,86.82|91.1689|91.8644|92.3711|92.7089|92.9867|93.32|93.4889|93.5756|93.7244,88.26|91.74|91.24|92.48|91.06|92.12|92.48|93.24|92.74|91.96,88.2663|91.786|91.2128|92.4177|91.0363|92.1046|92.4868|93.2084|92.7344|91.9496,914|0|6|1|2|7|3|0|29|1|0|1125|3|4|3|0|1|2|25|1|11|11|823|22|8|1|13|16|61|3|3|8|10|950|1|17|2|10|26|6|4|1|13|1|898|1|6|2|13|55|6|1|1|46|4|715|13|0|68|15|8|3|7|0|1|6|933|0|33|0|5|4|9|17|6|0|1|982|3|18|5|6|7|3|3|9|0|0|945|4|6|2|1|18|15|3|0|9|11|925
5,tanh,relu,0.5,interleave,12,0.01,10,ce,ok,12.9841,93.4067,93.1,93.0622,92.68,92.5127,93.1,10,0.446931|0.307478|0.278192|0.26615|0.256835|0.246541|0.241704|0.237398|0.232075|0.227299,86.6|90.94|91.7467|92.1222|92.4111|92.74|92.8689|93.0422|93.16|93.4067,91.16|92.12|91.06|91.82|92.56|91.42|91.38|87.34|92.5|93.1,91.1558|92.0976|90.9953|91.8831|92.5763|91.386|91.4052|86.8534|92.5276|93.0622,933|0|4|2|4|3|3|0|12|2|0|1129|5|5|5|1|0|3|15|1|10|5|859|22|16|1|12|18|23|3|6|1|23|944|1|12|2|24|10|10|4|1|5|1|946|0|5|2|4|26|9|2|4|56|13|710|24|2|25|24|14|1|0|2|13|7|946|0|8|0|5|3|9|3|10|2|0|994|1|18|7|20|11|7|8|11|4|5|893|16|7|2|0|13|35|1|0|15|3|914
6,tanh,relu,0.5,interleave,12,0.01,10,ce,ok,12.9765,93.5956,92.32,92.2974,91.94,91.7992,93.08,9,0.451164|0.301423|0.280976|0.265474|0.255719|0.242736|0.244292|0.235412|0.232066|0.226934,86.5356|91.0022|91.8489|92.2778|92.6533|92.9489|93.0378|93.2956|93.2667|93.5956,90.7|91.2|91.7|91.56|92.08|92.3|91.96|92.42|93.08|92.32,90.5348|91.1606|91.6612|91.5153|92.0628|92.2778|91.9468|92.3696|93.0514|92.2974,941|0|4|1|3|2|8|0|4|0|0|1129|6|8|4|4|2|2|9|0|22|7|845|9|17|5|26|6|31|1|12|2|34|897|0|52|0|9|20|7|4|2|3|2|926|0|22|3|8|24|14|1|5|10|6|787|15|1|24|6|13|2|2|0|6|7|953|0|8|0|11|0|19|21|13|4|0|919|8|50|5|6|4|15|1|32|11|1|901|6|9|2|0|10|27|15|0|13|18|896
7,tanh,relu,0.5,interleave,12,0.01,10,ce,ok,12.9398,93.7222,92.58,92.5661,92.25,92.1206,92.88,6,0.463391|0.296455|0.267949|0.254369|0.245172|0.23551|0.230299|0.22603|0.222228|0.217518,86.3933|91.5244|92.0533|92.5756|92.8978|93.1889|93.3822|93.4467|93.6067|93.7222,91.36|91.14|92.5|91.48|92.24|92.88|92.34|92.64|92.38|92.58,91.3252|91.1603|92.4112|91.4238|92.1422|92.8466|92.3198|92.6191|92.2922|92.5661,931|0|4|0|1|3|6|2|16|0|1|1130|2|2|4|3|1|3|15|3|11|7|868|13|13|6|16|15|14|6|4|6|24|934|0|22|3|21|10|9|5|0|11|0|909|0|17|16|2|34|8|2|5|30|6|761|10|3|22|22|10|1|5|0|2|19|938|0|16|0|2|2|9|6|11|0|0|1005|1|9|4|13|12|16|6|12|15|4|869|31|8|0|3|10|24|5|0|59|1|880
8,tanh,relu,0.5,interleave,12,0.01,10,ce,ok,12.8862,94.26,93.78,93.7812,93.16,93.0762,93.9,9,0.451178|0.297953|0.269065|0.248149|0.238636|0.229898|0.22292|0.214046|0.214397|0.202857,86.6889|91.2756|92.4|92.9333|93.2111|93.5044|93.6489|94.0711|93.9756|94.26,91.3|91.58|91.84|92.72|93.3|92.76|93.72|92.96|93.9|93.78,91.1897|91.5264|91.8054|92.6702|93.2802|92.7558|93.7035|92.9801|93.8949|93.7812,920|0|8|2|3|6|13|1|8|2|0|1108|21|8|1|2|3|5|15|1|1|1|885|17|20|0|19|11|14|1|1|1|22|940|0|27|4|16|19|3|0|0|5|1|930|0|9|7|4|38|3|1|3|23|3|788|18|2|13|15|4|0|2|0|11|6|968|0|0|0|4|1|20|5|12|3|0|983|2|15|7|8|19|6|4|20|19|1|889|9|5|1|0|8|34|7|1|15|14|905
10,tanh,relu,0.5,interleave,12,0.01,10,ce,ok,11.6171,93.3978,92.84,92.8208,92.57,92.4948,92.9,7,0.459376|0.308957|0.280469|0.265976|0.252832|0.245412|0.23715|0.232488|0.226805|0.229599,85.9067|91.0156|91.8111|92.2156|92.6467|92.8756|93.1889|93.1667|93.4711|93.3978,89.76|92.3|91.86|90.7|92.32|91.52|92.9|92.88|92.38|92.84,89.5677|92.2826|91.8218|90.7376|92.2883|91.4746|92.8796|92.8579|92.3454|92.8208,932|0|5|2|1|2|7|3|6|5|0|1135|3|3|1|0|2|1|14|5|7|9|893|11|9|3|10|12|12|3|6|8|33|936|0|20|2|14|9|5|8|2|12|0|875|4|7|5|8|73|13|1|2|19|1|797|15|2|10|9|17|3|17|0|4|7|936|0|7|0|4|6|19|6|9|5|0|964|4|28|4|30|22|15|2|18|5|2|882|2|6|3|3|9|9|12|0|23|18|907
9,tanh,relu,0.5,interleave,12,0.01,10,ce,ok,11.6884,93.7778,92.42,92.3965,92.33,92.2077,92.62,7,0.480293|0.318777|0.282691|0.2619|0.25466|0.241589|0.23559|0.228093|0.225084|0.219331,85.7711|90.8844|91.9222|92.5533|92.7511|93.0844|93.34|93.4711|93.6289|93.7778,90.1|91.74|91.38|90.86|92.44|92.48|92.62|92|92.06|92.42,90.0934|91.6988|91.3061|90.8231|92.4005|92.4553|92.5865|91.9302|92.0532|92.3965,937|0|1|2|1|6|7|0|7|2|0|1133|3|6|2|7|0|4|6|3|9|7|877|16|10|6|18|13|12|1|5|2|11|942|0|26|3|15|15|14|3|0|5|5|832|4|8|8|6|123|7|3|4|21|2|804|12|2|7|7|13|0|2|0|9|12|952|1|2|0|4|1|15|16|4|3|0|983|1|18|12|8|9|7|7|46|14|3|844|32|7|0|0|4|13|6|1|22|8|929
2,tanh,relu,0.5,interleave,12,0.03,10,ce,ok,11.4962,90.9444,91,90.9406,90.7,90.493,91,10,0.545502|0.435537|0.404676|0.409704|0.390795|0.372195|0.364594|0.360529|0.360811|0.352905,84.08|87.9844|89.1067|89.1867|89.9378|90.34|90.4978|90.8689|90.8067|90.9444,85.14|87.64|89.22|86.68|90.22|90.34|89.74|90|89.56|91,84.9524|87.3936|89.1627|86.5437|90.1578|90.3337|89.6849|89.9201|89.3922|90.9406,935|0|3|1|2|8|7|1|6|0|0|1113|9|7|3|10|3|3|16|0|16|5|817|55|14|4|25|7|23|3|8|3|21|931|1|29|3|12|21|4|14|1|4|2|912|3|20|1|3|34|26|2|8|69|6|702|19|5|25|7|21|1|1|0|1|19|944|1|3|0|5|1|21|22|17|2|0|966|5|6|8|6|8|22|3|30|11|2|887|5|18|2|2|22|43|9|0|20|11|863
1,tanh,relu,0.5,interleave,12,0.03,10,ce,ok,11.7599,89.3733,86.8,86.7159,87.32,87.0565,89.82,9,0.548751|0.440402|0.420153|0.407466|0.396283|0.403006|0.419231|0.39476|0.406649|0.390528,84.1356|87.8511|88.3578|88.6733|89.0556|88.9644|88.7222|89.2244|88.9067|89.3733,84.76|87.76|88.84|88.24|89.74|88.46|89.36|88.9|89.82|86.8,84.5213|87.488|88.7065|88.2278|89.6982|88.3821|89.2919|88.95|89.6955|86.7159,938|0|4|4|2|4|7|0|3|1|0|1073|14|8|5|7|1|39|14|3|23|4|817|27|22|17|29|11|14|5|16|1|32|760|0|168|7|20|16|13|6|1|2|0|902|4|12|2|3|62|114|0|8|12|9|688|12|5|5|16|41|0|8|0|3|36|902|0|1|0|7|1|12|13|11|0|0|962|1|38|25|4|64|6|3|70|11|2|791|6|13|0|1|2|33|9|0|24|9|899
3,tanh,relu,0.5,interleave,12,0.03,10,ce,ok,11.7469,88.4378,89.18,89.1568,88.96,88.8176,89.36,5,0.559354|0.458214|0.431737|0.418592|0.427262|0.429276|0.455651|0.466416|0.478591|0.451237,83.6867|87.1711|88.1689|88.6667|88.7111|88.6356|88.3933|87.7422|87.52|88.4378,88.02|89.08|88.52|88.88|89.36|85.68|88.6|87.58|87.5|89.18,87.9914|88.9779|88.4924|88.8273|89.2947|85.3082|88.5066|87.5918|87.509|89.1568,926|0|6|1|2|4|9|3|11|1|1|1109|4|6|2|9|1|3|24|5|10|7|819|17|19|3|26|5|58|5|10|5|41|875|0|49|0|14|32|7|10|5|8|0|879|1|16|7|17|51|20|1|14|8|17|756|11|4|21|17|22|2|10|0|8|17|920|1|10|1|5|8|28|9|16|1|0|926|7|45|7|14|26|8|10|26|4|1|872|14|6|6|6|14|80|5|2|38|19|814
4,tanh,relu,0.5,interleave,12,0.03,10,ce,ok,11.9549,91.2133,91.06,91.0569,90.75,90.6203,92.24,6,0.551922|0.41234|0.384725|0.363059|0.353211|0.341227|0.333552|0.338105|0.349385|0.326768,83.5644|88.6178|89.74|90.32|90.5889|91.0333|91.1822|91.1044|90.9578|91.2133,86.98|89.36|90.66|89.54|89.5|92.24|90.72|90.72|90.72|91.06,87.0655|89.3351|90.651|89.5087|89.3274|92.226|90.692|90.695|90.7149|91.0569,896|0|8|0|1|31|4|11|10|2|0|1131|6|3|5|1|0|2|14|2|8|5|820|13|27|6|15|45|24|6|7|4|27|880|2|25|6|36|40|6|5|1|13|0|897|2|3|7|1|65|5|4|1|25|8|778|12|8|15|13|20|1|17|0|12|19|908|4|9|1|0|0|8|2|7|7|0|995|4|22|1|13|11|2|4|29|5|11|898|8|4|4|1|9|20|4|0|53|23|872
5,tanh,relu,0.5,interleave,12,0.03,10,ce,ok,11.9727,88.1733,84.92,84.6807,84.51,83.8648,88.6,5,0.564568|0.46533|0.442494|0.431983|0.448637|0.458643|0.432381|0.421559|0.449946|0.438346,83.3889|87.0889|87.8444|88.3733|87.5267|87.4289|88.1889|88.1467|87.9133|88.1733,87.52|88.18|85.92|88.14|88.6|87.7|86.12|87.96|85.72|84.92,87.5719|88.1762|85.9754|88.1932|88.6766|87.716|86.0952|87.8197|85.4058|84.6807,916|0|18|1|0|12|7|4|5|0|1|1112|7|0|4|7|0|21|12|0|13|12|861|11|14|7|16|22|10|3|2|21|24|887|4|17|1|53|21|3|2|0|27|1|850|1|9|11|3|90|4|6|10|44|9|754|13|16|11|2|12|5|22|0|5|71|870|1|5|0|5|3|8|4|12|1|0|1005|0|7|6|18|43|13|3|25|3|31|838|2|7|1|9|19|71|2|0|520|3|358
6,tanh,relu,0.5,interleave,12,0.03,10,ce,ok,12.2032,90.4533,91.1,91.0261,90.28,90.0843,91.1,10,0.549539|0.436176|0.415812|0.391747|0.376612|0.367225|0.362965|0.366441|0.374954|0.364797,84.0889|87.9356|88.4933|89.5133|89.8689|90.2467|90.4889|90.4822|90.2933|90.4533,87.98|90.16|89.6|90.16|90.28|90.74|89.44|89.26|89.96|91.1,87.6507|90.1053|89.546|90.089|90.1529|90.6587|89.3433|89.1816|89.8822|91.0261,916|0|1|0|3|6|22|2|11|2|1|1118|5|10|2|12|3|7|4|2|22|7|793|26|23|9|33|29|21|6|9|5|20|904|0|28|5|32|20|10|7|3|3|0|922|1|22|3|4|29|23|6|10|40|2|740|24|3|11|10|9|6|2|0|2|16|949|1|6|0|9|7|3|4|10|3|1|977|3|28|10|19|6|18|9|34|8|11|835|32|7|3|0|11|45|4|1|36|9|874
7,tanh,relu,0.5,interleave,12,0.03,10,ce,ok,11.1258,87.7311,88.38,88.3661,87.56,87.4176,88.38,10,0.623747|0.532363|0.518556|0.50304|0.481623|0.444357|0.502541|0.503463|0.457042|0.457091,81.9822|85.22|85.7333|86.2378|86.8667|87.8156|85.3067|86.1333|87.9733|87.7311,77.6|86.56|85.64|87.48|87.56|87.36|86.68|86.86|86.76|88.38,77.0371|86.4673|85.5137|87.4232|87.4937|87.3918|86.7608|86.93|86.7402|88.3661,921|0|8|4|6|5|12|1|5|1|0|1107|7|1|4|1|16|3|24|1|9|4|777|24|35|3|19|24|69|5|7|3|23|888|2|16|7|23|62|2|5|1|7|3|846|2|18|6|10|96|27|7|6|32|12|724|26|4|26|5|15|1|10|0|10|10|936|0|9|0|9|1|12|11|10|1|2|947|12|40|6|11|9|96|21|18|8|3|794|16|11|4|1|30|53|2|1|58|14|816
8,tanh,relu,0.5,interleave,12,0.03,10,ce,ok,11.1317,90.1689,89.08,89.0321,89.6,89.4139,91.18,7,0.556043|0.444582|0.416685|0.380778|0.398438|0.397949|0.382631|0.36208|0.371349|0.37774,83.8067|87.84|88.8267|89.8356|89.4444|89.5733|89.9378|90.6578|90.2311|90.1689,89.36|86.74|88.68|89.5|90.04|89.88|91.18|91.04|90.7|89.08,89.2414|86.6802|88.6902|89.4056|89.9948|89.7752|91.1736|91.0001|90.5927|89.0321,909|0|3|2|4|13|17|0|14|1|0|1110|8|3|6|6|7|9|14|1|8|2|809|25|19|2|45|18|36|5|1|0|31|893|3|55|9|25|14|2|1|0|2|0|958|2|20|1|1|9|12|3|8|18|14|748|41|1|16|8|4|1|2|0|30|9|943|0|2|0|3|0|9|5|20|3|3|986|2|14|3|18|15|11|25|39|27|5|829|10|7|1|0|19|148|10|2|25|3|775
10,tanh,relu,0.5,interleave,12,0.03,10,ce,ok,10.9991,91.0178,90.22,90.1502,89.72,89.546,91.22,9,0.519067|0.394019|0.379657|0.367275|0.362206|0.351766|0.361004|0.359636|0.355265|0.351891,84.4378|89.0978|89.7089|90.0533|90.1867|90.5733|90.4111|90.5733|90.6778|91.0178,89|89.68|90.48|90.42|89.04|89.1|89.3|90.58|91.22|90.22,88.8919|89.6792|90.4121|90.4237|88.9813|89.0613|89.2634|90.5508|91.1975|90.1502,922|0|12|2|5|10|0|4|8|0|0|1127|5|4|2|4|2|4|9|7|10|3|856|21|19|16|1|21|19|3|6|1|39|886|1|56|0|18|19|7|9|0|21|2|808|2|5|11|5|131|11|6|9|23|3|800|5|4|2|6|14|3|28|0|10|43|886|0|7|0|5|3|10|5|11|2|1|995|1|12|13|20|25|7|6|80|3|2|815|11|11|1|2|12|29|15|0|39|4|877
9,tanh,relu,0.5,interleave,12,0.03,10,ce,ok,11.4241,91.3311,91.4,91.3389,91.08,90.9123,91.6,8,0.537469|0.411688|0.396393|0.369338|0.36426|0.374384|0.348469|0.351332|0.349849|0.340405,84.38|89.0178|89.4444|90.3111|90.4911|90.2933|91.1422|91.0267|90.9778|91.3311,87.72|90.06|90.56|90.92|88.76|90.82|91.2|91.6|90.38|91.4,87.6513|90.077|90.5147|90.8311|88.7338|90.7723|91.1759|91.5779|90.3176|91.3389,937|0|4|2|2|1|4|1|9|3|0|1115|9|5|2|8|2|2|21|0|14|4|859|5|19|3|33|9|17|6|8|4|35|872|3|42|7|14|42|6|6|1|1|0|895|3|23|8|20|37|18|4|12|37|5|728|34|1|25|5|20|3|6|1|9|4|943|0|5|0|5|6|15|4|10|2|0|979|1|23|10|12|10|8|4|13|13|0|906|6|5|4|1|12|39|4|0|20|31|874
1,tanh,relu,0.5,interleave,12,0.1,10,ce,ok,11.0519,74.9933,74.42,71.718,74.65,71.3668,82.32,4,1.05551|0.891723|0.848935|0.786191|0.78123|0.862433|0.863183|0.812553|0.82359|0.877348,66.6378|74.9178|76.4067|79.9333|79.6111|76.3378|74.7644|78.68|79.7333|74.9933,73.76|76.26|80.58|82.32|79.74|72.3|76.98|75.86|73.5|74.42,72.3776|76.3563|80.2511|82.1696|79.5653|72.174|76.8685|72.9442|70.7087|71.718,880|0|30|0|8|27|13|0|5|0|1|1129|3|2|4|8|0|0|17|0|7|21|591|17|61|44|72|3|153|0|4|12|26|806|8|71|8|4|94|0|0|5|3|3|929|27|16|5|6|0|21|11|19|55|35|710|9|1|8|0|5|7|20|0|100|30|825|1|3|0|11|30|2|5|51|20|0|846|78|2|2|29|2|5|30|164|2|0|748|0|2|9|4|16|813|62|0|38|45|1
2,tanh,relu,0.5,interleave,12,0.1,10,ce,ok,10.8949,75.8911,77.74,76.8383,78.23,76.7956,77.74,10,1.08588|0.964456|0.94784|0.868183|0.850238|0.828001|0.89159|0.861821|0.863738|0.797556,65.3378|70.2867|71.1222|74.7489|74.2|74.5444|71.6644|74.8511|73.7822|75.8911,75.02|64.54|75.88|77|75.96|71.04|68.72|76.12|74.28|77.74,71.391|61.2854|72.4073|75.7364|72.236|69.1681|68.2078|73.751|70.8448|76.8383,834|0|2|1|13|85|5|3|19|1|0|1106|12|3|4|4|0|4|27|4|9|6|337|59|27|8|108|23|382|10|8|2|13|888|3|24|4|26|56|9|5|3|2|1|863|2|47|4|4|63|30|17|12|210|23|449|13|15|75|25|40|4|11|5|15|46|843|0|26|1|1|6|13|11|26|4|0|947|21|16|5|13|27|27|12|78|11|2|777|30|10|4|3|14|67|6|13|84|10|779
3,tanh,relu,0.5,interleave,12,0.1,10,ce,ok,10.9298,77.2178,79.28,79.2642,79.24,78.9321,80.22,7,1.02694|0.909823|0.952697|0.88645|0.895871|0.915026|0.903191|0.928331|0.838948|0.844497,68.5467|74.2489|71.16|74.0556|74.9267|74.3533|75.7222|74.7911|79.1178|77.2178,75.28|73.16|72.14|74.72|79.9|70.46|80.22|68.04|73.56|79.28,74.9022|72.765|72.3774|75.1126|80.2255|69.7938|79.9565|66.7379|72.6995|79.2642,863|1|38|4|1|8|7|0|38|3|0|941|5|3|2|0|1|3|208|1|15|7|762|14|34|1|20|4|59|53|3|4|39|736|2|13|6|8|186|36|0|0|12|1|817|0|20|2|10|132|17|6|26|104|8|326|17|14|337|14|11|0|39|3|5|3|893|0|35|2|8|8|7|3|18|5|3|820|8|165|6|2|10|7|1|2|3|0|902|49|2|0|7|10|31|3|0|51|22|864
4,tanh,relu,0.5,interleave,12,0.1,10,ce,ok,11.1347,69.5889,71.08,70.4521,72.31,71.4023,80.48,3,1.07062|1.0033|0.972539|0.90375|0.85707|1.00764|0.939|1.00399|0.889426|0.948342,65.42|68.4711|69.8422|74.3733|76.6444|66.6022|68.7378|66.4644|72.0556|69.5889,64.28|61.36|80.48|67.84|73.4|70|65.7|65.88|75.26|71.08,60.8857|58.2419|80.3711|66.8398|73.0062|68.9336|61.7641|62.6133|75.2508|70.4521,612|0|6|16|1|206|40|2|80|0|0|1113|1|13|2|1|4|6|24|0|1|6|579|197|35|18|31|39|63|0|0|4|5|785|2|86|27|55|67|2|0|1|6|5|746|2|14|52|144|24|0|18|5|283|8|441|32|9|70|3|1|2|26|2|12|13|911|1|23|0|9|2|19|79|33|16|1|857|21|8|0|17|5|77|3|28|7|4|840|1|1|6|4|26|70|9|0|332|195|347
6,tanh,relu,0.5,interleave,12,0.1,10,ce,ok,11.0399,70.6911,70.82,70.1765,70.88,69.8352,75.3,4,1.12095|0.970027|1.00948|0.970419|0.880826|0.906233|0.869036|0.894098|1.03416|0.97906,63.6756|69.2689|66.1289|69.3711|73.8311|74.2222|74.2822|73.2689|68.9889|70.6911,70.94|68.7|63.9|75.3|70.32|73.38|74.94|74.06|70.56|70.82,67.7093|65.781|60.1829|75.087|69.2024|73.3522|74.0324|74.0183|68.7449|70.1765,877|0|10|6|1|1|49|2|17|0|11|959|108|18|3|6|1|12|46|0|80|5|752|21|16|6|60|19|8|2|30|1|40|691|3|205|4|25|32|2|3|0|5|5|892|0|60|1|12|16|150|1|35|50|13|301|14|5|297|3|115|1|7|0|2|2|863|0|1|0|2|5|19|4|111|5|12|684|18|185|353|18|15|15|10|6|10|2|549|4|6|0|2|7|375|13|13|16|38|520
5,tanh,relu,0.5,interleave,12,0.1,10,ce,ok,11.1055,75.5511,73.92,71.0458,74.62,71.4219,76.76,7,1.15032|1.01464|1.05885|0.940653|0.967218|0.992682|0.951567|0.945504|0.8996|0.838681,62.1289|68.0267|66.5956|70.6356|71.86|69.4044|72.0133|71.5933|73.5956|75.5511,63.52|73.14|64.7|71.9|72.28|74.46|76.76|72.78|72.18|73.92,60.4145|70.1691|60.5578|69.8333|69.0524|71.4345|76.0485|69.8128|68.9486|71.0458,889|0|11|10|6|14|12|0|21|0|0|1108|3|15|16|0|13|1|8|0|17|9|707|73|53|6|44|37|23|0|6|2|17|895|42|23|7|22|19|0|0|0|6|0|960|0|22|5|1|0|16|13|1|49|68|442|20|3|257|0|14|2|11|3|38|12|882|0|29|0|5|9|9|14|142|0|2|857|7|0|8|27|4|125|76|5|15|0|722|0|11|0|4|11|935|1|5|15|8|0
7,tanh,relu,0.5,interleave,12,0.1,10,ce,ok,11.5343,72.9356,78.7,77.7224,78.19,77.1467,78.7,10,0.994438|0.860826|0.819166|0.93804|0.901899|0.815618|0.795898|0.843407|0.920078|0.876392,67.8133|73.9111|75.4578|70.4356|72.1733|74.7867|76.26|73.36|70.5778|72.9356,68.28|75.62|76.8|70.28|78.24|72.52|74.92|66.72|75.94|78.7,65.216|75.448|76.9975|68.6415|77.8524|71.8608|73.5454|64.1048|72.6743|77.7224,893|0|7|32|1|10|12|0|7|1|1|1067|8|9|3|0|4|0|65|7|33|1|706|97|9|0|66|3|36|18|24|16|11|886|0|13|2|8|37|36|2|3|8|3|774|0|104|0|7|93|117|2|10|300|9|304|34|1|48|44|81|3|13|2|2|3|869|0|12|6|8|11|18|6|16|0|3|866|4|113|23|25|29|75|5|6|22|0|693|104|9|5|3|100|91|1|7|13|0|761
10,tanh,relu,0.5,interleave,12,0.1,10,ce,ok,11.2868,77.4289,79.72,79.5328,80.49,80.0883,79.72,10,1.12375|0.949437|0.895797|0.896707|0.85074|0.848932|0.846561|0.801031|0.75908|0.796241,62.7933|68.7667|72.2889|71.8178|73.4622|74.96|75.8911|77.28|79.4956|77.4289,63.26|68.54|70.8|68.06|74.1|74.48|75.96|79.62|76.18|79.72,59.5784|66.2928|68.5456|63.897|73.0416|74.4952|74.6557|79.601|75.3591|79.5328,901|0|4|16|1|25|13|2|1|0|0|1107|0|4|2|0|0|1|36|14|87|10|637|121|32|3|27|7|22|23|34|2|1|829|1|51|9|12|48|46|18|2|2|0|744|0|18|0|5|205|40|10|3|56|9|512|76|4|126|33|79|4|3|1|11|2|865|0|26|0|10|3|4|13|22|0|0|850|1|142|10|12|2|99|4|16|29|0|767|43|12|5|3|15|85|3|0|20|10|837
8,tanh,relu,0.5,interleave,12,0.1,10,ce,ok,11.7441,81.1,78.1,77.7913,78.48,77.9257,81.16,9,1.08731|0.929075|0.90052|0.926035|0.868814|0.844514|0.849593|0.767703|0.737095|0.744002,64.6111|71.3911|72.38|71.3711|76.0178|74.6311|74.7889|79.0933|80.8733|81.1,70.9|72.38|75.42|71.76|71.44|77.72|73.9|81.04|81.16|78.1,67.3058|69.4274|73.8855|70.1165|68.3331|77.2673|70.9696|80.9697|81.0999|77.7913,935|0|1|0|5|10|1|0|10|1|0|1136|2|3|11|5|2|0|5|0|92|80|604|38|26|15|30|1|49|34|46|29|11|613|6|281|1|7|32|7|13|10|6|0|859|3|10|2|23|68|43|22|5|17|54|617|19|1|90|1|25|3|3|0|57|9|873|0|20|1|39|48|33|26|49|8|0|757|1|84|12|60|2|18|32|48|3|0|787|20|21|15|3|4|56|34|2|30|158|667
9,tanh,relu,0.5,interleave,12,0.1,10,ce,ok,11.7484,78.3311,79.4,78.7099,79.14,78.4443,82.48,9,1.12425|1.00599|0.893214|0.904307|0.881377|0.887778|0.834086|0.79431|0.793328|0.799921,63.74|68.9756|74.4044|72.5667|74.0378|74.0311|77.2844|79.2111|79.2778|78.3311,73.76|70.2|66.52|76.78|79.02|71.82|82.34|80.78|82.48|79.4,72.0856|68.4004|64.7605|73.0169|77.264|69.3427|81.9091|80.0433|81.7175|78.7099,911|0|6|7|1|4|12|0|12|10|0|895|22|97|5|2|1|3|139|0|21|2|798|52|25|1|26|5|33|6|25|0|34|781|0|48|10|7|120|8|3|3|13|1|736|1|28|1|43|165|258|1|13|170|7|341|23|2|43|11|39|1|11|1|20|0|896|0|23|0|5|3|33|5|12|2|3|870|27|85|36|3|4|71|5|22|7|0|832|2|17|5|4|11|9|15|1|15|59|854
1,tanh,relu,0.5,interleave,12,0.3,10,ce,ok,11.6165,26.5889,23.38,17.6115,22.85,17.2244,34.38,7,2.3162|2.28725|2.24656|2.25431|2.16754|2.13514|2.16729|2.13964|2.15056|2.21605,24.9578|24.8933|26.6733|26.0556|29|29.46|28.5511|29.2111|28.7378|26.5889,23.26|23.68|29.22|27.98|24.9|29.28|34.38|25.4|28.18|23.38,12.963|14.3492|19.3155|18.5916|14.6371|19.4758|21.6168|15.2003|19.7877|17.6115,555|0|162|0|4|0|9|0|0|233|0|0|932|0|3|0|2|0|0|227|7|1|755|0|10|0|50|0|0|146|0|0|588|0|14|0|8|0|0|423|1|0|32|0|674|0|279|0|0|8|3|0|504|0|39|0|43|0|0|280|14|0|744|0|13|0|219|0|0|1|3|0|10|0|754|0|5|0|0|273|1|1|593|0|7|0|6|0|0|374|1|0|18|0|864|0|25|0|0|82
2,tanh,relu,0.5,interleave,12,0.3,10,ce,ok,11.5005,41.7489,31.64,22.6232,31.98,23.1268,43.7,8,2.21119|2.11501|2.06333|2.08671|2.2279|2.20214|1.93612|1.8471|1.88189|1.75006,25.2111|32.4178|33.3022|31.96|28.82|29.2889|36.6956|38.5867|38.4156|41.7489,33.14|22.42|41.64|19.74|25.52|29.7|36.4|43.7|40.26|31.64,22.814|18.5146|35.3325|14.2697|18.6161|19.6068|29.5338|35.6785|29.8376|22.6232,1|8|0|3|223|719|8|1|0|0|0|1119|0|11|3|30|0|1|0|0|0|240|0|450|78|192|3|6|0|0|5|43|0|441|8|518|0|18|0|0|0|11|0|0|58|921|1|3|0|0|3|45|0|38|63|698|1|21|0|0|0|137|1|4|775|71|3|0|0|0|0|42|0|9|7|108|1|878|0|0|1|73|0|128|9|771|0|0|0|0|0|5|0|1|10|792|2|180|0|0
3,tanh,relu,0.5,interleave,12,0.3,10,ce,ok,11.5538,38.4778,41.8,36.9377,41.7,36.7392,41.8,10,2.10091|1.89398|1.93293|1.96802|2.00801|1.92585|1.96547|1.91394|1.87509|1.84455,29.5733|34.3844|32.9133|32.0689|30.4022|33.92|35.1644|35.9867|36.8756|38.4778,22.72|31.1|33.4|23.38|26.46|35.44|36.72|29.74|40.64|41.8,13.6571|22.2744|24.9093|16.0036|15.86|23.5563|28.3643|20.2422|32.4449|36.9377,465|2|5|21|2|434|0|28|0|6|0|820|2|4|0|0|0|0|0|338|44|129|568|71|76|7|0|14|0|60|1|88|18|761|5|17|0|4|0|139|1|0|6|3|336|0|0|137|0|511|3|34|32|476|9|136|0|64|0|115|104|12|225|277|252|34|0|24|0|63|2|5|0|1|20|1|0|387|0|629|6|263|54|345|13|2|0|6|0|293|5|3|3|5|164|0|0|113|0|697
4,tanh,relu,0.5,interleave,12,0.3,10,ce,ok,11.7663,40.0556,38.7,29.3053,40.05,30.3303,46.26,7,2.1393|2.00261|1.84496|1.79647|1.78254|1.74716|1.77676|2.00193|1.88586|1.77824,27.1778|30.4044|35.4778|38.6844|40.3289|41.8889|41.3178|32.7489|37.36|40.0556,22.14|20.9|39.34|41.16|27.94|43.44|46.26|33.58|41.2|38.7,10.4579|9.83578|29.2657|31.3933|20.3001|37.0833|35.4867|23.4177|31.5357|29.3053,152|2|2|0|0|749|23|3|32|0|0|1134|0|0|0|3|7|1|19|0|5|81|18|0|0|77|733|6|49|0|1|23|3|0|0|395|28|2|581|0|1|303|430|0|0|1|63|33|163|0|3|31|0|0|0|268|43|28|496|0|3|24|4|0|0|61|894|1|4|0|7|65|27|0|0|1|2|844|99|0|0|191|5|0|0|59|22|11|694|0|1|82|182|0|0|8|11|198|507|1
5,tanh,relu,0.5,interleave,12,0.3,10,ce,ok,11.5125,29.5267,29.24,16.3464,29.86,16.1573,29.54,9,2.6767|2.49783|2.36989|2.31545|2.26711|2.29747|2.30516|2.27006|2.19425|2.06245,14.1067|18.1467|19.6022|19.1711|20.7822|19.9067|23.0422|22.7778|26.2156|29.5267,17.44|23.6|18.4|20.46|14.66|19.26|21.7|21.98|29.54|29.24,6.83822|14.0125|6.34265|9.17057|6.54261|8.02441|10.6693|10.3101|15.6888|16.3464,959|0|0|0|0|0|0|4|0|0|95|1064|0|0|0|0|0|5|0|0|903|38|0|0|0|0|0|28|0|0|814|180|0|16|0|0|0|23|0|0|71|4|0|0|0|0|0|919|0|0|829|8|0|0|0|0|0|32|0|0|942|2|0|0|0|0|0|47|0|0|27|71|0|0|0|0|0|947|0|0|902|51|0|0|0|0|0|29|0|0|76|24|0|0|0|0|0|890|0|0
6,tanh,relu,0.5,interleave,12,0.3,10,ce,ok,11.737,53.2911,61.06,56.5983,60.95,56.0637,61.06,10,2.0281|1.97383|1.7787|1.71224|1.86153|1.73791|1.60691|1.51421|1.49464|1.47205,30.9|30.8956|38.9489|44.0311|39.1311|44.5311|48.7644|51.9578|52.9222|53.2911,32.8|33.62|43.56|41.12|37.62|43.44|49.56|58.46|49.66|61.06,27.9685|23.3317|37.8639|34.5573|27.2471|35.5279|43.4586|55.8932|43.2769|56.5983,911|0|21|0|1|12|6|5|7|0|0|1119|12|1|3|4|13|3|9|0|73|41|639|5|103|25|47|8|28|0|51|66|69|308|9|47|4|28|451|0|10|8|12|0|784|20|122|38|0|0|115|10|49|73|14|362|32|27|187|0|68|8|39|2|32|16|826|0|0|0|18|24|38|0|81|92|2|741|49|0|87|75|120|50|25|80|21|119|405|0|17|13|33|2|481|67|12|354|11|0
7,tanh,relu,0.5,interleave,12,0.3,10,ce,ok,11.4125,46.6556,37.64,34.1924,38.78,34.5216,50.16,8,2.00284|1.84689|1.81941|1.70578|1.60234|1.62372|1.68628|1.68506|1.62992|1.61419,31.0644|35.3311|36.6867|40.3889|43.7378|42.9689|40.1444|40.2422|45.3156|46.6556,31.82|32.6|44.44|46.98|49.44|43.18|34.54|50.16|42.44|37.64,20.1334|22.4253|35.8991|40.3862|40.0444|32.1715|23.6099|39.5978|32.0089|34.1924,782|0|0|0|0|9|30|115|12|15|0|735|0|2|0|339|9|6|66|7|111|5|0|0|0|619|49|33|131|21|302|41|0|193|0|137|74|162|114|10|3|13|0|0|0|1|7|9|539|422|182|6|0|4|0|71|154|210|51|191|12|2|0|0|0|104|659|3|39|172|0|66|0|0|0|5|1|800|139|34|17|10|0|1|0|350|34|10|529|31|7|73|0|3|0|0|1|80|717|109
8,tanh,relu,0.5,interleave,12,0.3,10,ce,ok,11.9667,10.1222,9.4,1.71878,8.69,1.59904,47.08,6,2.33542|1.91887|1.8967|1.81928|1.74946|1.75257|1.66159|2.8633|2.86569|2.86196,22.6244|34.8956|33.7578|38.0244|39.5244|39.6778|44.3689|9.93111|9.79111|10.1222,38.16|41.56|41.54|41.16|40.78|47.08|10.78|10.74|9.92|9.4,27.6042|29.3417|32.4427|32.6548|31.5194|38.1395|2.01684|1.97598|1.84118|1.71878,0|0|0|0|0|963|0|0|0|0|0|0|0|0|0|1164|0|0|0|0|0|0|0|0|0|969|0|0|0|0|0|0|0|0|0|1033|0|0|0|0|0|0|0|0|0|994|0|0|0|0|0|0|0|0|0|869|0|0|0|0|0|0|0|0|0|991|0|0|0|0|0|0|0|0|0|1045|0|0|0|0|0|0|0|0|0|982|0|0|0|0|0|0|0|0|0|990|0|0|0|0
10,tanh,relu,0.5,interleave,12,0.3,10,ce,ok,11.7276,57.9733,57.62,50.0808,58.25,50.0185,60.6,7,2.12545|1.84728|1.60537|1.59577|1.62469|1.51382|1.42505|1.38635|1.3766|1.33104,27.1933|35.7267|45.1044|45.6733|43.7111|47.9067|52.62|54.8333|55.2444|57.9733,39.92|38.76|53.84|42.62|30.2|50.22|60.6|57.46|53.06|57.62,29.8086|26.1165|49.3615|32.0213|20.3835|41.1177|56.4019|51.1221|46.3665|50.0808,855|0|0|51|0|0|9|0|44|4|0|1004|4|18|0|0|1|0|131|6|37|2|584|128|0|0|109|1|48|60|9|28|9|865|0|0|3|1|94|24|5|4|1|1|0|0|58|0|28|897|39|7|5|192|0|0|22|2|561|41|58|2|9|5|0|0|844|0|54|19|21|49|19|101|0|0|2|15|6|832|17|20|9|88|0|0|39|0|777|32|13|7|4|27|0|0|11|1|46|881
9,tanh,relu,0.5,interleave,12,0.3,10,ce,ok,12.2262,24.3156,29.24,15.685,30.13,15.8832,29.24,10,2.57729|2.58361|2.63086|2.63232|2.59486|2.55347|2.30211|2.31172|2.22391|2.18522,16.1778|16.7889|15.4978|15.42|15.8467|17.0222|23.0467|22.9511|23.9978|24.3156,20.22|20.58|19.3|19.68|9.9|19.5|23.24|27.2|21.82|29.24,10.8064|8.73918|6.4488|7.04271|1.80164|8.57656|12.1343|15.4394|13.6158|15.685,958|0|0|0|0|0|0|0|0|5|62|1092|0|0|0|0|0|0|0|10|668|216|0|0|0|0|0|0|0|85|722|42|0|0|0|0|0|0|0|269|44|1|0|0|0|0|0|0|0|949|674|11|0|0|0|0|0|0|0|184|968|3|0|0|0|0|0|0|0|20|14|6|0|0|0|0|0|0|0|1025|699|25|0|0|0|0|0|0|0|258|27|0|0|0|0|0|0|0|0|963
1,tanh,leaky_relu,0.5,interleave,12,0.001,10,ce,ok,12.4036,94.2022,93.62,93.5775,93.44,93.3277,93.62,10,0.998589|0.378163|0.313303|0.28026|0.256947|0.239591|0.22767|0.217279|0.208977|0.200843,71.8378|89.5533|91.1289|92.0689|92.7156|93.1889|93.5689|93.8156|94.0333|94.2022,87.46|90.26|91.36|92.24|92.36|92.68|93.08|93.12|93.22|93.62,87.3828|90.2352|91.2963|92.2085|92.3125|92.6405|93.045|93.1044|93.2297|93.5775,927|0|9|1|1|5|8|1|7|4|0|1136|3|5|5|0|1|4|9|1|11|8|871|9|9|2|25|12|14|8|0|8|20|955|2|12|1|12|16|7|1|2|6|0|946|0|14|1|3|21|5|5|4|40|6|754|13|1|25|16|4|3|0|0|11|8|952|0|13|0|3|1|17|1|9|1|0|989|3|21|4|11|10|10|5|11|7|1|901|22|3|2|0|12|34|1|1|20|4|913
2,tanh,leaky_relu,0.5,interleave,12,0.001,10,ce,ok,12.5548,93.6333,92.94,92.9013,92.83,92.7017,92.98,8,0.863482|0.390279|0.325668|0.292707|0.271979|0.255456|0.245132|0.234213|0.22546|0.219545,75.66|88.8956|90.7511|91.6978|92.1889|92.6111|92.9067|93.2067|93.6022|93.6333,86.72|89.7|90.62|91.72|91.98|92.44|92.66|92.98|92.5|92.94,86.61|89.5747|90.6013|91.6618|91.9738|92.4338|92.6719|92.9551|92.479|92.9013,936|0|6|2|1|1|3|2|11|1|0|1139|2|2|4|1|6|4|5|1|13|6|869|17|12|3|16|16|14|3|4|4|23|940|0|26|2|19|11|4|6|2|7|0|923|2|15|1|6|32|7|2|6|26|4|780|24|3|9|8|8|1|8|0|4|5|961|0|4|0|4|3|13|5|7|0|0|996|0|17|13|16|24|19|10|22|6|3|849|20|6|3|2|15|22|4|1|45|2|890
3,tanh,leaky_relu,0.5,interleave,12,0.001,10,ce,ok,12.5636,94.3844,92.78,92.7685,93.15,93.0564,93.12,9,0.869987|0.34736|0.295886|0.265229|0.24348|0.227687|0.216319|0.205794|0.199221|0.192453,74.3089|90.0933|91.4689|92.2978|92.9533|93.4156|93.7689|94|94.2444|94.3844,89.04|90.68|91.56|92.32|92.48|92.58|92.64|92.82|93.12|92.78,88.958|90.6283|91.5171|92.2825|92.4619|92.5479|92.5963|92.8018|93.0701|92.7685,924|0|4|1|0|17|7|1|5|4|0|1121|2|7|4|1|3|2|23|1|6|4|857|14|11|3|33|6|26|9|3|4|14|908|2|46|3|11|31|11|2|0|4|0|939|2|14|0|4|29|4|0|1|10|3|806|18|0|16|11|3|1|0|0|3|5|974|0|5|0|10|1|13|13|11|1|0|959|1|36|5|9|3|4|5|25|11|1|904|15|6|1|1|8|30|5|0|13|3|923
5,tanh,leaky_relu,0.5,interleave,12,0.001,10,ce,ok,12.6942,93.8467,93.08,93.0582,92.35,92.2214,93.08,10,0.881978|0.361192|0.302252|0.274629|0.256041|0.242216|0.232649|0.224249|0.217497|0.211446,75.0467|89.7911|91.2222|92.0289|92.4778|92.9756|93.1956|93.3844|93.5867|93.8467,88.46|91.1|91.62|92.38|92.54|92.44|92.42|92.22|92.76|93.08,88.2662|91.0343|91.5785|92.3545|92.5206|92.3965|92.4158|92.1976|92.7519|93.0582,929|0|4|1|1|8|4|3|6|7|0|1140|3|3|5|1|0|1|7|4|13|18|840|23|11|4|20|11|22|7|7|7|10|933|4|24|1|12|24|11|4|0|7|0|901|3|12|2|3|62|15|4|2|29|7|760|17|1|10|24|10|2|1|0|8|15|952|0|3|0|5|8|8|3|8|2|0|976|1|34|5|16|7|18|4|24|5|0|876|27|7|2|1|9|24|4|0|15|0|928
4,tanh,leaky_relu,0.5,interleave,12,0.001,10,ce,ok,12.8004,94.4578,93.9,93.8734,93.53,93.4416,93.9,10,0.836339|0.352408|0.292174|0.259116|0.236222|0.220196|0.2081|0.198849|0.191217|0.185761,76.3533|89.9756|91.6467|92.5333|93.1622|93.4867|93.9111|94.0444|94.3467|94.4578,87.5|90.36|91.16|92.86|92.84|92.92|93.04|93.5|93.58|93.9,87.3836|90.3414|91.129|92.8348|92.8081|92.9232|93.0266|93.4718|93.5719|93.8734,934|0|2|0|0|7|6|3|11|0|0|1138|1|6|1|1|1|3|12|1|11|7|877|17|10|4|12|11|17|3|2|10|12|942|0|23|3|12|22|7|1|1|6|0|906|5|12|4|6|53|3|2|1|26|6|779|10|0|23|19|5|2|4|0|2|4|966|0|8|0|3|5|8|5|8|1|0|996|1|18|4|20|8|17|3|11|4|4|902|9|8|3|1|14|20|6|0|19|6|913
6,tanh,leaky_relu,0.5,interleave,12,0.001,10,ce,ok,12.4168,94.1333,93.06,93.0209,92.56,92.4189,93.56,9,0.86835|0.341271|0.290691|0.264861|0.246847|0.232713|0.223195|0.212703|0.206945|0.199352,76.04|90.1333|91.5622|92.3111|92.7444|93.1689|93.4578|93.7311|93.82|94.1333,88.96|90.84|91.48|92.32|92.42|92.86|93.34|93.22|93.56|93.06,88.862|90.7617|91.4066|92.2461|92.3638|92.8335|93.2894|93.1653|93.5283|93.0209,942|0|2|0|1|4|6|0|7|1|0|1116|4|3|3|2|1|4|27|4|17|4|860|12|11|3|21|15|21|5|7|1|18|902|2|45|4|22|22|10|4|0|3|0|930|1|8|0|3|45|15|0|5|17|13|767|18|1|17|16|6|1|1|0|9|9|960|0|5|0|2|2|9|6|11|0|0|989|0|26|12|3|11|9|4|27|10|2|878|26|6|0|2|6|42|6|0|13|3|912
7,tanh,leaky_relu,0.5,interleave,12,0.001,10,ce,ok,12.6846,94.1844,92.78,92.7377,92.93,92.7982,93.14,9,0.911037|0.360425|0.295767|0.267769|0.248789|0.232794|0.222305|0.212713|0.204325|0.198147,74.3222|89.8711|91.5689|92.1422|92.7556|93.1444|93.5178|93.7333|94.0489|94.1844,87.56|90.32|91.96|92.3|92.42|92.28|92.92|93.06|93.14|92.78,87.4036|90.2342|91.8834|92.263|92.338|92.218|92.9133|93.0081|93.1211|92.7377,937|0|3|2|1|2|5|1|9|3|0|1138|3|3|4|0|0|2|13|1|11|3|865|22|8|1|16|15|23|5|1|3|15|942|0|14|1|22|19|16|6|0|4|0|887|1|16|4|12|64|10|4|4|54|9|732|12|6|18|20|6|3|4|0|6|5|960|0|7|0|1|1|5|8|10|6|0|981|1|32|5|4|6|10|3|12|5|0|913|24|4|2|1|10|16|4|0|11|4|938
8,tanh,leaky_relu,0.5,interleave,12,0.001,10,ce,ok,13.0559,94.1978,93.2,93.1708,93.54,93.4382,93.42,8,0.898311|0.360007|0.303793|0.273117|0.253024|0.237813|0.226667|0.216225|0.207837|0.201508,75.4911|89.9644|91.3356|92.2867|92.8156|93.2356|93.4956|93.8378|94.0622|94.1978,88.22|90.54|91.68|92.04|92.36|92.18|93.02|93.42|93.04|93.2,88.1122|90.456|91.6229|92.0029|92.336|92.1939|92.9732|93.3758|93.0156|93.1708,926|0|4|1|2|8|11|3|8|0|0|1130|2|8|3|1|0|3|15|2|5|4|886|21|11|5|10|7|16|4|4|6|15|938|3|33|1|12|17|4|1|0|6|0|950|0|11|0|5|21|8|3|5|20|9|776|15|2|17|14|5|1|6|0|9|10|954|0|6|0|3|2|7|5|10|0|0|983|2|33|1|11|7|16|6|20|2|0|907|12|5|1|0|8|37|1|0|30|4|904
9,tanh,leaky_relu,0.5,interleave,12,0.001,10,ce,ok,12.5046,94.2378,93.52,93.4765,93.59,93.4742,93.52,10,0.965889|0.395192|0.328474|0.294286|0.269279|0.248775|0.231741|0.218656|0.207712|0.199776,72.62|88.7156|90.5533|91.5333|92.2467|92.8622|93.3044|93.6911|94.0267|94.2378,86.56|89.86|90.64|91.86|92.34|92.56|92.6|93.28|93.24|93.52,86.5568|89.8332|90.5885|91.7773|92.2992|92.4895|92.546|93.2194|93.1878|93.4765,939|0|3|1|2|3|4|0|9|2|0|1136|2|5|2|8|0|1|10|0|13|5|884|10|17|5|12|9|12|2|8|2|16|943|1|30|1|15|14|3|5|0|3|1|936|1|8|2|7|31|9|1|3|20|10|793|12|3|14|4|6|1|0|0|11|7|960|0|6|0|2|2|21|8|12|3|0|977|0|20|6|6|8|14|7|30|8|0|887|16|8|1|0|5|40|5|0|20|7|904
10,tanh,leaky_relu,0.5,interleave,12,0.001,10,ce,ok,12.4325,94.2222,93.92,93.8979,93.15,93.0381,93.92,10,0.941345|0.37329|0.303543|0.271461|0.250463|0.23729|0.225095|0.21629|0.208706|0.20251,72.3867|89.4422|91.4222|92.1422|92.7422|93.1844|93.4578|93.7289|93.9933|94.2222,86.22|90.18|91.32|91.88|92.72|93.14|93.44|93.44|93.36|93.92,85.9351|90.0783|91.2801|91.8322|92.6517|93.1051|93.4093|93.3959|93.3372|93.8979,936|0|8|1|5|3|3|0|7|0|0|1136|2|4|2|4|1|4|9|2|5|4|887|16|9|7|13|12|14|2|4|5|20|947|0|19|3|15|17|3|7|0|12|1|890|2|15|2|6|59|10|3|5|38|5|767|7|0|24|10|10|3|5|0|2|9|952|0|10|0|5|6|15|6|10|0|0|983|1|19|6|13|5|15|3|20|3|1|906|10|10|3|4|18|20|0|0|20|4|911
1,tanh,leaky_relu,0.5,interleave,12,0.003,10,ce,ok,12.1317,94.84,94.08,94.0775,93.74,93.6479,94.14,7,0.595907|0.296753|0.255531|0.232137|0.215792|0.205041|0.196431|0.188423|0.184233|0.177709,83.0978|91.4667|92.74|93.3622|93.8311|94.1067|94.4622|94.5267|94.6333|94.84,90.38|92.24|92.94|93.26|93.72|94.02|94.14|94.06|93.38|94.08,90.3589|92.2122|92.9223|93.2232|93.692|94.0071|94.1241|94.0702|93.414|94.0775,912|0|4|1|2|6|14|6|17|1|0|1140|3|6|6|1|0|3|4|1|4|3|891|16|10|6|6|9|19|5|0|2|22|934|2|24|0|16|30|3|2|0|8|0|946|1|10|1|3|23|4|4|7|14|5|797|9|2|19|8|0|0|7|0|11|12|955|0|6|0|0|2|16|5|7|2|0|995|1|17|3|11|14|7|6|14|7|2|913|5|3|2|2|9|52|5|0|17|9|891
2,tanh,leaky_relu,0.5,interleave,12,0.003,10,ce,ok,12.3794,94.5111,93.28,93.2645,92.93,92.813,93.42,9,0.55298|0.303075|0.262799|0.239883|0.224291|0.213294|0.206072|0.197062|0.19019|0.186042,83.8756|91.24|92.36|93.1533|93.5178|93.66|93.9822|94.1689|94.38|94.5111,90.34|91.92|92.78|92.58|93.04|93.24|93.34|93.3|93.42|93.28,90.2539|91.8496|92.7326|92.549|92.9995|93.2352|93.3301|93.2761|93.395|93.2645,942|0|4|3|2|3|2|1|5|1|0|1135|6|8|0|2|0|4|9|0|8|3|882|31|9|2|11|9|11|3|2|2|17|980|0|15|0|13|3|1|4|2|8|4|911|2|17|3|6|37|18|0|5|59|4|756|12|3|8|4|7|1|7|0|2|5|966|0|3|0|2|3|16|9|7|0|0|1001|0|7|10|14|28|50|6|16|4|4|846|4|8|2|3|21|25|7|0|45|5|874
3,tanh,leaky_relu,0.5,interleave,12,0.003,10,ce,ok,12.4482,94.6822,93.04,93.0127,92.75,92.6346,93.34,9,0.538654|0.281206|0.242448|0.223249|0.209918|0.200152|0.193119|0.186806|0.18309|0.178013,83.78|91.7667|92.8867|93.3667|93.7111|93.9933|94.2378|94.2111|94.54|94.6822,90.9|92.1|92.52|92.86|93.04|92.54|93.22|93.14|93.34|93.04,90.854|92.0837|92.4603|92.8316|93.029|92.5455|93.1844|93.1133|93.2899|93.0127,929|0|2|0|1|16|6|0|3|6|0|1118|1|5|7|2|2|3|25|1|16|4|815|16|23|6|32|5|40|12|2|2|7|904|2|50|6|15|31|14|3|0|3|1|942|1|12|0|3|29|5|0|0|8|2|820|13|0|13|8|5|0|0|0|6|7|967|0|6|0|8|1|12|7|15|3|0|960|4|35|4|1|1|5|8|34|20|1|893|15|7|1|0|6|29|10|0|8|2|927
4,tanh,leaky_relu,0.5,interleave,12,0.003,10,ce,ok,12.1979,94.4578,93.06,93.0033,93.02,92.9003,94.02,8,0.527494|0.272177|0.236788|0.219345|0.207812|0.200363|0.194195|0.188104|0.185129|0.182324,84.6067|91.8822|92.9489|93.3311|93.7156|93.9689|94.1911|94.3444|94.3978|94.4578,89.8|92.52|92.66|93.38|92.9|93.14|92.88|94.02|94.02|93.06,89.6981|92.4967|92.6463|93.3645|92.8565|93.1347|92.88|93.9913|93.998|93.0033,933|1|8|0|0|7|4|1|6|3|0|1145|3|5|3|0|0|2|5|1|9|9|881|16|7|3|8|16|16|4|4|15|13|950|0|7|2|14|22|6|2|2|17|1|890|3|13|4|4|58|4|3|1|43|6|731|11|0|53|17|2|3|17|0|2|5|953|0|9|0|2|5|12|3|10|2|0|990|3|18|2|23|13|8|3|5|2|7|913|6|5|5|3|14|13|5|0|21|8|916
5,tanh,leaky_relu,0.5,interleave,12,0.003,10,ce,ok,12.179,94.7067,93.88,93.8704,93.34,93.2072,93.88,10,0.546049|0.286586|0.246816|0.2259|0.211523|0.200439|0.193249|0.188878|0.183691|0.177629,84.1244|91.6933|92.8022|93.2756|93.7111|94.0822|94.3111|94.4044|94.5711|94.7067,91.18|92.88|92.86|93.38|93.38|93.46|92.74|93.44|93.72|93.88,91.082|92.83|92.8324|93.3536|93.3665|93.4171|92.7304|93.4024|93.7003|93.8704,941|0|5|1|2|4|5|0|3|2|0|1145|2|3|4|0|0|3|6|1|15|14|870|4|11|2|16|17|16|4|4|8|21|942|0|26|0|12|11|9|5|0|5|0|895|1|15|2|6|65|15|2|5|36|3|756|15|5|14|18|11|2|1|1|2|5|963|0|6|0|3|2|12|3|4|1|0|1001|2|17|4|19|13|3|4|13|9|3|888|26|5|2|2|7|19|1|0|20|1|933
6,tanh,leaky_relu,0.5,interleave,12,0.003,10,ce,ok,12.4075,94.4267,92.96,92.91,92.95,92.837,93.86,9,0.539533|0.2845|0.249165|0.22996|0.21489|0.202955|0.197711|0.190705|0.189182|0.183133,84.4556|91.5733|92.5733|93.1111|93.5933|93.9067|94.1|94.26|94.3511|94.4267,91.08|92.3|92.9|92.9|93.42|93.42|93.54|93.42|93.86|92.96,91.0192|92.2378|92.8597|92.864|93.371|93.4029|93.5233|93.3624|93.8169|92.91,942|0|4|0|2|1|8|0|5|1|0|1110|6|1|2|2|0|5|38|0|24|2|887|6|10|0|19|10|9|2|7|4|31|902|2|39|3|14|21|10|4|0|4|0|925|2|20|1|2|36|15|2|6|10|5|780|20|0|23|8|5|1|3|0|2|4|971|1|4|0|7|5|11|7|11|2|1|979|1|21|16|3|10|6|5|17|11|3|901|10|12|0|0|10|41|12|0|10|7|898
7,tanh,leaky_relu,0.5,interleave,12,0.003,10,ce,ok,11.7405,94.5733,93.74,93.7109,93.58,93.4709,93.8,9,0.574945|0.28802|0.248419|0.227529|0.215622|0.205385|0.197556|0.190258|0.187397|0.181951,83.3044|91.7533|92.7578|93.26|93.6733|93.9489|94.1867|94.3644|94.3556|94.5733,89.72|92.26|92.84|92.76|92.68|93.32|92.82|93.2|93.8|93.74,89.6617|92.2452|92.7616|92.7126|92.6282|93.2796|92.8184|93.1703|93.7768|93.7109,932|0|2|5|1|7|5|1|8|2|0|1148|0|1|4|1|0|4|6|0|11|5|875|13|12|3|19|11|13|7|1|6|8|959|0|21|2|11|20|5|2|1|5|3|905|2|24|1|4|47|8|4|4|37|4|772|8|7|13|12|6|2|6|0|7|11|954|0|5|0|1|3|7|7|9|2|0|996|1|19|2|19|5|17|14|11|4|0|899|11|6|4|1|13|22|2|0|22|2|918
8,tanh,leaky_relu,0.5,interleave,12,0.003,10,ce,ok,11.624,94.2289,93.28,93.257,93.67,93.5727,93.34,8,0.56379|0.297868|0.259072|0.23669|0.226061|0.218027|0.211505|0.205718|0.199204|0.196298,84.0244|91.4533|92.4356|93.0556|93.42|93.6756|93.8289|93.9933|94.1644|94.2289,90.38|91.86|92.32|92.4|92.72|92.16|93.32|93.34|92.98|93.28,90.2858|91.8228|92.2951|92.3461|92.7118|92.1768|93.2743|93.3198|92.9728|93.257,939|0|3|1|2|7|3|2|4|2|0|1127|7|2|3|1|0|5|17|2|4|2|897|9|13|7|9|4|19|5|2|5|16|915|1|41|1|12|33|7|3|0|7|0|948|0|9|1|1|25|6|1|5|20|6|788|14|3|13|13|8|1|7|0|8|12|949|0|6|0|6|1|7|7|9|0|0|984|3|28|2|10|7|10|5|18|5|4|910|11|5|1|1|5|34|3|0|23|8|910
9,tanh,leaky_relu,0.5,interleave,12,0.003,10,ce,ok,11.6613,94.6756,94.6,94.5884,93.68,93.5716,94.6,10,0.607136|0.306242|0.25682|0.234703|0.221599|0.20915|0.197489|0.190084|0.183532|0.178128,82.3978|91.0933|92.5778|93.0844|93.4978|93.7956|94.2111|94.5044|94.6778|94.6756,89.66|92|92.52|93|92.86|93.6|93.7|94.24|93.94|94.6,89.6473|91.985|92.4861|92.9646|92.8525|93.5709|93.6894|94.2085|93.9074|94.5884,934|0|1|3|2|8|1|2|9|3|0|1147|2|1|3|1|0|3|6|1|10|13|897|6|13|2|5|10|13|0|2|5|15|946|1|24|0|13|17|10|4|0|7|1|928|2|9|1|2|40|4|5|2|23|6|781|15|2|24|7|9|2|3|1|14|5|950|0|7|0|5|5|23|6|4|3|0|974|1|24|2|14|9|8|4|30|4|1|897|13|7|1|0|9|33|7|0|13|6|914
10,tanh,leaky_relu,0.5,interleave,12,0.003,10,ce,ok,11.5663,94.4067,93.46,93.439,93.35,93.2459,94.16,9,0.581227|0.299665|0.26227|0.24272|0.22623|0.216874|0.206007|0.199685|0.1953|0.190717,82.6044|91.2044|92.4178|92.8578|93.3556|93.5889|93.9978|94.1533|94.2867|94.4067,89.94|90.38|92.22|92.26|92.74|93.56|93.52|93.6|94.16|93.46,89.8576|90.2544|92.176|92.2111|92.7087|93.5236|93.5062|93.5839|94.1349|93.439,942|1|3|1|1|4|4|0|6|1|0|1135|3|4|5|1|0|2|13|1|8|3|896|11|8|2|13|7|19|2|3|3|17|952|0|21|1|13|16|7|6|0|13|1|880|3|13|1|5|72|8|2|9|21|4|779|10|0|31|5|14|2|5|0|2|13|945|0|10|0|8|5|19|5|8|1|0|968|2|29|5|8|7|19|3|16|6|0|911|7|9|2|1|13|9|8|0|11|10|927
1,tanh,leaky_relu,0.5,interleave,12,0.01,10,ce,ok,11.8499,93.7444,93.28,93.2661,93,92.887,93.3,5,0.46188|0.298094|0.273644|0.253556|0.24303|0.233526|0.226297|0.219625|0.214836|0.213197,86.0511|91.2933|92.0022|92.5467|92.8289|93.2511|93.3867|93.6911|93.7689|93.7444,89.98|90.96|92.24|92.66|93.3|92.84|93.18|92.44|92.66|93.28,89.9621|90.9695|92.2173|92.6697|93.289|92.8189|93.1593|92.4451|92.6617|93.2661,912|0|11|2|1|11|10|4|9|3|0|1117|11|5|5|4|1|5|14|2|2|5|898|10|11|3|17|10|13|0|2|5|49|921|0|15|1|16|19|5|0|1|7|0|946|0|9|1|1|29|2|3|3|60|8|739|11|1|29|13|6|1|2|0|7|4|961|0|10|0|1|2|14|12|4|1|0|991|1|19|2|14|10|5|5|13|6|0|919|8|4|0|0|8|44|3|2|19|14|896
2,tanh,leaky_relu,0.5,interleave,12,0.01,10,ce,ok,11.9209,94.5222,93.84,93.7967,93.57,93.4703,94,7,0.431768|0.280524|0.247587|0.227976|0.219325|0.207758|0.2052|0.203861|0.195873|0.190899,87.3222|91.9089|92.8022|93.4289|93.7067|94.0533|94.0844|94.1578|94.3467|94.5222,90.74|92.12|92.92|92.52|93|93.74|94|93.44|93.74|93.84,90.655|92.0975|92.9443|92.4519|92.9618|93.711|93.9861|93.4092|93.7369|93.7967,950|0|1|1|2|3|1|1|4|0|0|1138|3|1|4|5|1|3|8|1|20|6|885|7|12|1|13|14|7|4|6|8|25|935|1|23|2|22|6|5|4|2|8|0|949|1|7|0|4|19|11|5|5|23|4|785|14|2|11|9|16|3|5|0|18|11|933|0|5|0|13|7|10|2|8|4|1|984|0|16|11|13|11|3|0|15|9|2|909|9|10|1|0|10|52|2|0|23|3|889
3,tanh,leaky_relu,0.5,interleave,12,0.01,10,ce,ok,11.8296,94.0311,93.42,93.3941,93.24,93.1565,93.42,10,0.439121|0.288915|0.262307|0.244197|0.23402|0.22382|0.216108|0.211515|0.207455|0.204199,86.7156|91.4533|92.2511|92.9156|93.1978|93.5244|93.74|93.7467|93.9356|94.0311,91.18|91.74|92.1|93.4|93.08|93.04|93.02|92.28|92.9|93.42,91.1894|91.7572|92.0726|93.3677|93.0436|92.9951|93.0051|92.2685|92.88|93.3941,926|0|2|0|2|8|15|0|9|1|0|1127|3|3|3|5|0|2|18|3|3|4|880|6|18|5|21|13|16|3|1|9|26|907|2|38|6|13|24|7|4|0|5|1|920|0|19|0|3|42|2|3|3|12|5|798|23|1|9|13|2|2|1|0|2|10|966|0|8|0|1|5|8|7|10|6|0|970|2|36|5|10|12|3|8|13|9|1|905|16|3|0|1|7|29|6|1|13|5|925
4,tanh,leaky_relu,0.5,interleave,12,0.01,10,ce,ok,11.7597,94.04,91.98,91.9811,91.86,91.7389,92.88,8,0.437161|0.301119|0.273463|0.257928|0.243451|0.232931|0.223251|0.218156|0.20997|0.206183,86.7511|91.1422|91.8467|92.4844|92.8778|93.1956|93.4756|93.5667|93.8911|94.04,89.78|91.62|92.06|92.68|92.46|91.94|92.64|92.88|92.8|91.98,89.6934|91.591|92.0115|92.6472|92.3878|91.9176|92.5858|92.8526|92.7785|91.9811,925|1|6|2|3|7|7|1|8|3|0|1131|2|8|3|1|1|1|14|3|10|11|828|47|15|3|11|11|30|3|4|4|8|986|0|10|2|5|9|5|1|0|10|0|905|3|13|1|7|54|4|2|5|90|3|713|11|0|27|14|8|7|3|0|2|4|954|0|13|0|5|5|10|49|9|1|0|938|1|27|7|11|7|23|2|22|5|1|894|10|10|2|0|12|35|4|0|11|4|912
5,tanh,leaky_relu,0.5,interleave,12,0.01,10,ce,ok,13.3202,94.1756,91.94,91.9642,91.71,91.5574,93.12,5,0.440294|0.296525|0.265005|0.246154|0.233717|0.226241|0.218781|0.214|0.211902|0.20493,86.74|91.3667|92.2556|92.9511|93.2422|93.3889|93.76|93.8222|93.8333|94.1756,89.94|92.5|92.38|92.56|93.12|91.96|92.08|91.88|92.86|91.94,89.8473|92.4817|92.3559|92.5507|93.1577|91.9142|92.1247|91.8872|92.8693|91.9642,936|0|2|1|4|4|6|1|5|4|0|1141|2|1|5|0|0|4|10|1|10|10|856|5|14|3|6|39|26|0|3|9|17|860|1|34|2|48|15|44|3|1|4|0|953|0|7|4|2|20|4|2|2|15|10|734|24|8|22|48|13|4|2|0|9|7|943|0|13|0|3|4|4|0|9|2|0|1017|2|4|3|20|7|7|11|12|4|14|881|23|10|1|0|2|88|1|1|32|5|850
6,tanh,leaky_relu,0.5,interleave,12,0.01,10,ce,ok,13.6391,94.04,93.06,92.9913,92.83,92.6779,93.68,8,0.436287|0.289142|0.262895|0.245682|0.232275|0.225218|0.21871|0.210562|0.206294|0.202716,86.9622|91.4911|92.3933|92.94|93.1733|93.4089|93.5822|93.9822|93.9756|94.04,92.34|92|92.92|92.54|93.22|93.54|93.2|93.68|92.84|93.06,92.2957|91.9187|92.8825|92.5015|93.1956|93.5331|93.1954|93.6617|92.802|92.9913,953|0|0|0|3|1|1|0|5|0|0|1124|4|4|6|1|1|7|15|2|18|5|862|7|18|5|16|24|14|0|11|5|20|886|1|57|3|24|17|9|4|1|4|0|938|1|6|3|2|35|21|1|7|10|10|756|21|1|35|7|16|1|5|0|12|1|952|0|3|1|6|1|7|6|9|2|0|1000|2|12|17|10|9|5|7|7|8|2|904|13|8|0|0|5|34|4|0|25|6|908
7,tanh,leaky_relu,0.5,interleave,12,0.01,10,ce,ok,13.7418,94.24,93.92,93.8924,93.21,93.0821,93.92,10,0.464361|0.28826|0.253715|0.23901|0.227431|0.22129|0.210564|0.204364|0.200145|0.198544,86.1911|91.56|92.6511|93.0778|93.3756|93.6067|93.8422|94.0622|94.12|94.24,90.28|91.96|91.98|92.48|92.94|92.8|93.7|93.72|93.28|93.92,90.2598|91.9432|91.9114|92.4363|92.8631|92.7611|93.6827|93.6739|93.2214|93.8924,946|0|2|2|2|3|2|1|5|0|0|1139|4|5|3|1|0|1|7|4|14|3|858|19|15|7|23|13|15|2|4|9|13|932|2|27|2|18|14|12|1|0|4|0|903|1|21|3|5|56|15|3|3|28|4|769|12|3|19|13|13|2|5|0|5|6|956|0|4|0|10|1|7|5|7|0|0|990|4|21|6|12|9|8|0|16|7|2|907|15|4|0|1|8|26|5|1|20|4|921
8,tanh,leaky_relu,0.5,interleave,12,0.01,10,ce,ok,13.3692,94.16,92.96,92.912,92.74,92.6182,93.66,5,0.432945|0.282807|0.25879|0.244399|0.233676|0.22731|0.220166|0.214223|0.204679|0.201375,87.2933|91.7622|92.4822|93|93.1711|93.4667|93.6089|93.5889|93.9978|94.16,91.52|92.8|92.42|93.1|93.66|93.26|93.48|93.62|93|92.96,91.3839|92.7135|92.3771|93.0775|93.5973|93.2371|93.4578|93.5842|92.9948|92.912,932|0|3|0|5|5|6|2|9|1|0|1131|2|5|3|2|1|8|11|1|11|6|888|5|23|6|13|6|9|2|7|5|22|939|2|20|3|14|14|7|1|0|3|1|958|0|11|7|0|13|10|2|6|41|10|764|14|4|10|8|14|0|1|1|8|11|953|0|3|0|5|4|19|3|12|3|0|969|0|30|5|15|12|8|11|23|7|5|883|13|5|0|0|14|84|4|0|20|6|857
9,tanh,leaky_relu,0.5,interleave,12,0.01,10,ce,ok,13.6582,93.7933,92.52,92.5097,92.01,91.9113,93.16,6,0.457855|0.286165|0.262233|0.24327|0.237766|0.229162|0.225381|0.220863|0.215012|0.212184,86.2644|91.7356|92.3756|92.8756|92.9178|93.1933|93.3667|93.5333|93.5333|93.7933,90.94|92.3|91.62|92.26|92.2|93.16|93.14|92.92|93|92.52,90.9254|92.2452|91.5399|92.2454|92.135|93.1511|93.0827|92.8673|92.9758|92.5097,916|1|4|2|2|21|5|5|7|0|0|1116|27|3|4|3|0|4|6|1|8|6|891|18|12|4|3|15|12|0|5|7|51|920|0|24|2|16|5|3|5|1|5|0|937|1|10|5|12|18|11|4|6|20|4|804|3|3|11|3|6|2|5|2|5|37|927|0|7|0|9|2|32|3|12|2|0|974|2|9|6|11|27|18|5|32|2|2|873|6|12|2|1|9|59|17|0|38|9|843
10,tanh,leaky_relu,0.5,interleave,12,0.01,10,ce,ok,14.2908,94.0778,93.5,93.4702,93.14,93.0248,93.5,10,0.44963|0.290028|0.260463|0.244122|0.232177|0.223733|0.214527|0.211344|0.205183|0.200817,86.1644|91.6089|92.5333|92.9756|93.3467|93.5267|93.7956|93.86|93.9689|94.0778,91.32|91.66|92.06|92.82|92.9|93.26|93.34|93.2|93.1|93.5,91.2386|91.5842|92.0309|92.7801|92.8473|93.2262|93.3237|93.1666|93.0904|93.4702,928|1|1|2|1|5|2|1|17|5|0|1132|1|5|2|1|1|5|15|2|4|4|903|10|8|2|15|9|14|0|5|4|32|950|0|13|1|9|16|3|5|3|9|2|874|2|16|2|4|77|14|7|6|37|3|756|17|1|17|11|8|1|8|0|3|10|953|0|8|0|9|6|15|4|3|1|0|984|2|21|6|9|17|12|3|13|6|2|905|9|6|1|2|2|20|2|0|15|13|929
1,tanh,leaky_relu,0.5,interleave,12,0.03,10,ce,ok,14.0235,92.2244,91.7,91.6842,91.78,91.6699,92.36,6,0.498314|0.357179|0.327494|0.311963|0.29392|0.29553|0.281282|0.275733|0.273963|0.265814,84.9378|89.8289|90.7289|91.1378|91.6222|91.6333|91.8089|92.0867|92.0778|92.2244,89.6|90.38|90.88|91.04|90.44|92.36|91.1|90.16|91.24|91.7,89.6173|90.3424|90.8143|91.0747|90.4598|92.3367|91.0351|90.1667|91.2449|91.6842,904|0|9|1|1|9|26|0|11|2|0|1130|8|1|5|2|0|2|15|1|5|6|878|2|10|4|24|9|26|5|4|5|49|889|1|21|6|14|41|3|3|5|6|0|899|4|11|6|12|48|6|2|7|31|3|762|16|4|27|11|3|1|5|0|5|8|961|0|8|0|9|7|28|2|11|5|0|958|3|22|3|11|22|4|6|14|12|0|896|14|5|1|2|8|20|7|1|22|23|901
2,tanh,leaky_relu,0.5,interleave,12,0.03,10,ce,ok,14.3769,92.7711,92.14,92.1178,91.67,91.5402,92.7,9,0.471803|0.366015|0.326539|0.311288|0.301267|0.2898|0.282109|0.268615|0.271069|0.256577,86.2089|89.6044|90.7578|91.1222|91.4889|91.8289|92.0778|92.4311|92.2956|92.7711,89.64|89.6|90.34|89.66|90.58|91.44|92.48|90.88|92.7|92.14,89.5751|89.6061|90.315|89.5207|90.5351|91.4462|92.4742|90.8507|92.634|92.1178,931|0|2|1|4|7|4|0|12|2|0|1143|2|0|4|1|1|6|5|2|15|14|810|39|21|7|15|16|26|6|2|29|9|896|1|37|3|28|18|10|3|0|3|0|947|3|11|1|0|26|16|6|4|21|4|778|12|1|12|15|13|4|7|0|6|10|939|0|12|0|12|6|12|5|12|5|1|973|1|18|5|58|3|10|3|29|7|0|850|17|8|2|0|8|42|10|0|17|3|900
3,tanh,leaky_relu,0.5,interleave,12,0.03,10,ce,ok,14.2509,92.5,91.96,91.9323,91.35,91.2377,91.96,10,0.484032|0.360409|0.334499|0.309799|0.291733|0.283346|0.279488|0.282148|0.271479|0.263254,85.6511|89.6844|90.4667|91.2689|91.6667|91.9267|92.0378|91.8956|92.1422|92.5,89.88|90.42|90.14|91.3|90.14|91.48|90.88|91.9|91.34|91.96,89.8341|90.3779|90.0631|91.2475|90.1584|91.3918|90.7894|91.9003|91.2541|91.9323,926|0|5|3|3|7|13|2|4|0|0|1113|6|2|4|4|8|2|23|2|8|2|863|14|9|4|29|18|19|3|7|4|20|903|3|24|6|13|41|12|4|2|8|0|877|0|20|1|3|79|9|4|2|25|6|762|23|5|23|10|11|1|2|0|1|11|961|0|4|0|2|2|18|3|12|0|1|953|3|51|6|8|18|12|4|32|13|4|855|30|9|2|0|10|23|3|1|10|10|922
4,tanh,leaky_relu,0.5,interleave,12,0.03,10,ce,ok,14.2218,92.4356,92.76,92.7122,92.65,92.5179,92.76,10,0.472156|0.346312|0.319746|0.302348|0.303443|0.286885|0.280276|0.266512|0.266567|0.268477,85.9933|90.1556|91.0289|91.4711|91.56|91.9822|91.9467|92.4911|92.4222|92.4356,89.24|89.02|91.56|91.74|90.04|91.92|91.62|92.22|91.8|92.76,89.1166|89.0589|91.4983|91.6639|89.7827|91.9183|91.5673|92.1479|91.7913|92.7122,932|0|10|6|0|2|2|1|9|1|0|1131|3|4|5|4|1|1|13|2|12|10|867|15|16|5|12|10|19|3|3|12|18|923|1|17|3|14|35|7|4|0|12|0|900|0|15|1|7|55|5|4|12|33|9|740|14|5|40|7|12|2|7|0|0|11|945|0|14|0|5|4|5|7|15|4|0|986|2|17|8|7|8|10|2|8|5|0|926|8|9|0|0|11|23|4|0|19|9|915
5,tanh,leaky_relu,0.5,interleave,12,0.03,10,ce,ok,14.5453,92.1511,91.46,91.4389,90.86,90.7121,91.74,3,0.484692|0.362692|0.335681|0.318957|0.303263|0.296865|0.296227|0.280368|0.280245|0.270866,85.5333|89.6511|90.5511|90.9444|91.4356|91.58|91.4356|92.1578|92.0778|92.1511,89.96|90.34|91.74|91.62|91.66|91.44|91.4|90.52|91.44|91.46,89.8581|90.3114|91.7087|91.6067|91.6457|91.4302|91.3858|90.4899|91.4385|91.4389,926|0|2|1|3|7|4|1|17|2|0|1129|2|0|4|1|0|3|23|2|11|6|816|37|13|7|24|28|25|2|1|11|13|933|1|18|1|29|17|9|4|3|4|0|896|7|14|2|4|60|10|7|2|64|6|721|15|3|30|11|17|12|1|0|5|19|929|0|8|0|4|9|9|4|6|2|0|941|6|64|6|14|6|13|5|26|7|5|870|30|8|6|0|5|19|5|0|16|6|925
6,tanh,leaky_relu,0.5,interleave,12,0.03,10,ce,ok,14.4294,92.3089,91.92,91.8753,91.29,91.1231,92.72,8,0.47368|0.363756|0.338303|0.329649|0.314803|0.294126|0.286644|0.27871|0.278049|0.271823,85.9067|89.5956|90.3|90.6133|90.9778|91.7|91.9333|92.0311|92.0044|92.3089,90.8|90.16|90.18|90.72|91.22|91.34|91.54|92.72|91.3|91.92,90.7426|90.0891|90.1761|90.6871|91.2143|91.3136|91.5553|92.6797|91.2384|91.8753,932|0|3|1|1|2|18|0|6|0|0|1118|3|2|2|7|0|7|25|0|16|4|857|12|20|5|20|6|28|1|6|5|33|854|2|63|10|17|31|12|5|1|6|1|925|0|11|0|12|33|16|3|3|5|15|759|34|8|19|7|5|2|22|0|7|10|941|0|4|0|11|2|14|7|17|5|0|973|5|11|10|6|7|5|6|22|13|3|895|15|8|3|5|5|53|9|0|16|16|875
7,tanh,leaky_relu,0.5,interleave,12,0.03,10,ce,ok,14.2774,92.2289,91.76,91.692,90.98,90.7933,91.84,8,0.521637|0.392664|0.351249|0.336527|0.317742|0.306811|0.305296|0.280644|0.27281|0.276352,84.3489|88.7333|90.0444|90.3333|91.0844|91.3178|91.4556|92.0444|92.3022|92.2289,87.42|89.54|90.18|89.2|88.06|89.76|91.46|91.84|90.56|91.76,87.3118|89.551|90.1077|89.1655|88.0936|89.6574|91.4525|91.7557|90.4729|91.692,925|0|5|0|3|4|12|1|10|3|1|1128|2|0|6|2|1|4|16|4|21|5|861|5|24|3|23|3|20|4|9|5|37|793|3|61|5|19|52|49|3|0|1|0|944|1|10|2|4|29|17|4|4|7|1|758|38|1|21|18|6|4|5|0|11|5|952|0|8|0|5|3|23|5|13|0|2|954|4|36|12|6|12|1|5|20|6|0|903|17|8|3|1|1|57|7|0|23|10|880
8,tanh,leaky_relu,0.5,interleave,12,0.03,10,ce,ok,14.1747,91.94,91.98,91.9386,91.72,91.6118,92.24,7,0.499699|0.381463|0.348499|0.320342|0.310267|0.294897|0.28627|0.277807|0.276818|0.278129,85.1244|89.1556|89.8244|90.7867|91.1378|91.52|91.7511|91.98|92.0556|91.94,88.9|91.02|91|90.3|91.2|91.18|92.24|92.22|90.46|91.98,88.8435|90.9508|90.9951|90.3297|91.1463|91.1966|92.1992|92.1948|90.5348|91.9386,931|0|4|1|2|7|6|1|10|1|0|1102|2|19|4|5|1|3|26|2|18|3|824|22|22|3|31|8|33|5|9|2|17|934|2|33|2|11|19|4|4|1|1|2|928|0|12|3|5|38|10|2|1|27|11|776|15|0|20|7|8|1|2|1|5|14|953|0|6|1|5|1|19|10|12|2|1|953|3|39|12|4|4|34|3|17|5|2|892|9|12|2|0|8|53|7|1|18|10|879
9,tanh,leaky_relu,0.5,interleave,12,0.03,10,ce,ok,14.1507,91.9489,91.6,91.5482,91.58,91.4319,91.6,10,0.482599|0.353613|0.335711|0.327583|0.323314|0.310448|0.299317|0.283832|0.283817|0.283313,85.7978|89.9933|90.4622|90.7489|91.1067|91.2489|91.4889|92.1111|91.8156|91.9489,90.48|90.88|89.26|90.86|90.1|91.28|90.64|91.12|91.16|91.6,90.423|90.8701|89.2137|90.766|90.0493|91.2179|90.6002|91.1053|91.0921|91.5482,946|0|0|1|3|4|3|1|5|0|0|1128|3|4|3|6|1|3|11|5|13|9|853|10|21|6|23|11|20|3|8|7|28|906|3|30|3|12|29|7|7|1|4|0|931|1|10|1|5|34|21|5|0|22|9|751|24|9|16|12|12|1|2|0|13|10|948|0|5|0|6|2|13|33|20|6|0|925|4|36|12|12|5|13|4|27|9|0|885|15|11|0|0|11|48|6|0|21|8|885
10,tanh,leaky_relu,0.5,interleave,12,0.03,10,ce,ok,14.0162,92.4356,91.14,91.0469,91.19,91.0149,92.72,9,0.512943|0.38725|0.336215|0.311504|0.303312|0.287253|0.273343|0.272715|0.259026|0.264922,84.5289|88.9467|90.5|91.0356|91.2378|91.8622|92.2422|92.2267|92.5067|92.4356,89.08|89.84|90.88|90.4|91.04|91.54|92.22|92.1|92.72|91.14,89.0112|89.6669|90.7834|90.3406|90.9296|91.4428|92.1752|92.0788|92.6798|91.0469,920|0|11|6|1|6|4|1|13|1|0|1143|6|3|3|1|0|2|6|0|7|8|892|10|13|11|4|8|15|1|0|4|37|936|1|15|1|23|13|3|7|3|10|1|875|0|15|2|8|73|6|8|8|89|8|714|15|4|10|7|13|8|17|1|26|16|900|0|10|0|7|10|20|2|7|2|0|974|0|23|10|23|26|15|2|19|10|0|864|13|14|3|1|13|21|7|1|22|7|901
1,tanh,leaky_relu,0.5,interleave,12,0.1,10,ce,ok,12.4684,77.7689,77.38,76.6386,77.7,77.041,78.9,8,9.64336|12.3357|8.48579|7.58932|7.03056|6.70881|6.14882|5.99041|6.02725|6.14268,44.2222|55.3556|69.2889|72.5333|74.5556|75.72|77.7467|78.32|78.1867|77.7689,25.48|67.76|69.76|69.2|65.94|76.84|73.92|78.9|78.52|77.38,16.9768|64.969|68.6602|68.3137|62.0512|75.2015|72.2837|78.93|78.5064|76.6386,923|0|13|2|0|15|1|1|8|0|0|1062|4|3|13|1|0|2|79|0|18|3|864|9|8|8|13|7|37|2|15|23|290|580|3|55|0|8|54|5|4|10|22|3|782|0|146|3|7|17|51|6|34|27|19|673|6|3|47|3|60|0|218|0|6|23|623|0|61|0|16|10|21|15|15|1|0|941|8|18|4|30|27|14|9|54|8|0|833|3|11|22|3|15|76|21|47|206|100|489
2,tanh,leaky_relu,0.5,interleave,12,0.1,10,ce,ok,12.1334,76.7133,78.58,78.3559,78.75,78.464,78.58,10,10.3764|10.5182|8.04001|7.076|7.05082|7.67099|7.24301|7.45608|6.70881|6.43434,43.9422|61.9333|70.9022|74.3911|74.4822|72.2378|73.7867|73.0156|75.72|76.7133,42.72|57.72|74.26|78.48|73.76|73.22|70.44|68.38|76.62|78.58,33.6966|53.4809|72.8441|77.5534|72.9416|72.2414|70.0032|64.2954|75.4715|78.3559,840|0|6|2|44|23|0|25|20|3|0|1098|2|1|15|3|0|11|32|2|15|11|797|13|23|2|15|12|75|6|1|23|74|712|5|34|4|15|156|9|3|1|28|3|918|0|1|8|0|32|31|3|13|40|49|637|7|8|78|3|22|3|12|0|289|10|604|0|48|3|8|18|15|7|43|0|0|935|4|15|12|12|24|5|19|40|2|8|800|60|9|7|3|20|203|6|0|201|7|534
3,tanh,leaky_relu,0.5,interleave,12,0.1,10,ce,ok,11.8946,74.7022,81.96,81.974,81.93,81.9356,81.96,10,6.09833|15.1111|8.94447|7.5009|7.48248|7.04898|7.41862|7.10363|7.26573|6.99003,53.5867|45.3111|67.6289|72.8533|72.92|74.4889|73.1511|74.2911|73.7044|74.7022,19.3|58.38|67.96|73.68|75.88|80.62|74.84|80.82|70.34|81.96,12.9413|54.8545|66.9438|73.611|75.7887|80.4418|74.506|80.6093|69.7024|81.974,830|0|66|2|4|24|9|19|7|2|0|832|3|3|5|2|0|8|308|3|19|5|731|107|13|2|44|6|35|7|9|2|23|880|6|51|8|17|31|6|0|2|6|0|856|0|64|0|5|61|17|21|27|78|12|606|61|7|35|5|9|0|55|0|8|3|893|0|22|1|2|7|18|9|27|4|1|914|11|52|16|1|4|34|9|42|41|1|806|28|9|2|2|11|47|12|5|31|26|845
4,tanh,leaky_relu,0.5,interleave,12,0.1,10,ce,ok,11.7183,78.1222,77.48,77.1799,78.04,77.6138,81.84,9,1.8896|12.1836|9.20481|7.31178|6.90714|7.1988|6.71495|6.24093|6.21084|6.04505,56.8822|44.2356|66.6867|73.5378|75.0022|73.9467|75.6978|77.4133|77.5222|78.1222,37.02|61.72|71.24|79.66|63.04|76.12|81.6|78.1|81.84|77.48,28.201|57.4799|71.1401|79.8518|62.8455|76.1049|80.4514|77.5777|80.6744|77.1799,852|0|19|67|0|2|6|0|16|1|0|958|11|26|1|14|5|0|149|0|9|9|744|90|7|1|18|6|74|11|1|2|58|919|0|9|2|9|31|2|12|1|20|3|477|9|45|3|7|417|50|1|63|163|1|505|48|1|30|7|24|2|37|0|7|5|907|0|8|1|26|8|0|19|12|3|0|880|39|58|5|5|45|92|0|53|17|0|752|13|16|1|1|27|6|7|0|29|93|810
5,tanh,leaky_relu,0.5,interleave,12,0.1,10,ce,ok,11.4525,76.2289,77.5,76.7793,78.06,77.1423,78.4,9,7.98559|21.2157|11.7137|7.97493|7.68572|7.53222|6.92679|6.44048|6.55469|6.5682,48.4356|23.2178|57.6067|71.1378|72.1844|72.74|74.9311|76.6911|76.2778|76.2289,19.16|51.44|62.66|60.86|70.7|69.22|75.8|77.96|78.4|77.5,12.0743|45.9902|61.6208|57.2892|69.2105|66.2913|73.7924|77.4099|77.5001|76.7793,854|0|6|5|1|78|0|3|16|0|0|1055|8|42|2|1|8|10|38|0|8|29|754|20|4|30|48|38|36|2|0|8|21|846|1|105|2|12|34|4|1|1|4|11|633|7|273|26|33|5|16|4|3|46|1|734|26|5|31|3|4|1|23|1|0|59|893|1|9|0|16|5|3|19|17|1|1|974|4|5|3|21|19|44|0|188|10|0|681|16|8|2|0|64|194|5|4|142|189|382
6,tanh,leaky_relu,0.5,interleave,12,0.1,10,ce,ok,11.0848,74.2067,64.58,60.6199,64.52,59.9822,81.96,8,9.52362|11.5854|8.04185|7.23749|6.85863|7.32529|7.18898|7.43459|7.12573|7.12696,44.3533|58.0711|70.8956|73.8067|75.1778|73.4889|73.9822|73.0933|74.2111|74.2067,57.16|78.08|80.04|72.24|65.14|74|67.66|81.96|73.86|64.58,53.321|78.1285|79.8863|70.0545|60.9722|73.4254|68.085|82.1374|72.6796|60.6199,945|0|9|0|0|0|3|1|4|1|2|1052|54|0|7|1|0|13|20|15|168|16|666|0|20|64|16|7|10|2|92|18|19|10|9|320|0|10|535|20|13|1|10|2|926|1|18|0|5|18|192|5|19|3|24|32|28|1|559|6|35|1|121|0|19|3|793|0|19|0|55|21|10|1|24|2|0|857|3|72|70|18|235|3|14|2|7|0|617|16|37|3|3|0|109|0|2|43|239|554
7,tanh,leaky_relu,0.5,interleave,12,0.1,10,ce,ok,11.1022,76.7067,73.04,71.6794,73.71,72.0785,79.7,3,10.3784|10.3045|7.65441|6.96916|6.32996|6.23172|6.26672|6.28943|6.19795|6.43619,43.1067|62.7067|72.2978|74.7778|77.0911|77.4467|77.32|77.2378|77.5689|76.7067,38.5|75.4|79.7|78.46|71.22|78.1|78.94|79.42|74.66|73.04,32.92|75.4443|79.016|78.3048|69.8032|77.2453|78.5104|78.9147|72.3657|71.6794,936|0|1|4|1|4|2|1|11|3|1|1114|13|2|1|4|11|7|10|1|175|37|580|45|3|2|61|5|58|3|13|13|106|562|2|31|11|27|225|43|17|14|49|1|329|0|214|7|43|320|42|8|1|69|2|602|60|8|68|9|41|3|5|1|1|2|934|0|4|0|22|20|9|3|3|1|4|953|1|29|38|88|11|16|4|31|28|3|760|3|24|33|8|6|6|4|2|261|45|601
8,tanh,leaky_relu,0.5,interleave,12,0.1,10,ce,ok,10.524,77.2244,72.24,69.3579,72.42,69.4206,81.28,5,3.90055|14.5787|7.08337|6.61671|6.56574|6.79662|6.51969|6.64618|6.36557|6.29312,57.4778|47.2378|74.3644|76.0533|76.2378|75.4022|76.4044|75.9467|76.9622|77.2244,10.5|69.44|74.02|70.26|81.28|65.68|72.36|77.76|74.68|72.24,6.17562|68.6935|72.9312|69.0066|81.3051|64.2526|69.9575|76.9467|71.6593|69.3579,947|0|2|0|1|2|2|1|7|1|0|944|8|1|4|10|3|109|85|0|38|10|763|20|26|6|14|12|75|5|19|3|18|35|3|780|2|50|119|4|9|0|5|0|934|1|6|3|15|21|178|4|9|3|32|550|61|9|20|3|52|4|106|0|99|1|726|0|2|1|36|2|2|1|27|2|0|929|12|34|37|17|38|1|9|73|8|5|778|16|28|2|0|0|163|22|0|119|20|636
2,tanh,leaky_relu,0.5,interleave,12,0.3,10,ce,ok,12.153,74.0022,75.7,75.351,76.19,75.7714,79.6,6,22.2906|21.2231|10.555|8.18615|8.26352|7.81958|7.6366|7.32406|7.10854|7.18345,19.0111|23.1911|61.8|70.3733|70.0933|71.7|72.3622|73.4933|74.2733|74.0022,18.82|42.62|73.72|74.28|62.88|79.6|69.7|73.84|77.76|75.7,10.8673|36.7739|73.235|72.3965|60.4643|79.2948|68.1598|72.9336|74.9111|75.351,903|1|1|1|0|45|2|1|9|0|1|1009|3|1|3|6|2|124|12|3|63|32|693|79|11|4|19|11|43|14|25|7|6|600|0|234|3|130|8|20|11|2|30|2|776|2|123|7|0|41|29|24|7|16|6|740|3|6|27|11|28|16|46|13|29|61|747|0|9|42|20|22|3|2|13|2|26|940|3|14|42|78|77|18|5|108|3|3|602|46|15|12|12|6|81|19|4|226|6|609
10,tanh,leaky_relu,0.5,interleave,12,0.1,10,ce,ok,12.2295,78.5956,76.08,72.3421,76.85,72.6813,82.14,8,11.0742|11.7407|8.3415|7.39222|6.59092|6.28329|6.03093|5.83813|5.80436|5.91427,41.2222|57.5089|69.8111|73.2467|76.1467|77.26|78.1733|78.8711|78.9933|78.5956,27.12|67.94|78.24|69.42|77.1|76.5|76.78|82.14|80.42|76.08,21.4751|65.7918|77.7822|66.9557|75.5768|75.6035|76.194|81.7505|80.1443|72.3421,895|1|10|4|1|0|13|4|31|4|0|1111|0|47|0|0|0|2|1|3|4|42|622|232|6|0|21|5|29|8|4|5|12|982|0|0|2|5|10|13|1|25|6|9|692|0|50|5|34|172|16|8|6|359|4|1|80|2|366|27|3|73|14|8|1|0|875|1|16|0|13|9|10|19|15|0|0|925|1|53|3|105|8|109|2|0|6|0|720|29|7|16|1|20|14|0|0|50|20|862
1,tanh,leaky_relu,0.5,interleave,12,0.3,10,ce,ok,12.408,76.4489,75.82,75.6456,75.55,75.7607,81.34,6,18.1527|7.80668|6.81811|5.96707|6.18505|6.24952|6.3447|6.55162|6.38706|6.50741,33.76|71.7467|75.3244|78.4044|77.6156|77.3822|77.0378|76.2889|76.8844|76.4489,57.84|71.78|81|79.28|73.08|81.34|67.08|71.02|70.54|75.82,53.9161|70.5778|80.7079|79.0549|69.3059|80.9932|65.3932|70.7616|67.5887|75.6456,871|0|11|0|0|6|23|10|39|3|1|434|87|1|5|5|6|3|620|2|12|1|792|30|6|2|49|9|64|4|7|4|65|602|1|166|5|14|142|27|8|0|35|1|811|0|39|46|15|39|40|1|3|12|6|622|38|7|134|6|20|0|31|1|4|6|906|8|14|1|25|4|33|1|20|0|1|848|7|106|3|0|23|13|1|23|22|1|878|18|21|0|9|0|79|6|2|34|48|791
9,tanh,leaky_relu,0.5,interleave,12,0.1,10,ce,ok,12.4286,77.8911,84.42,84.1258,84.26,83.8259,84.42,10,11.4533|8.82412|7.01828|6.65846|6.34163|5.98242|6.05979|6.18628|6.16112|6.10891,48.14|68.0644|74.6|75.9022|77.0489|78.3489|78.0689|77.6111|77.7|77.8911,65.84|73.46|81.4|68.42|78.96|81.78|80.66|83.56|81.7|84.42,65.8911|73.411|81.2454|66.4437|78.4688|81.5102|80.3528|83.4798|81.5684|84.1258,904|0|7|0|3|15|11|2|21|0|0|1138|8|2|4|0|2|3|4|3|14|27|819|3|26|4|26|9|40|1|10|73|44|648|3|37|4|34|159|21|3|2|4|0|918|0|30|0|1|36|21|21|13|57|18|649|44|9|27|10|11|5|34|0|14|8|918|0|1|0|10|15|9|5|21|2|1|936|10|36|6|68|31|1|19|46|36|3|756|16|8|5|1|6|105|10|0|106|9|740
3,tanh,leaky_relu,0.5,interleave,12,0.3,10,ce,ok,12.4619,79.2178,75.14,72.9176,74.16,71.5094,84.14,9,21.4075|13.7627|7.8423|7.50766|6.81995|6.8267|6.28882|6.07084|5.96891|5.74234,21.6333|50.1911|71.6178|72.8289|75.3178|75.2933|77.24|78.0289|78.3978|79.2178,27.64|66.06|73.38|75.48|77.9|78.06|77.18|75.36|84.14|75.14,22.2206|62.7893|73.5141|75.0883|77.2954|77.0532|77.0004|74.9561|84.3027|72.9176,942|0|14|2|1|1|0|1|1|1|1|935|3|19|0|5|51|7|120|23|34|3|736|36|0|0|137|2|15|6|19|0|37|921|0|7|4|12|14|19|10|0|6|1|175|5|258|0|6|533|226|0|5|208|0|334|31|1|54|10|66|0|9|1|0|8|906|0|1|0|32|1|20|6|1|1|1|876|2|105|33|1|50|96|0|39|42|0|707|14|27|0|2|21|3|2|5|15|31|884
5,tanh,leaky_relu,0.5,interleave,12,0.3,10,ce,ok,12.497,73.5422,66.5,66.501,66.2,66.113,80.02,3,17.1681|8.67553|7.68449|7.27003|8.24571|7.63784|7.38301|7.38608|7.75879|7.31055,37.1978|68.6022|72.1889|73.6889|70.1578|72.3556|73.28|73.2689|71.92|73.5422,49.14|69.52|80.02|72.56|69.26|71.46|79.1|75.08|68.94|66.5,44.9043|67.7377|79.9127|71.404|67.6386|70.577|78.4162|73.3204|65.0827|66.501,910|0|13|1|0|5|0|12|22|0|0|416|5|0|1|133|1|317|282|9|12|1|646|5|4|11|30|29|228|3|1|1|55|528|0|68|11|192|161|16|7|1|9|1|572|14|239|98|18|35|29|0|9|14|6|488|6|68|234|15|22|2|175|0|1|196|572|3|20|0|37|1|3|12|3|1|6|936|12|34|4|1|4|6|9|35|0|8|877|38|13|0|1|20|96|4|1|161|19|675
4,tanh,leaky_relu,0.5,interleave,12,0.3,10,ce,ok,12.5504,75.9578,76.26,75.966,75.95,75.3978,86.32,4,13.2602|7.07538|6.19917|5.88295|5.88111|5.93269|5.70611|5.93699|6.5418|6.64311,51.0578|74.3933|77.5644|78.7089|78.7156|78.5289|79.3489|78.5133|76.3244|75.9578,59.58|77.88|66.72|86.32|75.92|80.68|82.46|83.02|79.74|76.26,55.8563|77.8515|65.5095|86.2083|76.1504|80.4536|81.8585|83.0184|78.9504|75.966,829|0|9|8|2|27|39|26|18|5|0|1128|2|6|4|1|0|1|20|2|7|27|786|28|9|5|42|18|41|6|0|14|45|874|1|15|7|8|34|35|4|7|6|2|456|1|21|91|6|400|12|19|10|140|4|491|81|3|70|39|8|11|8|0|3|3|839|112|6|1|6|30|16|136|5|13|1|530|3|305|2|65|9|28|12|23|9|0|748|86|8|9|2|25|15|1|1|9|6|914
6,tanh,leaky_relu,0.5,interleave,12,0.3,10,ce,ok,12.6148,79.3933,72.04,69.4662,72.76,69.5155,82.04,7,15.4245|7.45178|6.43005|6.11751|6.13531|5.95356|5.76997|5.80129|6.02049|5.69383,42.8956|73.0311|76.7289|77.86|77.7956|78.4533|79.1178|79.0044|78.2111|79.3933,62.5|67.18|80.02|70.42|71.72|77.7|82.04|79.92|77.14|72.04,60.7507|63.3759|78.7614|70.2263|69.4572|77.454|81.9704|80.1549|77.2776|69.4662,893|3|5|1|1|0|37|7|15|1|0|1062|3|0|2|1|1|76|15|4|36|45|557|17|22|211|21|24|30|6|22|343|1|548|2|61|2|26|18|10|0|3|3|0|907|1|35|2|11|32|78|166|7|7|10|4|208|10|358|21|16|9|30|0|12|24|894|0|6|0|2|16|1|1|20|2|15|967|1|20|10|163|3|4|2|1|43|11|698|47|4|21|0|1|95|0|11|98|14|746
7,tanh,leaky_relu,0.5,interleave,12,0.3,10,ce,ok,7.64297,78.4711,75.46,73.9225,74.16,72.3585,81.4,6,17.6366|8.93035|7.35476|7.38362|7.07538|6.90284|6.33426|6.30479|6.14391|5.94865,35.6578|67.68|73.3822|73.2778|74.3933|75.0178|77.0756|77.1822|77.7644|78.4711,49.12|72.28|79.12|75.96|65.56|81.4|81.02|79.18|81.14|75.46,47.8267|70.7684|78.5417|75.6672|59.7658|81.0614|80.2608|76.724|80.8323|73.9225,900|2|16|0|1|35|1|1|6|1|0|1150|1|1|4|7|0|0|0|1|10|47|807|6|11|35|42|4|3|4|1|259|37|296|1|384|3|12|35|5|2|26|5|0|731|1|47|3|21|158|16|23|5|2|12|792|10|2|2|5|25|51|11|0|7|34|863|0|0|0|11|64|18|1|13|1|4|900|0|33|2|91|127|0|9|491|4|1|240|17|7|111|3|2|35|25|2|55|13|737
8,tanh,leaky_relu,0.5,interleave,12,0.3,10,ce,ok,7.64528,77.9378,70.6,70.1249,70.57,70.0485,83.04,7,16.3286|7.80116|6.71127|6.54057|6.63697|6.41654|6.7782|6.39075|6.24645|6.09602,40.5644|71.7667|75.7111|76.3289|75.98|76.7778|75.4689|76.8711|77.3933|77.9378,68.1|74.5|81.86|71.2|74.16|72.74|83.04|68.24|81.68|70.6,67.0871|74.0155|81.5941|69.4819|71.2905|72.7552|82.9294|64.0771|81.8185|70.1249,926|0|2|1|4|16|2|0|11|1|0|811|100|140|9|38|58|1|1|6|56|1|743|7|45|13|57|6|38|3|13|8|26|477|6|376|0|12|93|22|21|0|2|5|943|1|16|0|0|6|54|0|6|6|33|754|5|3|3|5|142|0|10|0|136|51|651|0|1|0|33|2|10|39|32|5|19|800|1|104|6|25|64|8|66|356|5|1|420|31|7|0|1|11|359|23|31|21|5|532
9,tanh,leaky_relu,0.5,interleave,12,0.3,10,ce,ok,7.51135,77.1422,77.88,77.0623,78.03,76.9252,83.26,6,21.1451|12.7901|9.16736|7.43213|6.831|6.96118|6.46504|6.2618|6.45829|6.31584,23.1778|53.7111|66.8222|73.1022|75.2778|74.8067|76.6022|77.3378|76.6267|77.1422,28.84|60.32|71.42|77.52|70.9|83.26|74.52|77.14|76.38|77.88,23.1688|59.1185|67.7665|76.8817|69.8641|83.276|73.8109|76.6288|75.7251|77.0623,930|0|5|2|0|0|9|0|15|2|0|1104|9|2|0|7|5|1|32|4|21|7|781|38|17|7|43|3|46|6|13|8|44|661|6|30|7|10|214|40|8|10|4|1|473|1|33|0|30|434|107|8|5|21|3|370|37|2|285|31|17|4|9|0|22|10|925|0|4|0|37|18|71|0|11|1|2|868|0|37|13|33|26|11|0|29|25|0|832|13|14|17|1|3|3|0|1|42|50|859
10,tanh,leaky_relu,0.5,interleave,12,0.3,10,ce,ok,7.53576,77.5622,74.22,70.5203,74.84,70.87,82.4,9,17.5972|8.72158|7.63169|7.12266|6.84021|6.39996|5.90444|6.07514|6.0119|6.19979,35.0711|68.4356|72.38|74.2222|75.2444|76.8378|78.6311|78.0133|78.2422|77.5622,59.38|78.64|73.76|77.56|69.94|76.78|76.94|81.7|82.4|74.22,56.0508|78.7312|73.2027|77.3309|69.7091|75.7087|75.4365|81.6121|82.344|70.5203,921|0|9|5|2|0|6|0|20|0|0|937|99|21|1|0|0|0|83|23|23|2|790|74|10|0|20|4|40|6|5|5|12|953|0|0|7|3|34|14|16|15|27|0|697|0|12|1|19|207|50|9|8|157|8|9|41|4|568|15|16|2|336|0|7|0|537|0|93|0|28|6|26|25|13|0|0|884|5|58|13|12|22|33|4|0|4|0|877|17|14|1|5|14|7|0|0|48|22|879
