seed,act1,act2,ratio,layout,hidden,lr,epochs,loss,status,seconds,train_acc,val_acc,val_f1,test_acc,test_f1,best_val_acc,best_val_epoch,epoch_loss,epoch_train_acc,epoch_val_acc,epoch_val_f1,test_confusion
1,relu,relu,0,interleave,12,0.003,10,ce,ok,40.2299,94.9067,93.22,93.176,93.42,93.296,94.16,9,0.548755|0.28183|0.238327|0.215569|0.203469|0.193417|0.185667|0.180014|0.173317|0.170625,83.1111|91.7689|93.0489|93.6267|93.9889|94.3044|94.4889|94.6356|94.7911|94.9067,90.34|92.96|93.54|93.84|94.04|93.98|92.66|93.96|94.16|93.22,90.2913|92.925|93.5313|93.8381|94.0166|93.9555|92.6624|93.9636|94.1563|93.176,930|0|7|1|1|0|13|0|11|0|0|1141|6|1|4|0|0|2|10|0|8|2|889|8|7|2|15|7|24|7|0|11|24|939|1|10|0|8|34|6|1|1|13|0|945|0|9|4|2|19|0|8|10|38|6|717|16|2|54|18|3|3|3|1|5|1|966|0|9|0|2|2|23|5|17|0|0|976|2|18|2|9|18|7|5|0|5|0|923|13|4|3|0|8|31|1|0|15|12|916
4,relu,relu,0,interleave,12,0.003,10,ce,ok,43.1288,94.5444,94.28,94.2628,94.25,94.1647,94.72,9,0.538817|0.288672|0.244123|0.223276|0.212395|0.204049|0.197105|0.189645|0.185765|0.183335,83.62|91.4289|92.8978|93.4244|93.6978|93.9533|94.1578|94.3844|94.4822|94.5444,88.9|92.24|92.88|93.66|93.74|92.9|93.08|93.96|94.72|94.28,88.6795|92.2186|92.8575|93.6161|93.6975|92.8904|93.0797|93.9184|94.6998|94.2628,944|0|0|0|1|4|4|2|8|0|0|1145|2|2|3|0|0|2|8|2|10|19|869|15|10|3|8|14|20|1|3|7|8|956|2|29|2|13|9|4|2|0|12|0|924|1|9|1|4|41|4|4|6|20|2|797|11|3|18|4|2|2|1|0|1|6|970|0|9|0|0|3|3|11|7|0|2|1011|0|8|8|22|3|13|4|11|10|6|891|14|3|2|2|14|20|8|1|18|4|918
6,relu,relu,0,interleave,12,0.003,10,ce,ok,43.7132,94.8844,93.92,93.8734,93.45,93.3392,94.54,9,0.533527|0.274154|0.232539|0.215525|0.202749|0.191389|0.185142|0.177399|0.175525|0.170462,83.6556|91.8733|93.14|93.6089|93.9644|94.2956|94.5289|94.58|94.7244|94.8844,92.2|92.72|93.56|93.5|94.16|94.02|94.44|94.46|94.54|93.92,92.1178|92.6912|93.5192|93.4495|94.1551|94.0228|94.4241|94.4399|94.5249|93.8734,947|0|8|0|1|0|3|0|2|2|0|1127|7|3|3|3|2|3|15|1|11|3|918|0|11|2|9|9|6|0|9|3|77|891|1|21|2|17|10|2|5|0|10|0|924|1|18|3|4|29|19|2|7|13|7|771|33|0|8|9|14|1|3|0|2|2|966|0|3|0|1|1|13|1|7|0|0|1011|1|10|15|3|38|3|1|5|22|2|886|7|13|0|0|7|32|6|2|21|5|904
2,relu,relu,0,interleave,12,0.003,10,ce,ok,43.879,94.9778,94.46,94.4386,94.16,94.077,94.46,10,0.597866|0.295156|0.247499|0.223662|0.206998|0.196924|0.189574|0.183518|0.176089|0.171853,81.1756|91.3356|92.66|93.5133|93.8867|94.2689|94.4822|94.52|94.78|94.9778,89.12|92.24|93.18|93.74|93.7|93.04|94|94.1|94|94.46,89.0316|92.1754|93.1409|93.7051|93.6843|93.0466|93.9799|94.0759|94.0047|94.4386,940|0|3|0|1|2|7|0|9|1|0|1135|2|4|4|3|1|5|9|1|8|11|884|16|4|4|11|18|13|0|0|7|6|956|0|31|1|18|6|8|4|0|7|0|935|2|14|2|5|25|3|2|7|14|3|805|15|2|9|9|3|1|1|0|4|6|975|0|1|0|4|5|11|9|7|1|1|992|2|13|6|12|10|11|9|17|20|2|882|13|5|1|2|5|37|4|0|20|4|912
5,relu,relu,0,interleave,12,0.003,10,ce,ok,43.8714,94.4556,93.56,93.5556,93.63,93.5414,93.56,10,0.536241|0.305904|0.263307|0.237854|0.222411|0.209818|0.200503|0.195473|0.187247|0.184569,83.9311|91.0911|92.1689|92.94|93.3533|93.7378|94.0956|94.1778|94.3133|94.4556,90.66|92.2|92.94|93.42|92.92|92.82|92.46|91.62|92.68|93.56,90.5936|92.1478|92.9246|93.4214|92.9029|92.8235|92.4873|91.581|92.7102|93.5556,944|0|2|0|3|1|2|1|8|2|1|1141|1|0|3|3|0|6|5|4|17|15|871|5|14|6|6|20|13|2|4|4|24|915|4|23|2|26|21|10|2|1|7|0|907|1|8|5|3|60|2|2|4|13|2|804|13|3|9|17|12|1|0|0|6|12|958|0|2|0|0|4|5|1|12|0|0|1002|1|20|15|11|7|6|3|21|8|6|876|29|4|0|0|9|10|3|0|18|1|945
8,relu,relu,0,interleave,12,0.003,10,ce,ok,44.0311,94.8378,93.78,93.8144,93.57,93.5027,94.54,9,0.525847|0.266262|0.234385|0.217481|0.204502|0.197588|0.188947|0.181256|0.177634|0.171974,83.9444|92.1689|92.9911|93.5867|93.8756|94.0689|94.2956|94.5844|94.7156|94.8378,90.5|92.24|93.02|93.08|93.66|93.84|94.26|94.22|94.54|93.78,90.4435|92.2392|93.0009|93.058|93.619|93.8542|94.246|94.2234|94.5215|93.8144,931|0|4|0|1|6|4|2|13|2|0|1111|1|1|5|0|4|6|32|4|12|3|862|4|22|8|8|21|26|3|3|0|9|931|1|26|2|16|23|22|2|0|4|0|932|0|7|4|2|43|7|0|4|13|5|783|23|3|16|15|7|1|0|1|5|5|965|0|7|0|1|0|6|1|9|1|0|988|2|37|6|5|5|1|8|9|7|4|917|20|4|0|0|7|18|2|0|19|3|937
7,relu,relu,0,interleave,12,0.003,10,ce,ok,44.6938,94.9867,94.42,94.4065,93.96,93.8718,94.42,10,0.587357|0.290609|0.246645|0.22449|0.208377|0.195343|0.187159|0.181062|0.175544|0.17135,81.38|91.4867|92.6711|93.4444|93.7844|94.1933|94.5756|94.6556|94.7956|94.9867,89.38|92.48|92.82|93.7|93.22|94.14|93.1|94.12|94.34|94.42,89.3947|92.4102|92.7819|93.6933|93.201|94.1098|93.1216|94.1101|94.3289|94.4065,931|1|3|1|1|7|4|1|9|5|0|1147|3|1|2|1|0|5|5|0|7|6|887|15|10|2|10|14|15|3|0|8|12|962|0|26|0|17|5|3|5|0|7|0|892|1|9|2|6|72|3|2|0|24|1|815|5|2|13|4|11|2|8|0|1|15|942|0|12|0|1|4|6|6|6|0|1|1007|1|13|5|18|9|9|4|27|7|1|890|12|4|3|0|11|18|7|0|23|1|923
3,relu,relu,0,interleave,12,0.003,10,ce,ok,44.82,94.5978,94.4,94.3889,93.45,93.3862,94.4,10,0.545637|0.287824|0.249181|0.228572|0.216493|0.205861|0.199029|0.189074|0.185856|0.181637,83.2533|91.5356|92.6578|93.2733|93.5622|93.9267|94.2244|94.3089|94.6267|94.5978,90.9|92.38|93.5|93.3|93.72|92.48|94.22|93.38|93.92|94.4,90.8519|92.3588|93.4777|93.3218|93.6972|92.5074|94.2025|93.3788|93.8925|94.3889,940|0|2|2|1|5|2|0|10|1|0|1115|3|13|3|1|1|1|27|0|9|2|883|31|10|4|7|4|18|1|4|1|8|955|0|24|1|8|29|3|6|0|6|1|907|0|15|2|15|42|5|3|4|23|3|774|19|2|25|11|3|2|3|1|4|3|966|0|9|0|7|3|13|18|12|2|0|959|2|29|10|1|6|11|3|7|8|0|927|9|9|2|0|13|22|2|0|13|10|919
9,relu,relu,0,interleave,12,0.003,10,ce,ok,45.1412,94.7444,94.18,94.1498,94.02,93.9247,94.4,8,0.595937|0.295102|0.249199|0.230192|0.213113|0.202837|0.194254|0.188481|0.181155|0.175213,81.4111|91.3933|92.7533|93.3333|93.7311|93.9044|94.2022|94.2822|94.4978|94.7444,90.72|92.42|93.54|92.66|93.48|93.36|93.48|94.4|93.86|94.18,90.7213|92.39|93.5083|92.6032|93.4591|93.3495|93.425|94.3678|93.8235|94.1498,943|0|1|1|0|6|3|0|9|0|0|1126|4|3|4|3|0|1|23|0|18|3|892|4|11|3|13|6|19|0|8|7|14|931|2|37|1|11|17|5|6|1|3|0|951|1|15|1|6|10|10|0|4|7|3|823|10|2|6|4|4|1|1|0|1|8|973|0|3|0|1|4|11|5|10|8|0|992|3|11|7|7|9|8|6|27|17|1|898|2|6|2|2|11|49|11|1|28|7|873
10,relu,relu,0,interleave,12,0.003,10,ce,ok,46.4997,94.5511,92.8,92.7969,92.57,92.4705,94.02,7,0.577423|0.295971|0.25196|0.231135|0.217472|0.20576|0.197648|0.191352|0.187425|0.181973,81.8133|91.3|92.5867|93.2667|93.4511|93.7867|94.1778|94.2889|94.2689|94.5511,90.38|91.76|92.88|93.12|92.98|93.86|94.02|93.98|93.92|92.8,90.2667|91.7107|92.8699|93.1097|92.929|93.8372|94.0182|93.9755|93.8863|92.7969,935|0|4|4|1|4|4|0|10|1|0|1143|1|10|0|0|0|1|8|1|3|10|880|42|11|1|7|5|10|0|0|7|8|990|0|13|1|9|3|2|4|3|6|1|854|3|16|0|13|94|7|4|6|58|1|741|13|0|28|11|8|1|1|0|3|14|941|0|23|0|8|3|17|18|3|5|0|956|1|34|2|19|8|34|3|10|4|0|896|6|7|5|2|15|11|6|0|11|12|921
11,relu,relu,0,interleave,12,0.003,10,ce,ok,46.4022,94.9689,94.28,94.2555,93.79,93.6944,94.28,10,0.515972|0.279987|0.240352|0.220776|0.202628|0.193202|0.1844|0.177727|0.172406|0.167736,84.3622|91.8089|92.8622|93.5067|94.0111|94.1822|94.4578|94.7422|94.84|94.9689,91.02|91.12|93.4|93.2|93.52|93.78|93.56|93.88|93.32|94.28,90.9724|91.0961|93.3884|93.1805|93.5278|93.7627|93.5421|93.8413|93.2691|94.2555,942|0|3|1|1|6|3|1|5|1|0|1139|4|4|0|3|2|6|6|0|11|7|897|6|8|2|14|12|10|2|5|5|15|931|0|32|1|15|25|4|5|1|13|2|881|2|16|11|6|57|6|6|3|15|1|811|9|0|8|10|13|1|3|0|1|15|955|0|3|0|0|5|13|6|4|5|0|993|1|18|13|12|11|10|4|18|0|0|909|5|7|3|0|6|12|14|0|19|8|921
14,relu,relu,0,interleave,12,0.003,10,ce,ok,47.053,94.8867,93.9,93.8702,93.98,93.8652,94.3,8,0.525028|0.272789|0.234857|0.214506|0.2033|0.195286|0.187434|0.182054|0.176382|0.172735,84.0378|92.14|93.2044|93.6622|94.0822|94.2333|94.4111|94.5889|94.8044|94.8867,91.38|92.2|93.12|93.74|94.12|93.66|93.92|94.3|94.1|93.9,91.3281|92.1611|93.1348|93.7238|94.0993|93.6744|93.9085|94.2935|94.0702|93.8702,936|0|2|1|1|2|6|0|8|7|0|1143|4|2|4|0|0|0|10|1|8|7|892|12|12|1|11|11|13|2|6|8|11|949|1|13|5|11|18|11|2|0|6|0|938|0|6|2|2|38|10|3|3|38|5|741|19|2|24|24|5|1|3|0|5|2|970|0|5|0|0|4|11|8|8|0|0|980|1|33|9|8|10|10|5|6|10|1|908|15|4|3|1|4|18|2|0|11|6|941
15,relu,relu,0,interleave,12,0.003,10,ce,ok,46.6777,94.9778,94.84,94.835,94.28,94.2034,94.84,10,0.556651|0.280397|0.234284|0.213882|0.203676|0.192848|0.18573|0.179301|0.173932|0.16994,82.8311|91.7911|93.0889|93.7778|93.9933|94.26|94.5733|94.6689|94.7956|94.9778,91.88|92.78|93.08|93.58|93.8|94.08|94.34|93.9|94.1|94.84,91.8489|92.7552|93.0433|93.5705|93.7871|94.0705|94.3325|93.8898|94.0995|94.835,930|0|7|1|1|7|6|0|10|1|0|1144|3|2|4|1|0|2|6|2|6|6|894|15|9|1|6|9|20|3|1|7|13|944|1|32|1|8|21|5|0|0|7|1|935|1|20|2|4|24|5|2|4|19|2|810|9|0|8|10|4|1|1|0|2|10|968|0|5|0|3|12|8|7|8|0|1|981|0|25|0|14|10|7|8|24|4|0|906|9|5|4|0|10|33|5|0|11|6|916
12,relu,relu,0,interleave,12,0.003,10,ce,ok,47.6488,95.0911,94.58,94.5958,94.37,94.301,94.58,10,0.554163|0.284525|0.237155|0.210332|0.195924|0.185354|0.177569|0.171661|0.167923|0.162947,82.8022|91.7244|92.9378|93.7978|94.1556|94.5022|94.7622|94.8867|95.0178|95.0911,91.14|92.6|93.92|93.64|93.48|92.78|94.34|93.42|94.24|94.58,91.0745|92.5569|93.8788|93.6035|93.4226|92.7546|94.3386|93.373|94.2343|94.5958,935|0|3|1|3|3|4|2|9|3|0|1135|1|7|6|0|0|1|14|0|6|9|886|22|8|3|3|7|21|4|0|6|7|964|0|20|1|10|24|1|1|0|7|0|956|1|5|3|4|17|3|1|5|17|12|784|7|7|22|11|4|1|4|1|18|10|945|0|8|0|1|2|7|11|12|1|0|998|4|9|4|9|5|6|9|9|4|0|927|9|3|4|2|7|38|2|0|21|6|907
13,relu,relu,0,interleave,12,0.003,10,ce,ok,47.6793,94.8133,94.34,94.3402,93.91,93.8449,94.34,10,0.526021|0.275018|0.237427|0.217889|0.207308|0.197596|0.191291|0.184698|0.180292|0.177234,84.1156|91.9289|93.0733|93.6267|93.9867|94.1756|94.3578|94.5822|94.6667|94.8133,91.22|92.68|93.36|93.62|92.5|93.42|93.74|94.12|93.92|94.34,91.141|92.6425|93.3145|93.5932|92.4483|93.4125|93.7346|94.1301|93.8852|94.3402,919|0|14|1|2|6|7|2|10|2|0|1120|4|3|7|7|1|3|16|3|6|3|889|9|19|3|8|11|19|2|1|1|20|943|2|29|1|16|16|4|1|0|7|0|955|1|7|1|1|21|3|5|7|17|4|802|7|0|11|13|6|1|5|1|9|6|956|0|7|0|1|1|11|12|16|0|0|972|3|29|0|5|13|15|3|16|5|0|914|11|2|0|1|5|39|3|0|15|4|921
16,relu,relu,0,interleave,12,0.003,10,ce,ok,49.0778,94.9933,93.48,93.4599,93.85,93.7664,94.26,7,0.530733|0.28782|0.243074|0.216855|0.206445|0.194183|0.185817|0.179855|0.173753|0.169363,83.8489|91.6133|92.9733|93.4667|93.8689|94.2311|94.5067|94.62|94.8178|94.9933,88.58|92.5|93.28|92.84|93.78|93.68|94.26|93.7|92.86|93.48,88.4502|92.4686|93.2286|92.8035|93.759|93.643|94.2527|93.6799|92.8288|93.4599,946|0|0|0|3|1|5|2|4|2|0|1129|4|4|3|2|0|5|17|0|12|2|868|17|7|5|15|16|22|5|3|3|6|932|3|22|0|24|24|16|4|1|8|0|941|1|8|3|3|25|8|1|3|23|4|779|9|3|18|21|10|0|0|0|9|3|953|0|15|1|4|1|6|1|10|0|0|1004|3|16|6|3|4|3|10|3|8|4|923|18|4|2|0|4|37|2|0|21|10|910
17,relu,relu,0,interleave,12,0.003,10,ce,ok,38.5612,94.6067,94.02,94.0115,93.7,93.5961,94.02,10,0.520775|0.267738|0.234509|0.219968|0.208681|0.200509|0.194869|0.189358|0.185214|0.180543,84.1267|92.0556|93.0422|93.4133|93.8756|94.2022|94.2378|94.4022|94.5533|94.6067,90.96|92.46|92.88|93.48|92.68|93.74|93.74|93.38|92.9|94.02,90.8789|92.4288|92.8433|93.4373|92.6115|93.7071|93.7322|93.3441|92.8523|94.0115,924|0|3|1|1|13|7|0|12|2|0|1138|4|2|5|2|0|2|11|0|9|3|899|11|10|5|6|8|16|2|0|6|14|944|1|34|1|9|19|5|0|0|10|0|949|3|12|5|3|12|2|5|6|11|3|814|12|2|8|6|5|2|3|0|17|19|943|0|2|0|0|3|11|3|11|5|0|1003|5|4|0|10|9|16|2|32|6|3|897|7|4|3|1|6|71|8|0|28|10|859
18,relu,relu,0,interleave,12,0.003,10,ce,ok,35.4681,94.5511,93.82,93.7906,93.7,93.6006,93.86,7,0.570859|0.296425|0.255849|0.237904|0.222928|0.210564|0.201947|0.194796|0.189534|0.183815,82.5267|91.3244|92.6556|93.1311|93.4667|93.7489|94.0689|94.1889|94.4289|94.5511,90.52|92.42|92.9|92.18|93.48|93.54|93.86|93.5|93.6|93.82,90.5249|92.3618|92.8924|92.0544|93.4645|93.501|93.8329|93.4786|93.5731|93.7906,937|1|5|3|1|3|6|1|4|2|0|1143|7|2|5|1|0|2|3|1|3|6|916|8|11|1|2|8|14|0|2|9|35|923|1|27|0|16|15|5|0|0|5|0|963|3|14|1|2|6|2|2|10|13|6|799|13|7|12|5|5|1|2|0|8|6|964|0|5|0|1|5|9|3|14|0|0|1003|0|10|3|18|18|14|4|31|5|3|875|11|3|3|0|11|96|4|0|23|3|847
19,relu,relu,0,interleave,12,0.003,10,ce,ok,35.6056,94.8533,94.56,94.5511,94,93.9194,94.7,7,0.564256|0.288023|0.246947|0.224077|0.210294|0.199352|0.192651|0.185522|0.181914|0.177107,82.5378|91.5756|92.8289|93.44|93.9733|94.1756|94.3178|94.6067|94.7044|94.8533,91.24|92.86|93.36|93.86|92.84|93.88|94.7|93.96|94.56|94.56,91.1838|92.841|93.3188|93.8284|92.837|93.848|94.6873|93.943|94.5415|94.5511,935|0|8|0|3|4|4|1|7|1|0|1142|4|0|5|1|0|4|7|1|6|15|892|15|6|11|9|6|8|1|1|9|13|949|0|33|1|12|11|4|5|0|10|1|922|9|8|2|3|34|6|1|4|22|3|818|3|0|7|5|12|1|4|0|10|14|945|0|5|0|3|5|18|8|12|4|0|973|1|21|8|16|13|8|6|19|3|0|903|6|7|2|1|12|17|12|0|16|2|921
20,relu,relu,0,interleave,12,0.003,10,ce,ok,36.2335,94.8978,94.22,94.2212,93.94,93.8746,94.46,9,0.57109|0.290183|0.243379|0.22273|0.209448|0.199797|0.190169|0.185841|0.179296|0.174257,82.4067|91.5511|93.0756|93.5156|93.9244|94.2156|94.4267|94.5289|94.7867|94.8978,90.48|92.66|92.72|93.52|93.58|92.9|93.86|93.86|94.46|94.22,90.4072|92.6112|92.6728|93.5316|93.5743|92.8834|93.8675|93.8434|94.4552|94.2212,922|0|7|5|1|4|7|0|15|2|0|1151|3|2|3|1|0|0|4|0|2|10|870|35|7|2|10|9|23|1|1|3|13|977|1|16|2|12|6|2|3|1|9|3|931|0|9|3|10|25|6|13|6|25|6|788|5|2|11|7|2|8|1|1|4|9|956|0|10|0|2|4|11|14|7|1|0|993|2|11|2|24|9|16|3|7|5|2|909|5|5|4|1|16|34|2|0|22|9|897
22,relu,relu,0,interleave,12,0.003,10,ce,ok,37.9465,94.7756,93.7,93.7021,93.73,93.6414,94.32,8,0.518767|0.27841|0.234585|0.216814|0.202009|0.194201|0.18547|0.181176|0.175435|0.173328,84.2933|91.7|93.0267|93.62|93.8756|94.1156|94.4311|94.5111|94.7422|94.7756,90.68|92.96|93.3|93.82|93.58|92.26|94.14|94.32|93.86|93.7,90.6167|92.9486|93.2759|93.8306|93.56|92.1995|94.1418|94.3064|93.873|93.7021,927|0|4|3|1|5|6|2|8|7|0|1120|0|7|4|4|1|5|21|2|3|3|880|14|20|2|18|19|9|1|0|3|8|976|2|16|0|16|10|2|0|2|2|2|968|1|6|1|2|10|5|0|0|55|9|764|12|1|16|7|3|1|5|0|7|6|964|0|5|0|0|0|12|3|7|3|0|1004|1|15|3|7|10|20|8|7|7|3|904|13|1|2|0|15|77|3|1|24|1|866
21,relu,relu,0,interleave,12,0.003,10,ce,ok,38.4012,94.7556,94.52,94.5129,93.98,93.9051,94.52,10,0.585665|0.293986|0.251039|0.227738|0.212733|0.202073|0.192857|0.182446|0.177841|0.172468,81.5867|91.3867|92.5667|93.3622|93.7267|93.9044|94.2422|94.4956|94.6822|94.7556,90.46|91.9|92.76|93.32|93.5|94.5|94.2|93.96|93.6|94.52,90.3466|91.8515|92.7513|93.2791|93.476|94.4767|94.2048|93.971|93.5722|94.5129,933|0|6|0|1|3|3|1|15|1|0|1135|5|3|1|2|1|4|12|1|4|4|905|11|10|2|8|7|15|3|0|6|22|937|0|23|3|18|15|9|3|1|6|1|915|0|12|5|5|46|1|13|6|27|3|780|13|2|12|12|7|1|5|0|4|9|951|0|14|0|7|0|14|5|6|3|0|997|0|13|4|16|6|8|3|5|3|1|921|15|4|0|0|10|22|2|0|19|9|924
23,relu,relu,0,interleave,12,0.003,10,ce,ok,38.6955,94.2733,93.64,93.6112,93.62,93.5152,93.76,9,0.595367|0.320502|0.275626|0.250985|0.238681|0.226806|0.219091|0.211177|0.197195|0.190574,80.9044|90.5489|92.0422|92.7467|93.06|93.2711|93.6267|93.7778|94.1778|94.2733,89|89.48|92.56|92.44|92.78|92.96|93.24|93.56|93.76|93.64,88.9659|89.3765|92.5453|92.4368|92.7188|92.9297|93.2174|93.5272|93.7294|93.6112,926|0|5|2|1|7|9|0|6|7|0|1130|7|2|3|0|0|7|13|2|2|2|891|26|8|5|7|8|19|1|2|6|7|934|1|36|0|15|19|13|2|0|8|2|936|2|8|1|5|30|10|1|3|22|2|782|23|2|10|14|7|1|5|0|6|6|962|0|4|0|5|2|13|6|8|1|0|982|1|27|7|5|14|7|5|18|6|2|906|12|8|2|1|9|35|5|0|15|2|913
24,relu,relu,0,interleave,12,0.003,10,ce,ok,37.7019,94.8511,93.94,93.9421,94.25,94.186,94.46,9,0.581439|0.287864|0.243165|0.222509|0.208725|0.198169|0.191692|0.185326|0.180018|0.176134,82.3111|91.5711|92.8489|93.5067|93.8467|94.2|94.2711|94.4756|94.6822|94.8511,90.9|92.56|92.98|93|94.02|94.2|93.88|94.36|94.46|93.94,90.8946|92.561|92.9107|92.9917|94.0078|94.1889|93.8528|94.3638|94.4549|93.9421,941|1|6|1|0|6|3|0|4|1|0|1145|3|5|2|0|0|3|4|2|5|6|886|18|11|4|12|12|13|2|4|4|8|976|0|13|1|17|6|4|4|0|6|1|924|2|6|5|2|44|4|3|4|28|1|806|6|1|12|4|9|1|0|0|8|5|958|0|10|0|4|3|9|8|8|2|0|1005|0|6|2|23|5|29|11|10|3|3|886|10|8|0|1|20|13|8|0|38|4|898
25,relu,relu,0,interleave,12,0.003,10,ce,ok,32.9417,94.3756,92.88,92.8678,92.93,92.8551,93.64,6,0.522362|0.299061|0.257563|0.234718|0.222882|0.212733|0.204856|0.199271|0.19581|0.187975,84.4044|91.1511|92.4933|93.1|93.4733|93.7556|93.9556|94.0978|94.1533|94.3756,90.54|91.9|92.38|92.6|93.08|93.64|92.82|93.18|93.2|92.88,90.529|91.9052|92.3363|92.5546|93.0423|93.6072|92.8104|93.1678|93.1824|92.8678,923|0|2|2|3|8|13|1|11|0|0|1152|1|2|4|2|0|1|1|1|6|19|855|42|10|6|5|16|9|1|1|21|11|965|1|15|2|11|4|2|8|2|11|3|900|1|12|6|9|42|2|10|2|27|3|804|11|0|6|4|3|7|10|1|6|12|946|0|6|0|1|8|4|10|9|3|0|996|0|14|7|34|13|36|3|27|5|5|843|9|9|3|0|19|17|10|1|18|4|909
26,relu,relu,0,interleave,12,0.003,10,ce,ok,33.5118,94.5244,93.92,93.866,93.85,93.7314,93.92,10,0.567226|0.302041|0.259818|0.233838|0.220088|0.210442|0.202097|0.197296|0.188976|0.184979,82.3844|91.0244|92.5067|93.1644|93.5756|93.8311|94.1422|94.2133|94.3911|94.5244,89.26|90.4|92.88|92.58|93.56|93.74|93.32|93.56|93.66|93.92,89.2328|90.3968|92.8355|92.4797|93.5032|93.6884|93.2719|93.515|93.6106|93.866,926|0|7|2|2|9|9|0|8|0|0|1150|2|4|2|2|1|2|1|0|1|5|904|4|8|4|26|6|9|2|2|7|24|937|0|26|4|12|17|4|2|2|8|1|903|2|23|4|5|44|5|8|6|17|5|783|14|4|20|7|3|1|2|0|2|4|975|0|4|0|1|4|18|7|8|5|0|987|0|15|4|9|24|4|5|20|9|1|898|8|5|2|0|10|18|7|0|21|5|922
27,relu,relu,0,interleave,12,0.003,10,ce,ok,34.1164,94.6956,92.02,91.9869,92.2,92.0677,94.1,8,0.490846|0.276462|0.238734|0.218565|0.205568|0.197353|0.190332|0.186857|0.179678|0.174461,85.6289|91.8911|93.04|93.5333|93.8022|94.1422|94.2844|94.3911|94.5511|94.6956,90.18|92.08|92.98|93.88|93.92|93.34|92.36|94.1|93.5|92.02,90.1144|92.1002|92.9528|93.8497|93.8945|93.3065|92.4024|94.0961|93.5102|91.9869,928|1|4|0|4|8|9|6|3|0|0|1150|2|0|5|0|1|5|0|1|7|11|901|2|8|1|18|16|5|0|4|19|26|886|4|51|2|23|13|5|1|1|5|0|961|3|20|0|0|3|2|8|5|6|6|811|16|3|5|7|5|1|2|0|3|9|970|0|1|0|1|9|15|1|16|0|1|1000|0|2|2|43|19|3|7|16|20|3|866|3|4|5|1|7|158|12|0|47|9|747
28,relu,relu,0,interleave,12,0.003,10,ce,ok,33.1101,94.9733,94.46,94.437,93.88,93.7823,94.46,10,0.548641|0.279852|0.238619|0.215567|0.201357|0.192332|0.18431|0.178556|0.174357|0.168777,83.0844|91.7978|93.1178|93.7533|94.1911|94.3489|94.5578|94.7622|94.8156|94.9733,90.54|92.12|93.32|92.72|93.68|93.94|93.42|94.14|93.1|94.46,90.524|92.0754|93.2943|92.7212|93.6762|93.9334|93.4115|94.1173|93.0347|94.437,941|1|1|1|0|2|10|0|7|0|0|1139|1|1|6|1|0|5|9|2|12|5|893|8|14|3|18|7|8|1|3|5|15|918|5|34|5|18|12|18|3|0|6|1|947|1|14|1|1|20|9|1|3|11|8|805|16|1|9|6|10|0|4|0|0|5|970|0|2|0|5|4|8|1|12|2|3|989|0|21|15|7|6|17|2|15|12|0|890|18|7|1|0|9|50|7|1|18|1|896
29,relu,relu,0,interleave,12,0.003,10,ce,ok,33.4856,94.8156,94.62,94.5982,94.07,93.9629,94.62,10,0.531887|0.274386|0.235165|0.214602|0.203094|0.195162|0.188014|0.18083|0.174733|0.1709,83.6444|91.8756|92.9911|93.6778|93.9333|94.1422|94.3622|94.5889|94.7422|94.8156,92.04|92.56|93.32|92.52|93.68|93.54|93.68|92.9|93.36|94.62,92.0054|92.523|93.2957|92.4972|93.6708|93.5106|93.6527|92.8863|93.341|94.5982,934|0|8|0|1|6|2|1|11|0|0|1148|2|1|5|0|0|3|4|1|9|7|899|8|13|1|6|12|13|1|3|4|17|939|0|19|2|19|25|5|4|0|9|0|920|0|9|5|3|44|5|3|4|25|2|783|13|4|19|11|6|5|4|1|6|13|950|0|6|0|1|5|8|2|4|0|0|1015|1|9|5|16|19|8|5|19|6|1|898|5|4|2|0|8|19|5|0|25|6|921
30,relu,relu,0,interleave,12,0.003,10,ce,ok,33.106,94.7733,93.32,93.3229,93.2,93.1067,93.84,5,0.509498|0.271663|0.235214|0.217335|0.205454|0.197067|0.187125|0.183791|0.177863|0.174418,84.4644|91.9089|92.9978|93.4667|93.8822|94.14|94.3822|94.4067|94.62|94.7733,90.5|92.48|93.2|92.86|93.84|93.22|93.8|93.44|93.6|93.32,90.3778|92.4577|93.1453|92.8485|93.8134|93.214|93.7946|93.4156|93.5954|93.3229,943|0|2|1|1|3|0|1|10|2|0|1132|3|9|3|1|0|1|14|1|4|5|882|29|5|0|16|6|15|7|3|2|13|982|2|6|3|8|13|1|1|1|4|1|943|2|15|0|8|19|5|4|3|94|5|723|11|1|16|7|9|4|2|0|9|9|951|0|7|0|7|3|13|22|15|0|0|967|2|16|2|6|9|24|2|4|5|0|925|5|5|3|2|26|47|4|0|24|7|872
1,tanh,tanh,0,interleave,12,0.003,10,ce,ok,36.3478,94.6867,93.76,93.7321,93.33,93.2136,93.76,10,0.583391|0.289724|0.253825|0.232768|0.218593|0.20962|0.200298|0.194277|0.188377|0.18141,84.2156|91.7311|92.82|93.3933|93.7311|93.9511|94.2556|94.4044|94.6244|94.6867,90.94|91.94|92.6|92.68|93.42|93.64|93.12|93.26|93.68|93.76,90.9125|91.9205|92.576|92.6642|93.3949|93.6206|93.0995|93.2722|93.6663|93.7321,924|0|6|1|1|6|9|1|13|2|0|1139|7|2|3|1|0|2|9|1|5|5|886|17|16|4|12|7|14|3|3|9|16|955|2|15|2|8|17|6|0|1|8|0|935|3|14|4|8|21|7|8|6|42|4|747|15|0|32|8|4|1|6|0|8|7|957|0|7|1|5|3|12|13|16|0|0|977|6|13|3|16|11|11|3|9|10|0|912|7|3|1|1|11|36|5|1|18|13|901
2,tanh,tanh,0,interleave,12,0.003,10,ce,ok,37.2457,94.6622,93.82,93.7717,93.55,93.4295,93.82,10,0.562976|0.291049|0.250252|0.227686|0.214522|0.204991|0.198614|0.191625|0.185851|0.180657,84.4689|91.5978|92.6311|93.3378|93.7133|93.9844|94.1711|94.3422|94.5311|94.6622,91.06|91.92|92.9|92.76|93.08|93.28|93.34|93.62|93.52|93.82,90.9858|91.8574|92.8706|92.7284|93.0318|93.2368|93.3327|93.5941|93.4911|93.7717,929|0|1|1|2|7|13|0|10|0|0|1138|3|1|3|3|3|5|6|2|10|3|892|8|15|1|16|11|12|1|5|6|15|921|2|31|4|19|18|12|2|1|5|0|955|0|13|1|1|16|10|4|3|12|8|773|31|2|17|9|5|4|1|0|5|3|970|0|3|0|2|4|14|4|10|1|0|995|1|14|6|14|9|11|10|14|13|1|892|12|10|2|1|4|57|6|0|14|6|890
3,tanh,tanh,0,interleave,12,0.003,10,ce,ok,35.284,94.9333,93.84,93.8212,93.7,93.5983,94.14,8,0.568259|0.272099|0.236149|0.216433|0.205219|0.195943|0.189597|0.181011|0.17709|0.171313,84.0222|92.0822|93.0956|93.6133|94.0289|94.4133|94.4289|94.7467|94.7044|94.9333,91.66|93|92.96|93.6|93.42|93.62|93.84|94.14|93.72|93.84,91.6064|92.9688|92.9259|93.5907|93.3942|93.5907|93.8043|94.1235|93.6866|93.8212,936|0|6|1|1|3|4|0|9|3|0|1131|2|10|1|2|1|4|11|2|5|2|877|24|18|2|10|8|22|1|2|2|25|943|0|27|6|12|13|3|6|0|5|1|936|3|11|0|1|31|6|3|2|13|4|799|19|0|13|10|9|1|3|0|5|12|956|0|5|0|5|2|13|10|11|1|0|973|1|29|8|3|8|10|4|23|11|2|896|17|5|1|0|8|20|14|0|14|5|923
4,tanh,tanh,0,interleave,12,0.003,10,ce,ok,35.9023,94.6956,92.96,92.9242,92.82,92.7122,93.34,4,0.577773|0.284027|0.243586|0.2235|0.212245|0.202547|0.196154|0.189573|0.184093|0.179312,84.6667|91.8333|93.0533|93.54|93.8844|94.1489|94.2467|94.4511|94.5311|94.6956,90.58|92.3|92.7|93.34|92.92|92.88|92.96|93|93.32|92.96,90.5038|92.277|92.6671|93.2769|92.8916|92.8488|92.9176|92.965|93.2816|92.9242,922|1|4|4|0|7|8|2|13|2|0|1146|3|3|1|0|1|4|5|1|6|15|859|35|7|5|10|12|19|1|2|9|13|946|1|28|2|10|14|8|2|3|9|3|904|2|17|5|5|44|7|5|6|37|6|755|14|2|27|10|4|9|6|0|6|8|941|0|17|0|5|7|11|12|4|1|0|989|2|14|0|14|4|18|2|7|6|2|922|7|4|3|0|12|33|3|1|26|10|898
5,tanh,tanh,0,interleave,12,0.003,10,ce,ok,35.5939,94.4622,93.5,93.4579,93.14,93.03,93.74,8,0.560699|0.291023|0.253373|0.234657|0.221001|0.213722|0.203534|0.19733|0.192076|0.187058,85.18|91.7222|92.6978|93.3044|93.6978|93.7733|94.0156|94.2956|94.3844|94.4622,90.38|92.22|92.02|92.78|93.02|92.58|92.56|93.74|93.1|93.5,90.3346|92.1904|91.9816|92.7563|93.0031|92.5637|92.5638|93.7057|93.0841|93.4579,937|0|3|1|2|3|5|1|9|2|0|1137|3|4|4|3|0|3|9|1|14|6|888|10|8|4|7|11|18|3|3|10|18|943|0|26|0|20|9|4|7|2|5|0|886|3|4|4|5|78|3|0|5|28|4|798|13|1|10|7|18|3|6|0|7|22|932|0|2|1|4|8|8|3|8|6|0|990|0|18|15|15|17|17|3|27|2|1|871|14|7|0|0|5|13|13|0|18|2|932
7,tanh,tanh,0,interleave,12,0.003,10,ce,ok,34.3674,94.5022,93.12,93.0658,93.22,93.0716,93.38,7,0.544969|0.286924|0.2554|0.235437|0.221901|0.211307|0.202358|0.19839|0.193195|0.189003,85.4533|91.7667|92.6178|93.2333|93.5578|93.7556|94.0622|94.2778|94.3911|94.5022,90.6|91.8|92.86|92.68|93.34|93.26|93.38|93.14|92.88|93.12,90.557|91.7583|92.808|92.6611|93.3137|93.2157|93.3553|93.1246|92.8342|93.0658,938|0|0|0|1|6|6|1|9|2|0|1143|3|4|4|0|0|3|5|2|18|2|854|10|14|3|25|15|24|4|5|3|10|929|1|29|0|12|30|14|2|2|6|0|900|1|24|5|3|51|11|6|3|38|4|755|12|10|24|6|12|1|3|0|6|5|955|0|9|0|2|0|8|0|11|1|0|1000|3|20|5|8|5|10|4|12|4|3|922|9|5|1|2|6|22|3|0|22|3|926
6,tanh,tanh,0,interleave,12,0.003,10,ce,ok,36.8438,94.7089,93.44,93.4053,93.33,93.2155,93.8,9,0.548823|0.277871|0.241851|0.222785|0.208045|0.197835|0.193419|0.187049|0.18266|0.177318,85.5822|91.8356|92.9178|93.4089|93.8489|94.1222|94.2978|94.4089|94.6978|94.7089,91.4|92.62|92.98|93.28|93.26|93.76|93.2|93.44|93.8|93.44,91.3147|92.5788|92.9288|93.2554|93.2456|93.738|93.177|93.433|93.7619|93.4053,947|0|0|1|1|4|3|1|6|0|0|1114|2|3|5|10|0|1|26|3|20|10|864|11|16|6|13|16|13|0|9|5|15|917|1|49|1|16|12|8|4|0|5|0|934|2|12|1|4|32|14|2|6|11|10|798|11|2|11|4|13|2|3|0|7|11|947|1|7|0|6|2|7|4|5|2|1|1004|0|14|12|2|5|10|2|29|2|3|898|19|11|1|2|8|21|5|0|23|9|910
8,tanh,tanh,0,interleave,12,0.003,10,ce,ok,36.0061,94.8822,93.64,93.6555,93.51,93.4237,93.96,7,0.562319|0.285033|0.25017|0.227682|0.215237|0.202685|0.194362|0.186034|0.180453|0.175351,84.4356|91.6933|92.68|93.4044|93.6422|94.1356|94.3511|94.5933|94.7644|94.8822,90.68|91.6|92.66|93.02|93.2|93.2|93.96|93.7|93.64|93.64,90.5868|91.547|92.6097|92.9796|93.1747|93.1993|93.9499|93.7087|93.6177|93.6555,942|0|3|0|4|2|3|0|8|1|0|1118|4|7|3|3|1|2|25|1|23|0|870|14|15|3|11|9|21|3|5|2|23|950|1|21|3|11|13|4|5|0|4|0|927|4|4|2|2|46|13|0|2|12|4|800|12|1|14|11|13|1|10|0|7|9|943|0|7|1|0|2|10|12|8|8|2|966|2|35|5|1|9|13|5|23|2|0|912|12|6|0|0|12|22|4|1|13|9|923
9,tanh,tanh,0,interleave,12,0.003,10,ce,ok,34.6241,94.6956,93.42,93.3867,93.17,93.0628,93.8,6,0.572359|0.278597|0.241544|0.221174|0.208253|0.200673|0.192043|0.186256|0.180776|0.176753,84.66|92.0733|93.02|93.58|93.9667|94.1156|94.42|94.5822|94.7222|94.6956,91.38|92.72|93.16|93.24|93.48|93.8|93.02|93.7|93.5|93.42,91.3446|92.6795|93.1226|93.2011|93.4419|93.7651|92.9879|93.647|93.4596|93.3867,943|0|4|3|1|4|5|0|2|1|0|1116|13|13|4|4|0|2|11|1|17|4|893|14|13|1|7|5|9|6|11|1|22|967|0|18|0|6|4|4|5|0|9|3|901|3|14|1|4|54|20|0|5|30|5|770|13|3|13|10|17|0|6|1|1|8|951|0|6|1|7|0|16|15|7|3|0|974|1|22|16|4|17|25|2|21|6|1|882|8|5|1|0|15|17|7|0|17|8|920
10,tanh,tanh,0,interleave,12,0.003,10,ce,ok,35.0241,94.9289,93.74,93.7123,93.33,93.228,94.18,9,0.555842|0.278259|0.240473|0.220695|0.206176|0.196145|0.189707|0.185364|0.179536|0.174548,84.6978|92.0356|93.0267|93.5956|94.02|94.2089|94.46|94.5978|94.7778|94.9289,91.1|92.18|92.98|92.86|93.78|93.94|93.54|93.8|94.18|93.74,91.0406|92.1497|92.9522|92.8551|93.7452|93.9367|93.5245|93.7659|94.1611|93.7123,935|0|9|2|2|2|3|1|8|1|0|1125|9|3|1|2|0|4|18|2|3|3|900|11|15|4|6|13|9|5|3|3|18|949|1|14|4|16|16|9|1|0|15|1|882|0|6|3|7|79|3|0|7|37|5|752|6|4|34|21|13|1|5|1|8|8|946|0|9|0|3|3|10|6|7|1|4|990|1|20|3|2|10|8|2|10|7|0|928|12|1|1|2|9|19|7|0|19|6|926
11,tanh,tanh,0,interleave,12,0.003,10,ce,ok,37.8049,94.4378,93.84,93.8431,92.93,92.8232,93.84,10,0.574862|0.294443|0.255112|0.236359|0.220807|0.210806|0.204611|0.199485|0.194079|0.189803,84.3844|91.5867|92.64|93.1289|93.62|93.8667|94.0711|94.14|94.3444|94.4378,91.38|91.88|93.02|92.96|92.46|93.5|93.4|92.04|93.32|93.84,91.3476|91.8379|93.0073|92.9611|92.4711|93.5011|93.3791|92.0435|93.3195|93.8431,938|0|1|2|1|6|6|0|8|1|0|1136|0|5|5|6|1|4|6|1|14|6|866|21|17|4|17|7|15|2|2|4|18|943|2|23|1|13|21|6|3|4|8|0|916|3|15|3|3|39|7|3|1|20|3|802|13|1|9|10|9|4|1|0|2|26|945|0|4|0|5|4|13|8|5|4|0|979|5|22|3|15|10|31|5|27|4|0|875|12|6|3|2|15|33|10|0|23|5|893
12,tanh,tanh,0,interleave,12,0.003,10,ce,ok,37.4223,95.0444,93.86,93.8206,93.3,93.2035,94.1,8,0.556681|0.272531|0.234585|0.216206|0.206145|0.195988|0.191669|0.183397|0.178411|0.172707,84.9178|92.1711|93.2644|93.7978|94.0044|94.3533|94.46|94.7422|94.96|95.0444,91.22|92.54|93.1|92.92|93.68|93.38|93.62|94.1|93.64|93.86,91.1691|92.4818|93.0406|92.876|93.6384|93.3514|93.5757|94.0556|93.6082|93.8206,927|0|11|1|1|9|3|0|10|1|0|1129|3|12|3|4|1|2|8|2|6|6|892|9|12|3|14|4|23|0|2|6|15|944|1|25|3|9|24|4|1|1|10|1|944|0|11|3|4|19|9|4|5|26|6|775|11|4|20|9|7|1|10|0|14|15|934|0|10|0|8|5|14|17|9|5|1|962|4|20|4|7|9|11|1|13|3|3|913|18|5|2|3|10|38|2|0|13|7|910
13,tanh,tanh,0,interleave,12,0.003,10,ce,ok,37.6428,94.5444,93.36,93.3374,92.96,92.8778,93.64,6,0.562709|0.289347|0.250396|0.230389|0.217077|0.207576|0.203741|0.193195|0.190462|0.18513,84.8889|91.6311|92.6933|93.1956|93.6133|93.9067|93.8778|94.2422|94.3844|94.5444,90.8|92.34|93.16|92.8|92.42|93.64|93.06|93.26|93.38|93.36,90.7631|92.2758|93.131|92.7563|92.4318|93.6316|93.0225|93.2495|93.3414|93.3374,921|0|4|2|2|7|11|0|13|3|0|1116|2|15|4|5|0|2|19|1|7|4|874|17|17|1|7|8|32|2|6|6|21|920|2|27|1|9|32|9|5|0|5|0|954|1|10|5|1|13|7|2|2|29|7|782|15|3|17|5|9|1|4|0|9|6|955|0|7|0|6|7|13|6|15|3|1|976|4|14|8|8|9|10|6|14|9|0|912|6|5|5|2|13|39|7|2|21|10|886
14,tanh,tanh,0,interleave,12,0.003,10,ce,ok,37.6885,94.8978,93.66,93.6305,93.24,93.1352,93.74,8,0.581919|0.290792|0.247421|0.223706|0.208715|0.198704|0.189715|0.182245|0.17738|0.173053,84.6689|91.6867|92.92|93.4711|93.9022|94.1489|94.4711|94.6267|94.6378|94.8978,90.5|91.34|92.4|93.56|93.12|93.24|93.5|93.74|93.44|93.66,90.4461|91.3024|92.3875|93.5245|93.0835|93.2212|93.4882|93.7176|93.416|93.6305,936|1|2|1|0|4|7|1|6|5|0|1139|4|5|3|4|0|2|6|1|11|3|876|7|15|3|21|10|22|1|4|9|20|892|2|44|4|22|21|15|2|0|0|1|941|3|10|2|5|30|5|5|2|10|9|793|25|4|10|6|6|3|0|1|4|7|967|0|3|0|4|9|9|4|9|1|1|978|0|30|5|13|7|9|4|15|14|2|901|12|3|2|0|8|45|8|1|17|5|901
15,tanh,tanh,0,interleave,12,0.003,10,ce,ok,38.117,94.7378,94.2,94.1923,93.82,93.7222,94.2,10,0.578727|0.290083|0.248115|0.224605|0.210583|0.200227|0.191752|0.186128|0.182468|0.176026,84.2356|91.6667|92.7111|93.4533|93.8911|94.12|94.4733|94.5467|94.64|94.7378,91.14|92.48|92.96|93.94|93.46|93.72|93.48|94.1|93.04|94.2,91.1324|92.4528|92.9607|93.9279|93.4485|93.6964|93.493|94.1062|93.1176|94.1923,933|0|2|1|2|10|3|0|11|1|0|1121|2|3|6|7|1|4|14|6|18|3|878|12|15|3|7|10|15|8|3|5|19|953|1|20|0|12|13|7|9|1|1|0|934|2|6|4|5|32|3|0|0|10|6|801|24|0|16|9|9|1|3|0|4|7|962|0|5|0|6|0|14|5|10|2|0|989|1|18|4|3|11|12|4|26|9|0|905|8|7|1|2|18|22|8|0|21|5|906
16,tanh,tanh,0,interleave,12,0.003,10,ce,ok,37.7845,94.5644,93.1,93.0253,93.3,93.1833,93.22,8,0.556496|0.281698|0.247957|0.22918|0.217137|0.2057|0.2004|0.19423|0.189185|0.183344,85.0533|91.9044|92.7044|93.2889|93.5667|93.9178|94.1244|94.2044|94.2689|94.5644,89.54|92.04|92.24|92.54|92.68|92.36|92.4|93.22|92.76|93.1,89.5022|91.9862|92.1841|92.4874|92.6564|92.3263|92.3921|93.1544|92.6964|93.0253,939|0|2|2|1|5|5|5|3|1|0|1132|4|3|1|1|1|7|15|0|8|5|880|18|13|5|12|14|9|5|8|7|23|922|0|28|1|26|14|4|3|0|5|1|940|0|19|7|2|17|10|5|3|37|3|765|15|8|17|6|9|2|4|1|8|10|954|0|3|0|1|3|12|8|5|1|0|1002|0|13|7|8|10|17|4|16|9|0|896|15|7|1|1|7|28|7|0|34|5|900
17,tanh,tanh,0,interleave,12,0.003,10,ce,ok,39.1312,94.4044,93.76,93.7352,93.47,93.3367,93.76,10,0.566524|0.29394|0.256884|0.235217|0.222441|0.212963|0.204452|0.19728|0.192087|0.188141,84.6422|91.6311|92.5444|93.1178|93.4578|93.8822|93.9933|94.2711|94.2956|94.4044,90.12|91.68|92.72|92.78|92.76|93.42|93.24|92.68|93.68|93.76,90.0168|91.5934|92.6882|92.7368|92.733|93.3693|93.2307|92.6126|93.636|93.7352,937|0|6|1|2|9|2|0|5|1|0|1143|0|3|2|4|1|2|8|1|16|6|873|15|8|4|15|9|19|4|9|8|19|929|2|26|2|16|18|4|3|1|5|0|946|3|12|2|7|15|10|0|2|14|4|796|14|5|16|8|5|2|4|0|2|9|964|0|5|0|3|4|20|5|11|3|0|986|2|11|12|8|16|15|7|27|6|2|874|15|7|1|1|12|36|12|0|19|3|899
18,tanh,tanh,0,interleave,12,0.003,10,ce,ok,37.5817,94.7067,94.08,94.06,93.18,93.0568,94.14,9,0.568323|0.285661|0.24884|0.227664|0.21331|0.203368|0.195086|0.190994|0.184182|0.178324,84.4422|91.7556|92.7756|93.3822|93.7978|94.0511|94.2333|94.3133|94.5867|94.7067,91.28|92.3|93.4|92.96|93.56|93.68|93.84|94.1|94.14|94.08,91.2306|92.2565|93.378|92.9315|93.5433|93.6643|93.8473|94.0941|94.1136|94.06,919|0|13|0|1|11|10|1|8|0|0|1138|4|6|5|5|1|2|3|0|4|3|893|16|14|6|16|6|11|0|2|7|26|934|0|32|2|16|10|4|0|0|10|0|942|2|9|3|3|25|4|2|7|22|1|802|14|3|5|9|6|1|4|0|2|13|961|0|4|0|4|6|14|5|10|0|2|988|0|16|3|16|37|22|5|40|4|3|840|12|6|4|0|10|30|10|0|24|5|901
19,tanh,tanh,0,interleave,12,0.003,10,ce,ok,34.9913,94.8,93.8,93.7712,93.21,93.1176,93.8,10,0.564926|0.280887|0.245856|0.22555|0.21257|0.203927|0.197058|0.187917|0.183582|0.177572,84.9378|91.9467|92.9378|93.5289|93.7422|94.0689|94.2489|94.4378|94.5244|94.8,90.62|91.82|92.2|92.64|92.84|93.34|93.58|93.6|93.66|93.8,90.6228|91.7838|92.16|92.6218|92.8555|93.3253|93.5502|93.5824|93.6251|93.7712,929|1|6|3|1|5|6|1|8|3|0|1138|3|4|5|2|1|4|6|1|14|12|884|10|20|2|8|6|10|3|9|7|24|922|1|27|3|18|12|10|2|0|4|0|919|1|9|4|2|53|3|3|2|27|7|799|12|3|7|6|8|4|0|0|6|15|956|0|2|0|5|4|12|2|11|1|0|989|1|20|6|26|12|13|4|26|6|8|863|18|8|2|2|11|17|6|0|17|5|922
20,tanh,tanh,0,interleave,12,0.003,10,ce,ok,35.9595,94.8156,94.5,94.4845,93.37,93.2643,94.5,10,0.549114|0.283731|0.244433|0.224356|0.208277|0.196424|0.189728|0.185846|0.176626|0.173858,85.4889|91.7444|92.9289|93.4267|93.86|94.2333|94.4|94.5|94.7933|94.8156,91.46|92.74|93.36|93.06|93.8|93.4|93.3|94.04|94.02|94.5,91.389|92.6874|93.3074|93.0734|93.7461|93.3634|93.3049|94.0023|94.0199|94.4845,933|0|5|2|2|10|3|1|7|0|0|1144|5|3|3|0|0|4|4|1|9|5|896|22|7|1|6|15|8|0|2|2|32|941|1|25|2|18|7|3|5|2|8|0|903|1|11|7|5|52|2|4|6|19|2|802|13|1|14|6|7|1|5|0|6|19|946|0|7|0|7|5|6|6|8|2|0|999|0|12|3|14|12|21|3|23|6|3|888|9|8|4|2|5|28|9|0|32|17|885
21,tanh,tanh,0,interleave,12,0.003,10,ce,ok,35.3421,94.7711,93.62,93.6084,93.59,93.4741,93.62,8,0.58201|0.280588|0.242574|0.22146|0.207686|0.199205|0.191072|0.184428|0.179199|0.175278,84.0289|91.7867|92.8689|93.4956|93.9578|94.1178|94.3844|94.5267|94.6422|94.7711,90.78|92.04|92.4|93.24|93.28|93.26|93.34|93.62|93.62|93.62,90.714|91.9525|92.3293|93.1936|93.2511|93.2576|93.3443|93.5972|93.583|93.6084,929|0|5|2|2|8|11|1|5|0|0|1140|2|2|2|6|0|2|8|2|9|3|876|14|17|9|17|10|13|1|1|8|14|944|0|29|2|12|8|15|0|1|4|0|936|1|14|1|2|35|4|6|5|24|8|779|23|3|9|8|8|2|2|1|5|9|962|0|2|0|3|6|14|6|7|4|0|976|1|28|4|13|8|14|2|24|12|0|894|11|5|0|1|11|27|5|0|18|0|923
22,tanh,tanh,0,interleave,12,0.003,10,ce,ok,36.8091,94.8156,93.64,93.6373,93.34,93.2412,93.86,9,0.544851|0.283862|0.242827|0.223058|0.210116|0.20008|0.192617|0.186002|0.181232|0.177623,85.4533|91.7422|92.9289|93.58|93.9622|94.2289|94.4178|94.5644|94.8289|94.8156,90.94|92.22|93.1|93.52|93.02|93.46|93.8|93.18|93.86|93.64,90.8957|92.1995|93.0939|93.5025|93.0025|93.4254|93.7938|93.1634|93.8512|93.6373,937|0|2|1|3|3|6|2|9|0|0|1118|4|3|5|6|1|6|20|1|9|7|890|10|11|9|16|10|7|0|1|5|15|933|1|34|2|18|14|10|3|1|7|0|955|2|9|1|1|15|5|1|5|38|9|777|10|1|15|8|11|1|0|0|12|4|957|0|6|0|6|7|6|6|12|3|1|985|0|19|1|3|6|6|14|20|12|4|906|10|6|2|0|11|67|7|0|16|5|876
23,tanh,tanh,0,interleave,12,0.003,10,ce,ok,36.5577,94.72,93.98,93.973,93.73,93.6331,93.98,10,0.560003|0.285145|0.247056|0.228283|0.216001|0.206411|0.198361|0.192574|0.18642|0.182599,85.1044|91.7178|92.8089|93.3711|93.72|93.9911|94.2422|94.3844|94.5133|94.72,91.12|91.52|92.86|93.12|93.36|93.28|93.52|93.72|93.6|93.98,91.0761|91.5298|92.8424|93.0769|93.3377|93.2907|93.5013|93.7081|93.5903|93.973,935|0|7|2|4|5|6|0|3|1|0|1122|5|6|4|5|0|2|18|2|4|2|907|15|11|2|7|6|14|1|4|6|33|920|1|25|1|16|15|12|1|0|6|0|934|2|12|3|1|35|8|4|7|20|7|778|18|1|15|11|5|0|6|0|9|5|956|0|10|0|4|3|10|4|13|3|0|985|0|23|4|3|13|5|3|19|5|0|921|9|8|0|0|13|29|6|1|14|4|915
24,tanh,tanh,0,interleave,12,0.003,10,ce,ok,37.2441,94.8067,93.9,93.8604,93.28,93.1786,94,9,0.563927|0.285618|0.246605|0.22521|0.208911|0.199509|0.191479|0.183411|0.179669|0.175986,84.5|91.9178|93.0711|93.46|93.7933|94.2044|94.4133|94.6578|94.6844|94.8067,91.16|92.74|92.94|93.18|93.3|93.56|93.96|93.8|94|93.9,91.0736|92.7003|92.8834|93.154|93.2713|93.5298|93.9319|93.7456|93.9839|93.8604,940|0|6|1|1|3|7|0|4|1|0|1139|6|0|5|1|0|2|10|1|6|3|920|4|5|4|9|8|10|0|2|4|35|926|0|31|2|15|12|6|5|0|10|1|901|0|21|4|12|40|7|1|13|19|5|791|12|3|12|6|9|1|14|0|1|9|949|0|8|0|8|3|25|1|8|0|2|980|2|16|8|8|32|18|1|20|7|5|878|5|5|3|3|16|19|3|0|32|5|904
25,tanh,tanh,0,interleave,12,0.003,10,ce,ok,35.5215,94.78,93.44,93.4533,92.72,92.6534,93.72,9,0.530716|0.277873|0.243346|0.224274|0.210773|0.200036|0.194367|0.186359|0.182986|0.178098,85.8111|91.9067|93.0422|93.4844|93.88|94.22|94.4378|94.5467|94.6489|94.78,91.1|92.2|92.52|92.64|93.16|93.56|93.54|93.58|93.72|93.44,91.0673|92.1547|92.4622|92.6086|93.1266|93.5236|93.5247|93.5641|93.6797|93.4533,926|0|8|1|2|4|5|0|13|4|0|1138|1|4|2|9|0|2|6|2|5|13|853|41|11|1|12|14|18|1|2|15|10|938|0|35|3|12|15|3|2|4|6|1|939|1|12|1|4|24|4|7|5|20|5|803|9|2|9|5|7|3|2|0|6|14|954|0|5|0|6|6|6|10|13|3|1|947|1|52|3|39|7|21|3|22|8|2|858|19|4|2|1|12|35|6|1|7|6|916
26,tanh,tanh,0,interleave,12,0.003,10,ce,ok,37.0624,94.4156,93.92,93.8876,93.19,93.0705,93.92,10,0.562796|0.289909|0.252378|0.234518|0.21955|0.208731|0.201675|0.195596|0.191169|0.186799,84.4667|91.4067|92.7356|93.1533|93.56|93.8289|94.0244|94.1111|94.2911|94.4156,90.56|91.76|92.58|92.78|93.24|93.32|93.58|93.7|93.6|93.92,90.5684|91.7448|92.5552|92.7353|93.2125|93.2641|93.5632|93.6807|93.5828|93.8876,937|0|2|1|1|7|9|0|5|1|0|1138|1|3|3|6|2|3|7|1|13|8|865|14|15|8|18|8|15|5|0|5|23|932|1|37|1|13|16|5|3|3|7|1|897|1|19|4|6|53|8|4|3|19|5|793|17|1|10|9|5|2|2|0|1|9|970|0|2|0|8|5|11|2|10|1|0|985|4|19|11|13|12|8|3|15|10|4|897|9|10|2|1|10|30|6|0|23|3|905
27,tanh,tanh,0,interleave,12,0.003,10,ce,ok,36.1487,94.7089,93.48,93.4484,93.31,93.1969,93.48,10,0.555881|0.281214|0.244738|0.227932|0.213386|0.202886|0.197398|0.190931|0.185233|0.18079,85.3667|91.8911|92.9667|93.3356|93.8689|94.0311|94.2867|94.5089|94.5933|94.7089,90.24|92.24|92.62|93.34|93.22|93.18|93.2|93.28|92.98|93.48,90.1352|92.2039|92.572|93.3231|93.1844|93.1506|93.1873|93.2533|92.9505|93.4484,931|1|2|3|1|3|8|2|11|1|1|1145|2|2|4|1|3|3|3|0|19|7|861|10|12|3|21|10|21|5|9|7|9|945|2|29|5|11|14|2|3|4|8|1|933|1|18|8|1|17|13|2|2|14|6|782|21|2|15|12|6|2|4|0|6|7|961|0|5|0|1|12|12|9|9|0|0|989|1|12|3|23|6|3|4|14|11|3|908|7|5|2|3|11|45|8|2|31|7|876
28,tanh,tanh,0,interleave,12,0.003,10,ce,ok,35.7719,94.6733,93.82,93.7894,93.52,93.4019,93.96,9,0.550674|0.270954|0.238374|0.221258|0.210022|0.201829|0.192602|0.18779|0.182273|0.179263,85.5267|92.2689|93.1244|93.6022|93.9422|94.1156|94.4222|94.4556|94.5711|94.6733,91.7|92.36|92.9|93.14|93.16|93.72|93.82|93.6|93.96|93.82,91.6598|92.293|92.8514|93.1131|93.121|93.6912|93.8072|93.5628|93.9261|93.7894,944|0|3|0|2|3|4|1|5|1|0|1137|3|6|5|4|0|2|6|1|9|4|880|12|17|7|12|10|16|2|6|8|26|917|0|38|2|17|12|7|5|0|6|0|917|2|17|4|5|38|7|1|3|13|6|792|18|1|16|12|11|1|4|0|3|5|963|0|4|0|4|0|12|3|9|3|0|1003|2|9|12|10|11|13|5|11|8|5|898|9|9|4|0|16|23|5|0|28|4|901
29,tanh,tanh,0,interleave,12,0.003,10,ce,ok,36.8797,94.7667,93.72,93.6724,93.81,93.716,93.72,10,0.57586|0.287846|0.250017|0.230251|0.215725|0.205569|0.196058|0.189117|0.181632|0.176959,84.1311|91.7378|92.7111|93.3578|93.7111|93.9511|94.1378|94.4933|94.6511|94.7667,90.62|91.72|92.3|92.48|93.32|93.1|93.34|93.38|93.12|93.72,90.5811|91.6116|92.2679|92.4229|93.2591|93.0513|93.3081|93.3579|93.051|93.6724,937|0|2|2|1|1|3|0|16|1|0|1137|2|6|1|6|0|3|9|0|11|3|890|15|10|0|13|8|17|2|2|2|14|965|0|17|0|18|10|5|2|0|3|5|922|1|16|5|8|32|4|7|2|40|3|772|11|2|20|8|13|2|7|0|7|2|951|0|9|0|3|3|11|8|7|1|1|996|1|14|7|14|24|10|1|10|4|2|900|10|5|2|0|8|28|4|0|20|12|911
1,leaky_relu,leaky_relu,0,interleave,12,0.003,10,ce,ok,35.8031,95.0978,93.38,93.2744,93.19,92.9597,94.54,5,0.544352|0.280259|0.23995|0.215007|0.202562|0.18965|0.179679|0.173088|0.167541|0.164056,83.22|91.8156|92.9333|93.6467|93.9667|94.3089|94.6622|94.9044|94.9822|95.0978,91.18|92.8|93.52|93.58|94.54|93.98|93.66|94.38|94.14|93.38,91.1462|92.7697|93.4721|93.5592|94.5072|93.9764|93.6245|94.364|94.1388|93.2744,926|0|6|1|1|6|8|0|11|4|0|1140|7|0|3|0|0|2|11|1|9|4|882|15|10|2|5|8|29|5|2|7|12|953|0|12|1|16|23|7|1|0|7|0|935|1|7|1|4|38|5|7|5|83|3|659|13|3|61|30|4|3|1|0|9|3|964|0|7|0|1|4|18|1|9|1|0|988|3|20|1|8|7|5|4|1|6|1|936|13|6|1|1|9|17|0|0|14|6|936
30,tanh,tanh,0,interleave,12,0.003,10,ce,ok,36.2946,94.6733,93.18,93.1608,93.3,93.2041,93.5,7,0.562014|0.285837|0.247983|0.229562|0.21469|0.205148|0.196979|0.192306|0.183981|0.179264,84.8333|91.6533|92.8378|93.2333|93.6733|94.0244|94.2378|94.2844|94.6311|94.6733,91.3|92.3|93.04|92.8|93.36|91.6|93.5|93.24|93.46|93.18,91.1806|92.2227|92.9959|92.7594|93.3287|91.5815|93.4671|93.1967|93.4318|93.1608,935|0|6|1|1|9|4|1|5|1|0|1131|2|12|5|2|0|2|9|1|9|12|881|19|8|4|8|9|16|3|0|2|15|972|1|16|1|14|8|4|2|2|9|1|948|1|4|3|1|23|7|3|3|67|5|754|7|1|13|9|9|1|11|2|7|22|930|0|9|0|3|8|12|7|15|5|0|977|0|18|2|7|7|35|3|9|2|0|908|9|3|2|2|21|40|9|0|18|1|894
2,leaky_relu,leaky_relu,0,interleave,12,0.003,10,ce,ok,34.9377,94.7422,94.24,94.234,94.07,93.9798,94.24,10,0.565028|0.286851|0.245324|0.224591|0.212465|0.201624|0.195719|0.187818|0.180773|0.176111,82.4067|91.5956|92.6333|93.28|93.6756|94.0244|94.2|94.4289|94.6111|94.7422,90.72|92.5|93.36|93.66|93.42|92.8|93.78|93.9|93.98|94.24,90.6707|92.4681|93.3203|93.6269|93.3888|92.8119|93.7794|93.8933|93.9659|94.234,943|0|1|1|1|4|2|0|9|2|0|1142|3|2|4|1|0|2|10|0|14|7|879|18|10|2|10|12|16|1|4|10|11|947|0|35|2|14|7|3|5|0|4|1|941|0|13|1|6|23|6|2|5|7|6|799|16|0|21|7|7|1|2|0|5|5|962|0|9|0|2|4|8|11|13|3|0|983|2|19|4|20|10|11|6|18|6|0|899|8|7|2|0|9|28|5|0|21|6|912
3,leaky_relu,leaky_relu,0,interleave,12,0.003,10,ce,ok,35.7694,94.86,93.94,93.9643,93.38,93.3354,94.28,7,0.523487|0.274492|0.238241|0.216487|0.204647|0.192681|0.186761|0.179446|0.176344|0.172632,83.8933|91.9089|93.0133|93.5178|93.8578|94.1911|94.4|94.5311|94.6422|94.86,92.02|93.08|93.88|93.16|93.52|93.74|94.28|93.74|93.96|93.94,91.9706|93.0842|93.8726|93.1687|93.5319|93.7367|94.2705|93.754|93.9448|93.9643,930|0|4|0|1|5|4|0|17|2|0|1107|8|7|3|2|0|2|34|1|11|3|897|9|5|3|14|5|21|1|5|4|19|906|1|36|4|10|38|10|2|0|6|1|916|0|14|1|5|49|4|1|5|9|2|805|18|2|14|9|2|1|0|0|0|5|974|0|9|0|6|2|19|7|11|1|0|950|5|44|6|3|2|2|5|11|11|0|931|11|5|3|0|11|20|10|0|6|13|922
4,leaky_relu,leaky_relu,0,interleave,12,0.003,10,ce,ok,35.3602,94.6733,94.26,94.2199,94.24,94.1347,94.74,8,0.535915|0.290542|0.249623|0.227274|0.21292|0.200821|0.193722|0.183809|0.178691|0.176872,83.76|91.3644|92.6333|93.2711|93.7467|94.1111|94.2|94.5178|94.6756|94.6733,88.76|92.04|92.58|93.6|93.7|93.5|92.78|94.74|94.38|94.26,88.6347|92.0066|92.5484|93.5723|93.6502|93.4751|92.7754|94.7191|94.3497|94.2199,944|0|1|1|1|4|3|1|7|1|0|1144|3|2|4|0|0|2|9|0|12|18|861|18|10|6|9|9|23|3|0|4|8|968|1|21|2|9|13|7|4|0|5|0|932|1|17|1|2|32|10|3|5|25|3|777|21|1|18|6|9|1|1|0|1|4|970|0|5|0|4|2|6|12|9|1|1|996|1|13|5|16|3|10|5|7|8|0|924|4|5|2|0|17|25|7|1|21|4|908
5,leaky_relu,leaky_relu,0,interleave,12,0.003,10,ce,ok,35.8842,94.7978,93.58,93.5669,93.49,93.4003,93.64,5,0.529857|0.301068|0.264035|0.239036|0.221817|0.204214|0.196214|0.186366|0.178972|0.17381,84.2|91.2511|92.2644|92.9889|93.4333|93.9756|94.18|94.4622|94.6889|94.7978,90.92|92.14|92.38|93.24|93.64|93.08|93.24|93.46|93.38|93.58,90.8782|92.0829|92.3505|93.198|93.6158|93.0443|93.2546|93.4214|93.3763|93.5669,938|0|5|2|3|1|6|1|6|1|0|1140|1|2|3|2|0|3|9|4|12|11|877|9|8|3|15|13|19|2|0|12|11|930|0|34|1|22|11|12|4|1|9|0|889|1|23|6|2|59|3|3|3|15|3|778|16|4|12|32|6|0|0|0|3|6|967|0|8|1|4|6|6|1|4|1|0|997|3|23|7|12|5|6|1|15|9|1|882|44|3|1|0|6|12|1|0|13|3|951
6,leaky_relu,leaky_relu,0,interleave,12,0.003,10,ce,ok,35.9043,94.9156,93.94,93.8747,94.27,94.1696,94.22,8,0.526084|0.270326|0.229736|0.211316|0.198207|0.189194|0.183397|0.17473|0.174277|0.169247,83.9911|91.9911|93.2889|93.7556|94.0889|94.3689|94.6267|94.8022|94.7867|94.9156,92.2|93.16|93.48|93.18|93.42|94.18|94.08|94.22|94|93.94,92.0968|93.1412|93.4438|93.1543|93.4024|94.1486|94.0493|94.1942|93.9447|93.8747,947|0|3|2|3|1|2|0|5|0|0|1131|8|0|5|3|0|4|10|3|9|3|910|6|12|1|6|14|8|0|6|5|25|927|2|27|2|16|17|6|4|0|5|0|935|2|16|5|5|22|7|1|2|16|2|783|20|1|22|15|14|1|4|0|5|2|957|0|8|0|5|1|9|3|6|0|0|1015|0|6|11|4|6|7|3|7|14|2|915|13|11|2|1|4|38|2|1|17|7|907
7,leaky_relu,leaky_relu,0,interleave,12,0.003,10,ce,ok,36.1354,95.0333,93.18,93.1776,93.14,93.0295,94.2,6,0.572267|0.299246|0.247678|0.222637|0.207415|0.196596|0.185871|0.180399|0.173828|0.167615,82.0844|91.32|92.7422|93.3578|93.96|94.1044|94.4222|94.6044|94.8067|95.0333,89.36|92|92.82|93.06|94|94.2|92.84|94.06|94.02|93.18,89.3175|91.9739|92.7561|93.0713|93.969|94.1816|92.8329|94.0458|93.9999|93.1776,936|0|2|1|4|5|8|0|6|1|1|1129|0|4|5|4|1|3|15|2|16|4|821|39|15|2|25|15|31|1|3|3|8|948|1|30|2|14|12|12|2|0|2|0|900|0|15|1|9|65|5|0|1|26|7|797|17|0|8|8|6|1|0|0|5|8|968|0|3|0|2|5|5|9|5|0|1|987|1|30|9|6|2|8|10|24|9|4|891|19|5|3|0|9|9|8|0|17|2|937
8,leaky_relu,leaky_relu,0,interleave,12,0.003,10,ce,ok,37.9958,94.9156,94.18,94.2062,93.61,93.5664,94.52,9,0.521322|0.271078|0.233181|0.214307|0.201592|0.194043|0.185866|0.17803|0.174319|0.169888,84.0933|91.9556|93.1044|93.6578|94|94.1511|94.4489|94.5978|94.7222|94.9156,90.08|92.52|93.2|93.24|93.98|93.16|94.22|94.26|94.52|94.18,89.9802|92.4984|93.1813|93.2504|93.9533|93.1678|94.2095|94.2678|94.5228|94.2062,929|0|8|0|1|0|8|1|13|3|0|1105|1|6|5|0|3|4|37|3|9|5|871|5|16|4|13|16|25|5|0|1|12|953|1|20|2|11|18|15|1|0|3|1|940|0|6|3|4|36|3|1|4|29|9|781|18|1|13|10|5|1|2|1|12|3|960|0|7|0|0|0|7|1|8|2|0|981|0|46|5|7|3|2|8|7|9|2|906|33|1|1|0|8|21|5|0|16|3|935
9,leaky_relu,leaky_relu,0,interleave,12,0.003,10,ce,ok,38.5733,94.7578,94.5,94.4708,94.16,94.0638,94.5,10,0.572526|0.299478|0.252885|0.228904|0.213298|0.203151|0.195535|0.187438|0.181859|0.176748,82.3867|91.3733|92.7822|93.3|93.8622|94.0889|94.2644|94.4156|94.6044|94.7578,90.68|92.72|93.02|93.52|93.84|93.76|93.42|94.06|94.26|94.5,90.6902|92.6917|92.9493|93.4638|93.8164|93.7569|93.3829|94.0351|94.2166|94.4708,942|0|0|1|0|6|4|0|9|1|0|1133|7|3|3|5|0|0|12|1|9|8|892|11|11|2|17|7|12|0|8|6|15|922|3|33|2|10|32|2|4|0|4|0|948|1|11|1|6|19|9|0|3|7|6|807|16|1|15|5|8|1|2|0|3|8|962|0|7|0|6|3|13|4|12|5|0|981|3|18|11|6|7|5|4|23|4|0|921|1|11|2|0|7|22|12|0|15|13|908
10,leaky_relu,leaky_relu,0,interleave,12,0.003,10,ce,ok,38.1336,94.2644,92.86,92.8232,92.83,92.7147,93.58,7,0.578488|0.30531|0.2638|0.242472|0.228615|0.216326|0.207029|0.20017|0.194155|0.189895,81.8111|90.9622|92.2467|92.8822|93.2022|93.5178|93.8956|93.9|94.2022|94.2644,89.7|90.8|91.88|92.76|92.04|93.28|93.58|93.4|93.52|92.86,89.5534|90.7523|91.8319|92.7366|91.9777|93.2751|93.5729|93.3673|93.4829|92.8232,931|0|12|3|1|3|3|2|8|0|0|1139|3|8|2|1|0|2|8|1|1|6|907|16|12|1|5|10|11|0|2|5|13|964|0|9|2|21|10|7|1|1|10|0|880|1|11|1|9|80|9|0|7|54|1|728|12|4|29|25|10|1|10|0|4|9|935|0|22|0|4|3|20|3|4|2|0|982|0|27|6|17|17|31|2|4|3|6|882|14|8|2|1|10|11|0|0|21|2|935
11,leaky_relu,leaky_relu,0,interleave,12,0.003,10,ce,ok,35.8609,95.0844,94.5,94.4503,93.81,93.7066,94.5,10,0.516642|0.278655|0.235818|0.215362|0.199794|0.19075|0.182571|0.175931|0.169216|0.165732,84.3022|91.6711|93.0556|93.6044|94.0467|94.2311|94.5689|94.7511|94.9911|95.0844,90.74|91.34|93.86|94.14|93.84|94.06|93.76|93.5|94.1|94.5,90.6871|91.3255|93.8492|94.1159|93.8272|94.0361|93.7128|93.4496|94.0744|94.4503,945|0|5|0|1|2|5|0|4|1|0|1144|4|2|2|5|0|3|4|0|12|5|906|9|7|3|13|6|7|1|7|10|18|929|1|31|2|15|15|5|4|2|11|1|920|0|23|2|5|26|11|3|4|9|4|815|10|0|5|8|12|2|4|0|1|14|955|0|3|0|2|8|18|6|10|6|3|975|2|15|19|14|20|10|3|29|6|0|874|7|10|4|0|5|22|16|0|11|4|918
12,leaky_relu,leaky_relu,0,interleave,12,0.003,10,ce,ok,36.726,94.8911,94.14,94.1418,93.61,93.5215,94.14,10,0.536196|0.280071|0.243823|0.221639|0.209601|0.198215|0.189797|0.184087|0.178746|0.173513,83.52|91.6178|92.9511|93.6111|93.8|94.2133|94.4244|94.7311|94.8556|94.8911,91.86|92.68|93.4|93.4|93.54|93.18|93.92|93.78|93.62|94.14,91.7682|92.613|93.3469|93.3466|93.5023|93.1385|93.8991|93.754|93.6338|94.1418,919|0|4|1|4|12|3|1|10|9|0|1139|3|2|4|1|0|1|13|1|6|7|862|17|19|6|6|23|22|1|2|5|4|963|2|26|1|11|16|3|1|0|5|2|949|0|4|4|2|27|4|2|4|21|7|799|3|4|14|11|4|1|3|2|20|19|931|0|11|0|0|1|4|11|12|2|0|991|2|22|2|7|6|17|9|18|2|0|888|33|2|2|0|12|21|4|0|27|2|920
13,leaky_relu,leaky_relu,0,interleave,12,0.003,10,ce,ok,36.7784,95.0044,94.22,94.2302,93.96,93.8883,94.32,8,0.519691|0.280242|0.24098|0.219621|0.204959|0.194185|0.187044|0.178503|0.171973|0.168345,84.3022|91.82|92.8178|93.5733|93.9422|94.2778|94.4244|94.7311|94.9244|95.0044,91.4|92.74|93.06|93.58|93.14|93.66|94.08|94.32|94.02|94.22,91.3463|92.694|93.0385|93.5644|93.1186|93.6683|94.0656|94.299|93.9977|94.2302,932|0|6|1|2|9|4|0|8|1|0|1131|2|6|3|5|0|2|13|2|9|5|870|13|21|4|16|14|14|3|1|8|16|958|1|27|1|12|6|3|2|0|8|0|954|0|9|2|3|16|2|6|2|18|4|811|10|1|11|4|6|2|4|0|12|9|955|0|3|0|3|0|7|8|19|1|0|985|3|19|1|11|12|15|4|12|4|1|912|10|6|0|1|12|53|4|1|21|4|888
14,leaky_relu,leaky_relu,0,interleave,12,0.003,10,ce,ok,37.5585,94.8956,93.58,93.5458,93.83,93.7405,93.82,8,0.533032|0.283141|0.241165|0.217661|0.205629|0.195165|0.186383|0.180208|0.175558|0.170337,83.8067|91.8089|93.04|93.6133|93.8422|94.1444|94.3911|94.5667|94.7422|94.8956,91.08|90.84|93.26|93.02|93.76|93.72|93.52|93.82|93.7|93.58,90.9927|90.7903|93.2477|92.9972|93.7524|93.7088|93.49|93.7853|93.6653|93.5458,937|0|3|0|2|3|7|1|7|3|0|1153|1|1|3|1|1|0|3|1|8|19|887|4|15|3|14|11|8|0|3|16|18|910|1|40|2|10|12|21|2|2|6|0|939|1|8|1|1|34|7|7|5|17|3|783|17|1|17|12|8|2|1|0|5|2|971|0|2|0|1|8|9|5|12|0|0|989|1|20|2|28|9|7|4|13|13|1|895|10|3|3|0|6|35|5|2|11|6|919
15,leaky_relu,leaky_relu,0,interleave,12,0.003,10,ce,ok,37.4082,94.9022,94.4,94.3816,94.23,94.1445,94.48,8,0.561766|0.288568|0.238428|0.214187|0.202574|0.191743|0.185471|0.179168|0.175135|0.170058,82.7422|91.5|92.9378|93.5756|93.9667|94.24|94.46|94.5444|94.7667|94.9022,91.56|93.02|93|93.72|94.26|94.2|94.04|94.48|94.28|94.4,91.5047|93.0116|92.9762|93.6835|94.2276|94.1662|94.011|94.4696|94.2504|94.3816,940|0|5|1|1|5|2|1|7|1|0|1139|2|2|4|3|1|5|5|3|9|8|885|15|9|5|8|12|14|4|1|6|9|959|1|22|1|17|12|5|2|0|7|1|937|1|9|2|4|31|0|0|3|22|2|814|6|0|13|9|14|2|2|0|5|12|952|0|4|0|2|5|5|5|7|2|1|1002|2|14|2|14|8|18|11|29|5|0|875|20|4|3|0|9|26|8|0|17|3|920
16,leaky_relu,leaky_relu,0,interleave,12,0.003,10,ce,ok,36.2508,94.9422,93.82,93.8085,93.61,93.5177,93.82,10,0.520829|0.287686|0.246866|0.222938|0.209423|0.196921|0.188169|0.181697|0.175542|0.170354,84.1756|91.5111|92.8222|93.3711|93.82|94.1089|94.4644|94.6911|94.7822|94.9422,89.76|92.08|93.3|93.02|93.48|93.44|93.8|93.12|92.16|93.82,89.6326|92.0408|93.2406|92.9968|93.4397|93.4208|93.786|93.0825|92.2066|93.8085,930|0|3|0|1|9|6|3|11|0|0|1123|4|1|4|0|0|2|26|4|11|7|866|11|12|4|10|17|30|1|2|2|8|908|2|44|2|25|29|11|4|0|8|0|952|1|15|5|3|6|1|0|4|9|5|798|22|6|16|8|8|0|0|0|5|2|967|0|9|0|2|2|9|0|5|3|0|1013|2|9|5|9|2|0|5|7|11|1|935|7|7|2|0|4|64|3|1|33|7|869
17,leaky_relu,leaky_relu,0,interleave,12,0.003,10,ce,ok,37.8538,94.6044,93.94,93.9144,94.08,93.9949,94.06,8,0.513213|0.271063|0.238166|0.219761|0.205972|0.200631|0.191647|0.187329|0.180577|0.176677,84.5156|91.9222|92.9156|93.3822|93.7711|94.1|94.32|94.4|94.6156|94.6044,91.08|91.78|92.44|93.4|92.1|93.72|93.64|94.06|93.28|93.94,90.9971|91.7291|92.3998|93.3576|92.0295|93.6864|93.6426|94.0068|93.2275|93.9144,926|0|5|1|1|8|11|2|8|1|0|1132|6|3|2|3|2|1|15|0|6|3|924|6|8|1|7|4|9|1|0|4|17|929|1|43|0|7|26|6|0|0|18|0|937|2|10|2|7|18|2|0|6|15|1|818|13|1|6|7|4|2|9|0|9|7|959|0|1|0|0|6|18|4|9|4|1|983|3|17|4|7|14|11|2|29|3|1|909|2|5|2|3|10|40|11|0|16|12|891
18,leaky_relu,leaky_relu,0,interleave,12,0.003,10,ce,ok,37.6655,94.7111,94.02,93.9898,94.02,93.9307,94.02,10,0.561258|0.300431|0.256857|0.235089|0.216972|0.204559|0.193453|0.186747|0.180438|0.17502,82.9244|91.2067|92.5933|93.1178|93.5911|93.8889|94.2978|94.42|94.5689|94.7111,90.28|91.9|92.86|92.18|93.28|93.84|93.78|93.78|93.72|94.02,90.288|91.8399|92.8551|92.0858|93.2344|93.7904|93.7277|93.7366|93.6958|93.9898,934|1|8|2|1|5|3|0|7|2|0|1142|5|4|4|0|0|2|7|0|3|5|917|3|7|1|8|8|14|3|4|11|32|929|0|29|2|11|13|2|1|0|9|0|933|2|22|0|5|22|7|6|7|12|4|788|14|7|17|7|6|1|3|0|4|4|968|0|5|0|4|5|17|2|11|0|1|997|0|8|6|26|20|13|5|19|5|0|881|7|4|5|1|12|26|3|0|21|5|913
19,leaky_relu,leaky_relu,0,interleave,12,0.003,10,ce,ok,38.2241,95.0933,94.48,94.4662,93.53,93.4549,94.62,6,0.556305|0.275816|0.233096|0.213583|0.203336|0.191318|0.182062|0.177629|0.170886|0.166544,82.7022|91.9578|93.2622|93.8933|94.14|94.3356|94.6911|94.8044|94.9178|95.0933,90.82|92.88|92.32|94.42|93.3|94.62|93.9|94.34|93.92|94.48,90.7779|92.8703|92.2544|94.3853|93.2897|94.5912|93.9145|94.2771|93.9158|94.4662,936|0|4|0|2|6|3|4|7|1|0|1151|2|1|6|0|0|0|4|0|6|19|881|7|17|6|6|9|16|2|5|26|16|928|2|21|1|18|8|8|1|0|8|0|952|1|8|6|1|17|7|3|7|12|9|786|12|1|22|10|17|2|4|1|14|4|943|0|6|0|0|5|10|2|6|3|0|1005|2|12|5|37|4|6|15|9|6|2|880|18|3|3|0|8|38|6|0|39|2|891
20,leaky_relu,leaky_relu,0,interleave,12,0.003,10,ce,ok,36.0022,95.0244,93.92,93.8793,94.05,93.9509,94.1,9,0.549876|0.287034|0.243555|0.221846|0.207676|0.198071|0.186939|0.182823|0.174677|0.170609,83.1978|91.6044|92.8978|93.4533|93.9822|94.2533|94.4689|94.5289|94.86|95.0244,91.2|92.24|92.92|92.48|93.3|92.66|93.62|93.74|94.1|93.92,91.115|92.1689|92.8448|92.461|93.2378|92.6416|93.6083|93.7019|94.0778|93.8793,935|0|7|1|1|1|7|0|9|2|0|1134|8|0|1|2|0|4|15|0|4|1|908|7|11|6|11|6|15|0|7|3|26|948|1|15|0|17|13|3|1|0|13|0|899|1|14|16|15|35|9|6|8|24|6|771|15|1|18|11|5|2|1|0|3|6|965|0|9|0|0|2|14|9|4|1|0|1009|1|5|8|7|15|9|1|7|7|3|924|1|5|1|0|12|21|2|0|31|6|912
21,leaky_relu,leaky_relu,0,interleave,12,0.003,10,ce,ok,32.9094,94.8756,94.4,94.4038,93.98,93.9064,94.4,10,0.569809|0.284976|0.245845|0.221043|0.207543|0.197154|0.189034|0.181771|0.175121|0.171153,81.9489|91.5378|92.7911|93.5756|93.9689|94.1044|94.4467|94.6333|94.7644|94.8756,90.48|92.3|93.06|93.76|93.54|94.18|93.18|94.16|93.58|94.4,90.4252|92.2956|93.0272|93.7486|93.4976|94.1652|93.1968|94.1819|93.5708|94.4038,934|0|4|1|0|0|7|2|11|4|0|1145|1|4|3|0|0|2|2|7|5|14|894|16|11|1|9|7|9|3|1|12|16|936|0|18|0|25|14|11|3|0|6|0|926|3|14|2|4|36|7|4|8|15|1|777|16|9|19|13|4|1|1|0|1|5|970|0|9|0|5|5|8|4|3|2|0|996|2|20|6|29|8|8|3|9|6|1|883|29|5|0|0|8|18|3|1|17|1|937
22,leaky_relu,leaky_relu,0,interleave,12,0.003,10,ce,ok,33.6525,94.7622,92.88,92.8837,92.9,92.7726,94.22,7,0.515137|0.27917|0.23897|0.219772|0.205516|0.195986|0.187708|0.182497|0.17674|0.174303,84.4111|91.8|92.8667|93.3956|93.92|94.0756|94.3911|94.4756|94.7422|94.7622,90.76|93|93.2|93.76|93.38|92.78|94.22|93.48|93.44|92.88,90.6937|92.9831|93.1763|93.7549|93.3657|92.7278|94.2026|93.4671|93.4468|92.8837,930|0|3|1|2|3|8|1|12|3|0|1128|0|9|3|1|0|3|18|2|11|4|835|34|19|0|16|30|19|1|1|4|4|982|2|13|1|15|10|1|2|1|1|1|973|1|8|2|2|3|2|1|3|84|6|730|13|2|16|12|5|1|1|1|11|2|961|0|9|0|3|2|5|5|8|3|0|1010|1|8|3|3|8|28|10|4|7|0|910|9|2|4|0|19|93|3|0|33|5|831
23,leaky_relu,leaky_relu,0,interleave,12,0.003,10,ce,ok,32.6591,94.4289,93.72,93.7232,93.45,93.3736,94.14,9,0.562787|0.291379|0.250442|0.229345|0.219657|0.209586|0.204258|0.196999|0.191011|0.187935,82.1111|91.5844|92.7111|93.2844|93.5356|93.86|93.9467|94.28|94.3822|94.4289,91.3|91|92.54|93.78|93.32|93.94|92.82|93.74|94.14|93.72,91.2505|90.9462|92.5349|93.7442|93.2952|93.9115|92.8757|93.7162|94.0986|93.7232,942|0|3|2|1|4|1|1|9|0|0|1111|6|5|4|5|0|2|25|6|4|3|886|21|6|10|7|7|23|2|2|3|5|955|0|36|1|10|13|8|4|0|13|0|914|1|10|3|11|38|11|1|4|13|1|803|14|3|14|5|12|1|3|0|9|12|949|0|5|0|8|2|13|7|7|8|0|957|6|37|4|2|4|17|2|21|6|1|916|9|9|2|1|11|32|5|0|13|5|912
24,leaky_relu,leaky_relu,0,interleave,12,0.003,10,ce,ok,35.023,94.7444,93.74,93.6955,93.91,93.7905,94.34,9,0.546812|0.274448|0.233129|0.215409|0.201409|0.193682|0.187422|0.179937|0.177132|0.171429,83.2133|91.9022|93.08|93.6267|93.9889|94.1756|94.2556|94.5778|94.6267|94.7444,90.88|93.16|92.74|93.54|93.32|93.84|93.96|93.78|94.34|93.74,90.8051|93.1502|92.6741|93.519|93.3256|93.8397|93.9657|93.756|94.3121|93.6955,949|0|0|0|1|0|5|1|6|1|0|1143|4|4|3|0|0|2|5|3|12|10|892|6|8|1|11|6|23|0|2|5|13|973|4|13|1|11|5|6|3|0|9|0|933|1|6|2|2|38|6|7|6|58|7|736|24|2|18|5|10|3|3|0|5|1|963|0|6|0|5|6|11|3|7|2|0|996|0|15|9|33|4|21|3|3|9|2|890|8|9|0|0|11|23|6|0|22|3|916
26,leaky_relu,leaky_relu,0,interleave,12,0.003,10,ce,ok,33.6544,94.9733,94.18,94.1602,94.53,94.4389,94.44,9,0.543212|0.284926|0.243945|0.222691|0.207669|0.197769|0.189884|0.184047|0.176456|0.171432,83.1667|91.5133|92.84|93.5111|93.8533|94.12|94.3911|94.4911|94.6444|94.9733,90.06|92.22|93.16|93.62|93.28|94.18|92.96|94.02|94.44|94.18,90.0574|92.2271|93.1562|93.5859|93.231|94.1458|92.8978|93.9885|94.4226|94.1602,943|0|1|0|1|4|7|0|6|1|0|1144|5|1|2|1|0|3|7|1|9|2|900|8|9|3|21|5|10|2|1|5|14|954|1|26|3|8|8|13|1|0|8|0|923|3|18|4|2|35|4|2|3|12|3|807|19|7|5|7|3|1|0|0|3|9|973|0|2|0|5|1|14|8|6|2|0|978|3|28|6|9|11|11|6|22|7|2|894|14|6|2|1|8|16|4|0|10|6|937
25,leaky_relu,leaky_relu,0,interleave,12,0.003,10,ce,ok,34.2965,94.4956,93.66,93.6228,93.77,93.6862,93.9,9,0.517462|0.301222|0.265045|0.240352|0.22282|0.211485|0.199999|0.192085|0.188219|0.179951,84.42|91.0533|92.1733|92.8467|93.3867|93.6222|94.0156|94.2178|94.2933|94.4956,90.48|91.8|91.82|91.96|92.82|93.06|93.56|92.52|93.9|93.66,90.4676|91.7923|91.7261|91.9207|92.7652|93.0236|93.5156|92.5204|93.8701|93.6228,937|0|5|0|1|2|5|1|9|3|0|1147|2|2|1|3|1|2|6|0|3|8|879|21|8|2|13|19|15|1|2|10|9|954|1|16|1|14|20|6|1|6|8|3|907|1|13|3|6|46|4|4|4|28|5|779|15|0|20|10|9|3|1|0|6|5|959|0|8|0|4|4|4|8|7|3|1|993|1|20|8|13|8|18|1|11|6|8|898|11|5|2|1|13|18|3|0|16|8|924
27,leaky_relu,leaky_relu,0,interleave,12,0.003,10,ce,ok,35.57,94.8444,92.78,92.7191,92.97,92.8334,94,8,0.487681|0.279873|0.247041|0.2259|0.208544|0.196676|0.188884|0.182355|0.17349|0.171755,85.7778|91.7311|92.7889|93.0556|93.64|93.9222|94.2956|94.4711|94.6289|94.8444,90.7|91.58|92.18|93.54|93.76|93.2|93.7|94|93.62|92.78,90.6266|91.5865|92.1358|93.5011|93.7287|93.1659|93.6973|93.9555|93.6058|92.7191,929|0|3|0|3|7|13|3|4|1|0|1144|3|0|5|2|1|5|3|1|5|6|904|3|12|2|18|10|8|1|0|12|23|906|1|50|2|20|9|10|0|0|4|1|961|0|17|1|0|10|3|4|8|22|15|792|15|2|1|7|4|2|1|0|1|5|976|0|2|0|0|2|14|3|17|1|1|1000|2|5|5|31|6|13|15|57|14|2|836|3|6|3|0|11|87|10|1|23|0|849
28,leaky_relu,leaky_relu,0,interleave,12,0.003,10,ce,ok,35.3911,94.7533,94.22,94.1939,94.31,94.2289,94.22,10,0.544183|0.288092|0.241268|0.219341|0.205688|0.195508|0.187089|0.180339|0.174962|0.170968,83.3378|91.5844|92.9356|93.5333|93.8644|94.1644|94.34|94.5533|94.6444|94.7533,89.88|92.1|93.26|93.92|92.92|93.9|93.48|93.48|92.02|94.22,89.8559|92.0187|93.2179|93.9003|92.8687|93.8901|93.5169|93.4381|91.9765|94.1939,937|0|4|2|2|4|7|0|6|1|0|1138|4|0|5|1|1|3|10|2|7|5|901|8|6|3|4|19|14|2|2|5|14|935|0|18|1|30|18|10|0|0|9|0|940|2|5|3|2|33|5|4|3|30|4|788|14|2|13|6|9|1|4|0|2|5|966|1|3|0|2|4|10|1|4|1|1|1008|1|13|5|11|9|9|3|12|8|4|902|19|6|0|1|13|27|4|0|20|3|916
29,leaky_relu,leaky_relu,0,interleave,12,0.003,10,ce,ok,35.5878,95.0356,94.56,94.5383,93.95,93.8556,94.56,10,0.529298|0.270228|0.228175|0.207817|0.195171|0.186248|0.177942|0.172162|0.167625|0.162929,83.8311|92.0667|93.2844|93.7689|94.1489|94.48|94.6356|94.7778|95.0444|95.0356,91.64|92.88|93.16|93.26|94.42|93.64|94.18|93.96|94.06|94.56,91.6117|92.8386|93.1218|93.2096|94.3981|93.6513|94.1477|93.9615|94.0526|94.5383,940|0|4|1|1|3|5|1|7|1|0|1135|3|3|4|2|0|4|12|1|13|5|895|4|15|0|8|20|8|1|5|5|29|939|0|12|2|16|20|5|4|0|7|1|923|0|8|5|4|42|5|1|5|23|2|776|17|1|26|13|3|1|4|0|2|8|967|0|6|0|1|0|10|4|8|1|0|1002|0|19|6|7|15|6|5|9|8|7|907|12|5|2|0|5|24|5|1|24|13|911
30,leaky_relu,leaky_relu,0,interleave,12,0.003,10,ce,ok,34.9748,94.8356,93.98,93.9668,93.34,93.2444,94.06,7,0.510964|0.274804|0.235915|0.217043|0.203846|0.195485|0.185728|0.181172|0.174636|0.170483,84.5422|91.9378|92.9978|93.6467|93.9933|94.1978|94.4578|94.5067|94.7556|94.8356,90.18|92.6|93.34|93|93.86|93.56|94.06|94.04|93.38|93.98,90.0611|92.581|93.2862|92.9829|93.8291|93.5464|94.0415|94.0079|93.378|93.9668,945|0|1|1|1|1|3|0|10|1|0|1134|5|3|2|1|0|2|16|1|11|4|895|26|9|0|6|6|10|2|5|3|17|966|1|10|5|10|16|0|5|3|10|2|921|1|11|7|17|17|8|4|2|70|2|750|20|1|9|3|3|1|1|1|2|13|957|0|13|0|4|1|13|19|8|4|1|986|2|7|4|6|13|18|0|8|5|1|926|1|7|4|2|33|31|7|0|37|15|854
1,sigmoid,sigmoid,0,interleave,12,0.01,10,ce,ok,35.0918,94.2756,93.1,93.0387,92.72,92.5728,93.44,9,1.20143|0.398383|0.303672|0.269445|0.248936|0.233933|0.222096|0.211641|0.204266|0.197664,60.1889|89.2022|91.5|92.3733|92.8267|93.2378|93.62|93.8822|94.0489|94.2756,86.66|90.28|91.92|92.18|92.26|93.02|92.8|93.24|93.44|93.1,86.5371|90.2302|91.8405|92.1387|92.2224|92.9743|92.7717|93.2376|93.4113|93.0387,918|0|17|0|5|3|6|3|9|2|0|1140|6|4|3|1|0|2|7|1|6|9|891|6|13|0|12|9|18|5|1|7|26|936|2|20|0|18|17|6|3|0|7|1|947|1|11|8|2|14|11|5|6|53|6|726|14|6|24|18|9|2|11|0|11|9|945|0|4|0|5|2|16|11|10|3|1|982|0|15|8|14|20|5|4|7|3|3|910|8|1|2|2|13|47|0|1|34|13|877
2,sigmoid,sigmoid,0,interleave,12,0.01,10,ce,ok,32.0131,93.9978,93.12,93.085,93.07,92.9516,93.12,10,1.07384|0.384002|0.310041|0.275484|0.254617|0.238808|0.22787|0.216237|0.208827|0.202652,65.2022|89.2533|91.0178|91.9889|92.5622|93.0111|93.2444|93.5622|93.9089|93.9978,86.88|89.76|91.1|91.66|92.1|92.66|92.48|92.38|92.38|93.12,86.7166|89.6866|91.0481|91.6123|92.0421|92.6249|92.4825|92.3513|92.3491|93.085,927|0|6|2|4|6|8|0|10|0|0|1143|6|1|0|3|0|5|5|1|13|17|862|20|15|2|17|13|8|2|7|13|20|934|0|25|3|17|12|2|6|3|5|0|935|1|8|5|4|27|9|4|11|23|8|762|16|3|22|11|6|2|2|1|1|7|968|0|4|0|6|9|10|2|9|0|1|990|1|17|5|36|4|11|3|18|9|1|874|21|7|3|0|10|32|3|0|19|4|912
3,sigmoid,sigmoid,0,interleave,12,0.01,10,ce,ok,31.035,94.38,93.24,93.2432,92.97,92.8879,93.4,9,1.18282|0.424482|0.315633|0.270874|0.246198|0.228767|0.216531|0.204914|0.198143|0.190573,61.1733|88.8178|91.2311|92.3622|92.8956|93.2978|93.6489|93.8778|94.0933|94.38,86|90.48|91.78|91.1|92.44|92.28|93.28|93.28|93.4|93.24,85.8973|90.4194|91.7393|91.096|92.4275|92.2491|93.247|93.2609|93.3695|93.2432,933|0|2|2|2|2|3|0|10|9|0|1116|1|5|3|0|0|4|32|3|15|3|846|26|22|1|14|13|16|13|0|2|13|936|2|34|2|13|18|13|2|1|8|0|911|1|10|2|1|58|9|1|3|25|7|771|15|1|17|20|5|0|1|0|11|7|958|0|9|0|3|2|12|7|10|0|0|963|2|46|2|3|3|9|3|12|10|0|922|18|3|2|0|2|17|9|0|13|3|941
4,sigmoid,sigmoid,0,interleave,12,0.01,10,ce,ok,30.7776,93.9822,93.4,93.3716,92.84,92.7231,93.4,9,1.16857|0.42328|0.314705|0.274789|0.253677|0.240184|0.22846|0.219248|0.211883|0.206072,62.9133|88.7156|91.1978|92.2622|92.7333|93.1067|93.4133|93.6533|93.7889|93.9822,86.06|89.92|92|92.3|92.12|92.68|92.82|93.36|93.4|93.4,85.957|89.888|91.9925|92.2477|92.0949|92.651|92.7915|93.3058|93.3953|93.3716,930|1|10|1|1|2|6|0|12|0|0|1133|3|9|0|2|0|2|15|0|7|6|891|19|8|7|7|8|15|1|1|6|24|941|0|33|1|13|11|3|5|0|7|2|913|2|16|4|3|42|3|1|10|33|4|757|11|1|33|16|7|5|6|0|6|12|948|0|7|0|3|3|10|10|12|1|0|971|2|33|4|11|14|15|2|8|9|4|910|5|7|2|2|11|30|8|1|31|8|890
5,sigmoid,sigmoid,0,interleave,12,0.01,10,ce,ok,28.868,94.4022,93.76,93.7204,93.36,93.2293,93.76,10,1.15485|0.374017|0.292768|0.25717|0.23655|0.222809|0.213849|0.20453|0.197818|0.191921,62.36|89.4489|91.5289|92.5956|93.18|93.6067|93.7511|94.0533|94.1956|94.4022,87.4|91.1|91.48|92.28|93.12|92.48|93.36|93|93.16|93.76,87.2808|91.0419|91.409|92.2412|93.0992|92.4403|93.3662|92.9598|93.1448|93.7204,934|0|6|2|1|8|3|1|6|2|0|1137|4|3|5|1|0|3|8|3|14|8|891|8|11|4|7|10|16|0|5|4|31|928|1|24|2|20|11|7|6|0|7|0|907|1|16|3|5|49|5|1|4|32|7|763|15|2|25|15|8|2|4|0|7|11|947|0|12|0|4|3|12|3|7|0|0|1000|2|14|5|2|11|10|1|16|4|1|919|13|7|1|1|15|31|1|0|19|5|910
6,sigmoid,sigmoid,0,interleave,12,0.01,10,ce,ok,28.7981,94.66,93.44,93.4191,93.29,93.1868,94.22,7,1.18374|0.378763|0.282771|0.245692|0.224477|0.211149|0.202172|0.195169|0.189532|0.184874,62.5289|89.36|91.9489|92.92|93.5|93.8467|94.1756|94.3778|94.4556|94.66,87.36|91.22|92.84|93.2|93.64|93.26|94.22|94.2|93.84|93.44,87.2448|91.1862|92.7993|93.1639|93.613|93.2432|94.2057|94.1848|93.8039|93.4191,939|0|2|1|4|1|8|0|6|2|0|1112|4|5|5|5|1|4|26|2|11|4|879|9|13|2|11|18|20|2|5|5|11|914|3|46|3|18|16|12|3|0|4|0|952|1|10|0|0|24|6|1|6|16|16|789|18|2|5|10|3|1|3|0|7|10|965|0|1|1|5|0|4|4|19|2|0|984|0|27|15|5|6|7|7|28|13|0|874|27|4|0|0|9|41|2|1|10|2|921
12,sigmoid,sigmoid,0,interleave,12,0.01,10,ce,ok,33.9086,94.1578,93.26,93.2421,93.08,92.95,93.26,10,1.17232|0.389852|0.305491|0.267726|0.245708|0.230247|0.220004|0.211254|0.204555|0.197685,61.7711|89.3222|91.3756|92.3711|92.86|93.3667|93.6222|93.9133|94.08|94.1578,87.48|90.3|91.84|92.38|92.58|92.66|92.96|93.16|92.86|93.26,87.3466|90.2292|91.7809|92.3057|92.5455|92.6475|92.9312|93.1319|92.802|93.2421,914|0|3|1|5|10|13|2|14|1|0|1130|1|3|4|1|0|3|21|1|9|4|856|24|13|4|13|14|27|5|0|4|4|972|0|27|3|7|13|3|1|3|4|0|942|1|12|5|4|22|8|1|2|48|4|756|13|7|21|9|9|0|3|0|17|6|942|0|14|0|1|7|7|7|11|2|0|992|3|15|2|4|8|8|4|19|9|0|914|14|7|2|0|13|44|4|0|24|6|890
7,sigmoid,sigmoid,0,interleave,12,0.01,10,ce,ok,34.2557,94.18,93.76,93.7113,93.29,93.1528,93.76,10,1.14225|0.398297|0.303621|0.269935|0.249584|0.233019|0.220817|0.211572|0.2032|0.196884,62.8956|89.3778|91.5111|92.2978|92.8733|93.3111|93.6489|93.9133|94.0778|94.18,85.86|90.72|91.54|92.08|92.6|92.66|92.98|93.14|93.26|93.76,85.6681|90.6234|91.4477|92.0398|92.5416|92.6109|92.9642|93.0892|93.2428|93.7113,934|0|3|1|1|4|8|3|7|2|0|1132|3|5|6|0|0|1|16|1|19|6|853|24|15|6|13|9|22|2|2|3|15|949|3|21|3|15|17|5|3|0|6|0|944|0|11|2|4|24|9|3|4|32|8|756|14|6|25|12|4|0|1|0|4|9|968|0|5|0|4|4|7|8|8|3|0|991|1|19|3|10|7|17|3|20|9|1|890|22|3|2|2|6|31|1|0|24|9|912
11,sigmoid,sigmoid,0,interleave,12,0.01,10,ce,ok,35.4728,94.1667,93.3,93.2886,92.87,92.748,93.44,7,1.19379|0.408484|0.314776|0.275463|0.252027|0.235487|0.22494|0.216215|0.209168|0.202015,60.54|88.8378|91.0111|92.0289|92.8689|93.3067|93.5444|93.7556|93.9556|94.1667,83.24|89.92|91.44|92.16|92.54|92.32|93.44|92.5|92.46|93.3,83.0331|89.8379|91.4401|92.1412|92.5352|92.317|93.4303|92.508|92.4067|93.2886,939|0|2|1|2|5|2|2|8|2|0|1140|1|3|4|1|1|4|9|1|10|3|891|12|10|1|19|12|11|0|7|7|24|920|0|35|1|18|14|7|4|2|15|1|926|2|18|7|4|15|10|1|5|35|6|774|11|2|13|12|6|2|12|0|10|4|953|0|4|0|2|1|22|2|14|0|0|986|4|14|9|11|23|15|3|16|3|3|889|10|9|2|1|14|47|5|0|42|1|869
8,sigmoid,sigmoid,0,interleave,12,0.01,10,ce,ok,35.5243,94.3156,93.68,93.6679,93.61,93.5051,93.76,9,1.10363|0.40357|0.32067|0.281953|0.257809|0.2398|0.22502|0.212758|0.20288|0.195218,65.4667|89.2444|91.1778|92.1667|92.7111|93.1733|93.4956|93.8511|94.1222|94.3156,87.24|90.4|91.46|92.28|92.14|91.84|93.18|93.38|93.76|93.68,87.1173|90.3313|91.389|92.2174|92.098|91.8416|93.1453|93.343|93.7331|93.6679,930|0|3|1|2|13|7|1|6|0|0|1131|5|5|1|2|0|3|13|4|10|8|868|21|7|9|11|10|23|2|5|1|16|953|0|33|1|11|8|5|2|2|4|1|916|1|12|2|8|46|6|1|9|14|5|799|13|2|15|5|16|2|2|0|5|9|955|0|2|0|2|3|16|7|10|2|0|978|1|26|1|3|4|17|2|21|5|0|916|13|7|2|0|9|26|8|0|18|5|915
14,sigmoid,sigmoid,0,interleave,12,0.01,10,ce,ok,35.5086,94.3444,93.22,93.1935,92.77,92.6405,93.68,9,1.16803|0.37807|0.297034|0.259886|0.238541|0.223655|0.211937|0.20374|0.197782|0.190843,62.9044|89.6578|91.5644|92.4311|92.9133|93.3089|93.7222|93.9956|94.0889|94.3444,87.72|90.62|92.34|92.64|92.92|93.42|93.02|92.98|93.68|93.22,87.59|90.5728|92.2947|92.6056|92.8865|93.3749|92.9845|92.997|93.6577|93.1935,926|0|9|1|2|4|7|5|4|5|0|1137|5|1|3|6|0|2|8|2|13|10|878|11|13|3|11|16|10|4|5|16|14|926|1|27|1|19|13|11|1|2|4|1|938|1|13|1|0|33|11|5|4|26|9|752|28|4|14|16|5|0|5|0|12|5|962|0|2|0|3|10|13|0|7|0|0|992|0|20|5|23|17|15|7|20|11|1|857|26|6|4|1|9|32|1|0|27|1|909
13,sigmoid,sigmoid,0,interleave,12,0.01,10,ce,ok,35.6888,94.42,93.76,93.7289,93.65,93.5234,93.76,10,1.09369|0.392723|0.299452|0.259907|0.24103|0.223737|0.214057|0.203267|0.19674|0.190135,65.6378|89.3244|91.5089|92.68|93.1111|93.56|93.8022|94.1956|94.3111|94.42,86.6|90.26|92.02|92.08|92.44|93.04|93.04|93.34|93.14|93.76,86.4742|90.185|91.9586|92.0183|92.4073|93.0022|93.0032|93.3154|93.1002|93.7289,920|0|6|2|4|5|12|0|14|0|0|1135|2|5|3|1|1|4|13|0|8|10|893|11|16|5|7|6|12|1|1|9|14|952|1|28|2|16|7|3|3|2|4|0|949|2|10|2|2|20|12|1|4|28|11|761|19|3|20|10|8|1|0|0|7|7|964|0|4|0|2|1|15|11|8|3|1|981|1|22|5|12|7|12|4|12|10|0|908|12|6|2|1|7|34|15|0|17|6|902
10,sigmoid,sigmoid,0,interleave,12,0.01,10,ce,ok,35.9579,94.2356,93.34,93.2914,93.22,93.1001,93.34,10,1.20468|0.395891|0.304247|0.266709|0.242797|0.230157|0.218517|0.208843|0.203386|0.197544,60.52|89.1178|91.4133|92.3867|93.1067|93.42|93.6756|93.9067|94.1178|94.2356,86.44|90.14|91.98|92.14|92.8|92.98|92.8|93.2|93.3|93.34,86.2561|90.0444|91.9258|92.1149|92.7536|92.9256|92.7739|93.165|93.2682|93.2914,932|0|9|2|1|5|6|2|5|1|0|1135|6|4|3|3|2|2|5|4|9|1|904|15|10|3|8|5|12|2|1|2|27|948|0|29|1|13|8|4|6|2|9|1|901|5|8|7|5|50|8|0|13|45|7|766|8|6|12|4|8|6|8|0|8|13|944|0|4|0|8|3|17|7|4|3|1|987|1|14|4|10|15|24|4|20|2|1|898|4|6|3|2|16|17|8|0|25|6|907
9,sigmoid,sigmoid,0,interleave,12,0.01,10,ce,ok,36.758,94.0978,93.4,93.3777,93.15,93.0377,93.4,10,1.18902|0.402666|0.310959|0.271183|0.249873|0.236661|0.225526|0.216047|0.208023|0.20321,61.0667|89.1933|91.3289|92.3244|92.8422|93.2644|93.5133|93.7022|93.8822|94.0978,86.28|90.18|91.38|92.3|92.26|93.04|93.24|93.16|92.86|93.4,86.1901|90.1455|91.3223|92.2393|92.2388|92.9999|93.2122|93.1149|92.8165|93.3777,930|0|4|1|2|11|7|1|7|0|0|1130|2|8|2|0|3|1|16|2|7|3|872|13|19|4|24|10|17|0|3|2|12|942|1|32|4|9|17|11|1|3|5|1|923|3|8|1|2|47|14|0|2|35|4|774|14|1|15|10|12|3|6|0|8|8|949|0|5|0|7|1|13|6|14|3|0|970|4|27|1|17|10|12|4|14|7|0|909|8|1|1|1|11|29|12|0|14|5|916
15,sigmoid,sigmoid,0,interleave,12,0.01,10,ce,ok,32.3872,94.2422,93.32,93.3055,92.87,92.7598,93.32,10,1.13386|0.367727|0.295844|0.261632|0.242893|0.231018|0.220495|0.212624|0.203745|0.198238,63.0356|89.5556|91.3689|92.2244|92.8578|93.16|93.4933|93.5911|93.9622|94.2422,87.68|90.48|91.7|91.98|92.42|93.2|93.04|93.3|92.64|93.32,87.6103|90.4412|91.6758|91.9054|92.4022|93.1642|93.0175|93.2706|92.6726|93.3055,929|0|5|0|1|7|5|5|10|1|0|1125|5|6|3|4|1|2|16|2|13|7|885|13|7|4|16|7|16|1|3|4|30|912|1|36|2|21|15|9|1|2|13|0|913|1|19|1|3|41|7|1|2|21|3|777|24|8|13|13|10|1|10|0|0|4|962|0|4|0|6|2|16|5|8|3|0|983|2|20|4|11|16|11|5|13|9|3|897|13|6|2|3|5|34|4|1|21|10|904
17,sigmoid,sigmoid,0,interleave,12,0.01,10,ce,ok,32.1446,94.5489,93.28,93.248,93.45,93.3347,93.76,8,1.17983|0.383052|0.295813|0.259423|0.239426|0.225461|0.214808|0.206897|0.199983|0.192771,60.44|89.2778|91.6267|92.7156|93.3289|93.58|93.9022|94.14|94.3089|94.5489,86.94|90.94|91.98|92.6|92.48|93.16|92.76|93.76|93.4|93.28,86.7818|90.8646|91.9095|92.5412|92.4633|93.0919|92.7121|93.7312|93.3531|93.248,930|0|1|1|3|8|12|0|8|0|0|1132|3|3|3|2|1|4|15|1|15|6|869|11|16|8|20|8|14|2|6|5|5|929|0|44|2|15|21|6|8|0|5|1|942|0|14|5|2|17|4|1|4|13|9|807|12|1|13|5|7|1|3|0|7|10|958|0|5|0|2|5|14|6|9|1|0|992|1|15|1|7|3|8|5|42|8|1|893|14|7|1|0|8|46|7|0|23|5|893
18,sigmoid,sigmoid,0,interleave,12,0.01,10,ce,ok,33.397,93.76,92.72,92.6976,92.31,92.1679,93.02,9,1.17415|0.391925|0.312802|0.282068|0.261303|0.247539|0.236741|0.227382|0.220834|0.213665,61.1067|89.4311|91.2222|92.0467|92.6422|92.96|93.2289|93.5|93.5978|93.76,87.68|90.9|91.36|92.2|92.72|92.6|92.62|92.88|93.02|92.72,87.5821|90.831|91.3591|92.1554|92.6948|92.5769|92.587|92.8424|92.9999|92.6976,923|0|5|1|1|17|7|2|5|2|0|1135|1|9|4|1|0|4|8|2|6|4|874|17|10|8|26|8|15|1|5|10|28|929|1|34|0|10|9|7|4|4|7|0|945|2|11|4|1|16|12|0|3|29|7|789|14|3|8|4|6|1|8|0|2|12|960|0|2|0|7|3|16|3|11|3|0|973|1|28|1|26|15|15|7|42|7|2|857|10|6|1|3|14|74|12|1|31|2|846
16,sigmoid,sigmoid,0,interleave,12,0.01,10,ce,ok,34.8776,94.3333,93.38,93.3379,93.16,93.0631,93.52,7,1.11471|0.412682|0.31225|0.268274|0.243567|0.225625|0.214432|0.205039|0.197092|0.191114,64.4622|88.9689|91.42|92.4756|93.0356|93.4556|93.66|93.9822|94.2511|94.3333,85.92|90.74|91.78|91.86|93.16|92.7|93.52|93.16|93.36|93.38,85.8245|90.6419|91.7265|91.8203|93.1018|92.651|93.4825|93.0992|93.3468|93.3379,933|0|5|0|1|2|4|1|15|2|0|1118|6|2|4|1|0|2|29|2|6|5|909|7|8|3|9|11|11|0|11|7|31|877|0|44|2|30|23|8|1|1|6|0|931|1|25|2|2|25|7|1|2|14|10|785|23|1|18|8|9|0|3|0|8|4|957|0|10|0|2|3|23|0|11|0|0|987|1|18|3|7|13|3|3|13|14|0|913|13|9|1|1|4|40|5|0|17|7|906
21,sigmoid,sigmoid,0,interleave,12,0.01,10,ce,ok,33.2189,94.4733,94.12,94.1041,93.26,93.1473,94.12,10,1.20061|0.390493|0.294982|0.261276|0.240654|0.224611|0.212554|0.202552|0.19458|0.188362,60.8289|89.5889|91.72|92.4644|92.9133|93.4444|93.7333|94.1067|94.2867|94.4733,87.3|90.98|91.94|92.4|93|93.32|93.38|93.08|93.62|94.12,87.2125|90.9093|91.8836|92.3571|92.9672|93.3119|93.363|93.0622|93.603|94.1041,929|0|13|0|1|6|3|2|8|1|0|1134|4|5|0|2|2|3|11|3|9|5|886|17|12|1|15|8|11|5|1|4|25|924|0|34|2|17|14|12|7|0|5|0|911|1|19|3|3|45|9|1|9|15|5|774|14|5|23|14|8|0|3|0|2|8|962|0|8|0|5|1|16|5|7|0|0|974|0|37|4|8|17|9|4|14|6|4|906|10|8|1|2|6|23|4|0|18|2|926
19,sigmoid,sigmoid,0,interleave,12,0.01,10,ce,ok,34.3885,94.1356,93.48,93.4741,92.77,92.6627,93.48,10,1.19175|0.40611|0.31519|0.27704|0.253349|0.235635|0.221891|0.213006|0.203737|0.197167,61.9067|88.9489|91.2511|92.1622|92.8689|93.2178|93.5822|93.8311|94.0756|94.1356,86.7|89.84|91.06|92.16|91.98|93.1|93|92.98|93.3|93.48,86.5121|89.811|91.0148|92.1176|91.9293|93.065|92.9712|92.9544|93.2726|93.4741,927|0|3|2|0|15|3|0|11|2|0|1139|1|2|5|2|1|2|9|3|10|3|885|15|11|9|17|7|10|2|9|14|21|914|1|43|1|14|10|6|2|3|7|0|917|4|13|2|5|41|7|4|7|22|4|798|11|2|7|7|11|2|5|0|4|15|952|0|2|0|4|9|10|5|10|2|0|971|2|32|5|30|15|14|4|27|6|3|861|17|5|5|2|12|22|15|0|14|2|913
20,sigmoid,sigmoid,0,interleave,12,0.01,10,ce,ok,34.6333,94.7422,93.86,93.8531,93.81,93.7163,93.86,10,1.15766|0.386926|0.306101|0.265726|0.24039|0.223169|0.20705|0.196757|0.187203|0.181038,63.5622|89.5222|91.48|92.6044|93.2511|93.6844|94.0222|94.26|94.5489|94.7422,87.88|90.56|91.94|92.44|93.02|93.48|93.22|93.32|93.76|93.86,87.7743|90.4784|91.8821|92.3989|92.9667|93.4462|93.2131|93.2675|93.7491|93.8531,928|0|8|0|2|7|5|3|9|1|0|1147|3|2|1|0|0|1|9|1|10|12|876|15|18|4|7|12|14|1|0|8|13|950|1|28|0|14|13|6|1|2|7|0|928|3|5|2|5|41|2|1|4|18|6|804|11|3|9|11|5|1|2|0|12|17|950|0|4|0|3|5|10|1|11|2|0|998|3|12|2|17|17|5|3|21|6|0|895|16|4|7|1|17|24|4|0|22|6|905
22,sigmoid,sigmoid,0,interleave,12,0.01,10,ce,ok,35.5216,93.9356,93.04,93.0126,92.95,92.8318,93.34,9,1.07064|0.378246|0.295124|0.262864|0.243484|0.22994|0.220651|0.212574|0.205645|0.202236,66.4689|89.6689|91.6|92.4333|92.8733|93.2311|93.4667|93.7089|93.82|93.9356,86.8|91.02|91.62|92.3|91.88|92.3|92.66|92.66|93.34|93.04,86.6697|90.9745|91.561|92.2695|91.8562|92.2174|92.6283|92.6339|93.3206|93.0126,922|0|7|3|2|12|6|1|9|1|0|1130|2|6|4|1|1|2|18|0|5|7|875|10|10|2|20|10|26|4|1|7|21|937|0|28|3|13|16|7|5|1|7|0|922|0|17|2|3|37|7|2|6|31|5|750|17|6|32|13|8|1|2|0|4|5|959|0|12|0|4|6|13|6|7|3|0|967|0|39|3|11|7|5|5|9|5|1|922|14|3|3|1|7|39|3|2|18|3|911
23,sigmoid,sigmoid,0,interleave,12,0.01,10,ce,ok,33.6963,94.6311,94.08,94.062,93.25,93.1569,94.08,10,1.12779|0.395431|0.30076|0.260706|0.239242|0.222646|0.211635|0.200636|0.19505|0.187738,63.5867|89.3533|91.7089|92.7511|93.2289|93.6911|93.86|94.3089|94.3333|94.6311,87.36|89.86|91.76|92.42|92.68|93.06|93.42|93.64|93.4|94.08,87.2432|89.7912|91.7329|92.3881|92.6349|93.019|93.4029|93.6237|93.365|94.062,939|0|2|0|2|4|4|0|10|2|0|1106|5|7|4|5|0|4|31|2|14|5|857|17|14|5|18|6|28|5|4|9|12|942|0|32|2|12|16|4|3|0|4|0|944|1|10|1|3|28|8|2|2|28|9|770|11|5|22|12|12|0|3|0|13|6|947|0|10|0|3|3|10|8|16|2|0|977|1|25|6|1|6|4|2|12|4|2|925|20|5|0|0|10|27|3|0|18|9|918
24,sigmoid,sigmoid,0,interleave,12,0.01,10,ce,ok,33.6949,94.3578,93.34,93.3198,92.68,92.5719,93.34,10,1.1226|0.373565|0.298278|0.267342|0.247095|0.232453|0.220006|0.209942|0.205034|0.19635,63.64|89.8|91.5644|92.4489|92.8333|93.2311|93.6289|93.9289|94.0511|94.3578,87.88|90.94|92.02|92.24|92.48|92.64|93.06|92.94|93.22|93.34,87.7891|90.8933|91.9612|92.2008|92.4388|92.6356|93.0202|92.9195|93.183|93.3198,934|0|2|1|3|3|13|2|5|0|0|1128|7|4|4|4|3|2|10|2|9|3|900|12|8|3|14|9|11|0|6|9|37|919|0|26|1|17|10|8|4|0|10|0|896|0|15|5|7|57|13|2|11|31|5|772|22|2|7|4|6|2|10|0|4|14|949|0|6|0|7|4|18|2|8|3|2|974|0|27|3|7|17|26|3|19|10|0|886|11|4|1|1|16|26|2|0|22|8|910
25,sigmoid,sigmoid,0,interleave,12,0.01,10,ce,ok,32.6785,94.2356,93.06,93.0159,92.47,92.3482,93.8,9,1.1208|0.364012|0.293347|0.261462|0.241864|0.227775|0.217099|0.207668|0.20074|0.194004,63.6644|89.9689|91.5356|92.3067|92.8289|93.2511|93.6022|93.9067|94.0244|94.2356,88.1|91.16|91.58|92.72|92.64|92.54|92.84|93.4|93.8|93.06,88.0094|91.0895|91.4914|92.6888|92.613|92.4924|92.7891|93.3794|93.7698|93.0159,912|0|14|4|5|7|7|5|6|3|0|1139|2|2|2|2|0|5|11|1|7|7|863|26|15|2|10|16|21|2|0|9|20|932|0|28|3|19|15|7|7|1|8|0|925|3|6|5|3|36|5|7|7|35|6|742|13|6|32|16|6|9|5|0|7|6|948|0|10|0|4|3|5|5|13|3|0|984|1|27|5|27|5|20|5|9|1|6|886|18|4|2|1|14|25|4|1|19|4|916
26,sigmoid,sigmoid,0,interleave,12,0.01,10,ce,ok,32.8221,94.4622,93.36,93.3605,93.32,93.2206,93.36,10,1.13864|0.382047|0.306992|0.268648|0.243178|0.226109|0.21342|0.203093|0.196235|0.188929,63.06|89.4267|91.3289|92.4156|92.9711|93.4044|93.8178|94.0489|94.3022|94.4622,87.68|90.16|91.54|92.64|92.96|93.28|93.14|92.84|93.34|93.36,87.6121|90.1327|91.4928|92.6113|92.9185|93.2494|93.1234|92.8428|93.3449|93.3605,947|0|2|0|1|4|2|0|4|3|0|1125|7|4|3|4|0|2|18|1|7|9|885|18|12|6|8|9|12|3|1|3|12|947|1|39|3|12|8|7|6|2|8|0|882|2|18|2|4|70|12|0|2|22|5|793|15|3|10|7|14|1|2|0|6|6|955|0|7|0|7|6|11|9|4|4|0|975|2|27|5|7|6|19|2|26|7|1|894|15|7|3|0|5|19|10|0|11|6|929
27,sigmoid,sigmoid,0,interleave,12,0.01,10,ce,ok,33.5459,94.3267,93.06,93.0275,92.59,92.4446,93.54,8,1.12021|0.388765|0.303332|0.264386|0.24033|0.224498|0.21448|0.204696|0.198668|0.192711,65.22|89.3756|91.4511|92.1644|92.9422|93.4111|93.6578|94.0311|94.0867|94.3267,86.52|90.88|91.62|92.16|92.48|91.6|93.46|93.54|93.42|93.06,86.4728|90.8297|91.5868|92.1302|92.4104|91.4288|93.4443|93.5131|93.39|93.0275,935|0|4|2|3|5|3|0|10|1|0|1127|1|5|3|5|1|3|19|0|11|5|865|15|12|7|24|8|20|2|1|11|14|902|2|68|2|10|17|6|2|1|4|0|950|4|11|2|5|15|10|1|4|19|7|791|13|1|16|7|8|1|2|0|2|8|961|0|9|0|5|1|31|8|16|4|0|972|0|8|5|6|6|7|4|28|6|1|913|6|11|2|1|11|69|22|1|23|7|843
29,sigmoid,sigmoid,0,interleave,12,0.01,10,ce,ok,32.768,94.4,93.24,93.2029,93.28,93.1647,93.24,10,1.14481|0.414084|0.313533|0.268631|0.243035|0.227541|0.213915|0.204861|0.197215|0.191553,61.2978|89.1689|91.4778|92.6022|93.1889|93.5067|93.8933|94.1|94.2556|94.4,86.72|90.56|90.9|92.02|92.9|92.64|93.06|93.2|93.02|93.24,86.6151|90.4449|90.8194|91.9278|92.8688|92.5917|93.0416|93.1759|92.9857|93.2029,941|0|3|3|0|6|2|0|6|2|0|1133|7|3|1|0|3|7|9|1|12|7|881|8|15|1|7|22|11|5|4|6|13|924|3|32|0|28|14|9|2|0|7|0|953|0|11|4|3|14|6|2|6|34|9|767|20|3|11|11|11|2|3|0|10|13|948|0|4|0|1|1|13|2|10|1|2|996|0|19|6|4|14|7|6|9|4|6|904|22|4|2|0|10|60|2|1|25|5|881
28,sigmoid,sigmoid,0,interleave,12,0.01,10,ce,ok,34.8692,94.1267,93.74,93.7291,92.99,92.8881,93.84,9,1.22322|0.421172|0.312317|0.275603|0.255149|0.239423|0.226695|0.217889|0.208532|0.204297,59.6022|88.8022|91.3711|92.1778|92.7178|93.1222|93.5133|93.7489|94|94.1267,85.72|89.62|91.14|91.94|92.54|93.12|92.9|93.58|93.84|93.74,85.6204|89.587|91.1163|91.8813|92.5043|93.107|92.8898|93.5509|93.8214|93.7291,926|0|11|1|3|5|7|1|7|2|0|1129|4|1|5|3|0|4|13|5|16|2|885|8|18|3|7|12|12|6|2|9|27|920|1|31|0|19|17|7|5|0|5|0|930|2|14|7|4|27|3|6|4|19|7|774|10|4|22|20|8|2|6|0|9|7|953|0|6|0|3|3|14|1|12|2|0|980|1|29|4|14|11|7|6|14|7|0|899|20|7|1|4|8|35|5|0|24|3|903
30,sigmoid,sigmoid,0,interleave,12,0.01,10,ce,ok,33.4422,94.7422,93.76,93.7337,93.52,93.4022,93.76,9,1.14518|0.39196|0.290134|0.250611|0.228774|0.213842|0.201682|0.195845|0.188784|0.182333,62.8956|89.5467|91.84|92.88|93.54|93.9733|94.1756|94.3022|94.5644|94.7422,86.16|91.46|91.96|92.7|92.48|93.16|93.58|93.06|93.76|93.76,85.8674|91.4031|91.9023|92.651|92.4226|93.1305|93.5498|93.001|93.736|93.7337,926|0|2|4|5|9|4|0|10|3|0|1140|3|5|2|7|0|2|5|0|7|6|882|17|8|2|11|14|21|1|3|7|12|953|0|27|3|15|9|4|2|1|2|3|938|1|7|3|6|31|7|6|6|39|7|769|11|2|10|12|10|2|1|1|14|12|940|0|11|0|5|5|13|3|11|3|0|991|0|14|2|17|8|13|3|19|5|1|904|10|4|2|0|8|35|12|0|17|3|909
1,tanh,relu,0.5,interleave,12,0.003,10,ce,ok,34.5516,94.6267,93.74,93.717,93.2,93.0761,93.86,8,0.613921|0.315001|0.269078|0.242759|0.225518|0.214574|0.20353|0.197755|0.194153|0.185564,82.5689|91.0044|92.2622|92.9422|93.4689|93.7578|94.1111|94.2578|94.44|94.6267,89.68|91.22|92.72|93.68|93.68|93.52|93.54|93.86|93.78|93.74,89.6724|91.1909|92.6876|93.6573|93.6713|93.4958|93.5242|93.8572|93.8043|93.717,911|0|6|2|2|9|16|1|15|1|0|1143|4|2|5|0|0|4|4|2|5|3|884|21|14|5|9|11|14|3|0|4|13|957|3|8|1|17|26|4|3|0|6|1|948|0|10|3|1|22|3|8|6|33|5|745|15|2|32|20|2|3|8|0|9|6|957|0|6|0|0|4|13|2|7|4|0|986|0|29|2|18|12|21|4|9|5|2|894|15|3|3|3|10|46|5|0|19|6|895
2,tanh,relu,0.5,interleave,12,0.003,10,ce,ok,34.1236,94.6511,93.78,93.7316,93.12,92.9941,93.78,10,0.563483|0.303817|0.267243|0.242792|0.227345|0.213335|0.206514|0.1958|0.189743|0.183593,83.7133|91.3667|92.3311|93.0267|93.4156|93.7622|94.0222|94.3533|94.5467|94.6511,90.42|91.24|92.68|92.72|93.56|93.14|93.1|93.2|93.44|93.78,90.3661|91.1613|92.6329|92.6808|93.5415|93.1123|93.0707|93.1734|93.4327|93.7316,943|0|6|1|1|1|2|2|6|1|0|1141|3|3|0|3|1|7|4|2|13|6|886|12|13|3|16|11|9|0|3|7|17|944|1|26|2|21|9|3|5|1|10|0|921|0|13|4|5|35|16|4|2|31|6|771|12|4|13|10|12|2|2|0|3|4|963|0|5|0|2|3|21|4|3|0|0|995|0|17|12|25|22|22|11|23|6|3|843|15|7|4|1|10|19|3|0|41|0|905
3,tanh,relu,0.5,interleave,12,0.003,10,ce,ok,34.7685,94.6156,93,92.9781,93.45,93.3455,93.18,8,0.547671|0.285033|0.247708|0.226348|0.214646|0.204123|0.196761|0.190575|0.184611|0.180649,83.44|91.6356|92.7378|93.3733|93.7533|93.86|94.2133|94.3889|94.4422|94.6156,91.16|91.7|92.62|91.76|92.9|92.84|92.94|93.18|92.82|93,91.0757|91.6704|92.5685|91.7524|92.8851|92.8298|92.9088|93.1576|92.7878|92.9781,934|0|4|0|1|8|4|0|8|4|0|1127|3|5|5|4|1|3|15|1|10|3|869|7|16|4|28|2|23|7|6|4|12|921|1|36|5|17|12|19|4|1|5|0|922|2|16|1|0|43|6|3|2|18|0|783|23|1|21|12|5|1|1|1|1|6|972|0|4|0|6|3|13|4|8|1|0|978|0|32|6|5|10|3|3|13|17|1|908|16|4|1|1|7|24|4|0|18|0|931
4,tanh,relu,0.5,interleave,12,0.003,10,ce,ok,35.0284,94.6067,92.78,92.744,93.16,93.0623,93.6,8,0.528459|0.270412|0.237448|0.218755|0.206572|0.198004|0.190984|0.184293|0.180143|0.177742,84.5378|91.9133|92.92|93.3222|93.7578|93.9889|94.3533|94.42|94.5889|94.6067,89.9|92.58|91.1|93.14|92.6|92.72|92.74|93.6|93.6|92.78,89.8016|92.5546|91.1305|93.1286|92.5729|92.7251|92.7274|93.5804|93.5854|92.744,926|0|2|0|3|6|12|1|9|4|0|1149|1|4|1|0|0|2|6|1|8|21|859|17|12|3|7|11|29|2|2|13|9|963|1|8|2|13|16|6|2|2|14|0|928|0|9|5|3|31|6|4|1|43|4|738|7|0|53|13|4|4|13|0|2|7|948|0|13|0|2|8|7|10|7|4|0|969|5|33|2|22|6|11|5|5|4|2|916|9|3|7|2|16|18|3|0|13|8|920
5,tanh,relu,0.5,interleave,12,0.003,10,ce,ok,34.2361,94.1733,93.02,92.9956,92.7,92.5702,93.46,5,0.557957|0.302034|0.266295|0.245551|0.229766|0.217409|0.211681|0.204515|0.198379|0.19144,83.8778|91.2156|92.16|92.7|93.2467|93.4356|93.7089|93.8356|94.16|94.1733,90.6|92.1|92.58|92.62|93.46|92.32|92.82|92.78|93.34|93.02,90.4719|92.0538|92.5464|92.5753|93.4681|92.2703|92.8381|92.7463|93.3508|92.9956,947|0|2|0|2|2|2|1|7|0|0|1133|1|6|5|1|0|3|13|2|17|13|853|21|5|4|18|21|14|3|5|6|11|917|0|43|1|24|13|13|2|1|6|0|887|2|14|5|4|73|11|1|5|25|0|778|14|1|14|20|11|1|1|0|7|9|957|0|5|0|6|1|10|3|2|3|0|1006|1|13|9|8|9|12|2|24|13|3|867|35|7|2|0|10|17|4|0|24|1|925
6,tanh,relu,0.5,interleave,12,0.003,10,ce,ok,34.7835,94.64,93.12,93.0477,92.92,92.7709,93.48,8,0.54281|0.278798|0.245869|0.225493|0.211398|0.200488|0.194964|0.187813|0.183249|0.178816,84.2978|91.7333|92.6978|93.2667|93.6867|94.0911|94.2111|94.3178|94.4556|94.64,91.08|92.26|92.8|92.86|93.34|93.38|93.2|93.48|93.38|93.12,91.022|92.2054|92.7584|92.8017|93.2969|93.3412|93.1873|93.4329|93.3423|93.0477,938|0|1|1|3|3|12|0|5|0|0|1128|9|4|1|2|3|3|14|0|14|2|899|5|15|2|14|10|8|0|1|3|38|886|5|52|5|19|16|8|4|0|8|0|930|4|17|2|1|28|12|4|5|10|5|772|27|2|15|17|3|1|2|0|4|6|970|0|5|0|3|2|14|8|11|5|0|984|0|18|14|5|19|8|5|16|12|2|883|18|11|0|0|9|43|10|1|9|5|902
7,tanh,relu,0.5,interleave,12,0.003,10,ce,ok,34.1622,94.6311,93.14,93.1094,92.96,92.8581,93.66,9,0.578445|0.291166|0.248585|0.229404|0.215733|0.205913|0.196095|0.189535|0.182924|0.178453,83.2156|91.5178|92.7333|93.3689|93.62|93.9178|94.1244|94.4133|94.5756|94.6311,89.26|92.46|92|92.84|93.22|93.62|93.26|93.5|93.66|93.14,89.2374|92.4067|91.9001|92.8112|93.1748|93.5619|93.2353|93.4628|93.6148|93.1094,921|0|0|2|1|4|23|0|6|6|0|1128|3|2|3|2|3|3|19|1|12|5|868|11|12|5|23|14|11|8|7|3|1|936|0|38|1|15|19|13|1|0|5|0|901|0|29|2|3|53|5|3|2|25|8|775|20|6|10|15|6|1|1|1|6|2|973|0|1|0|3|2|9|10|9|1|1|986|1|23|4|7|5|17|9|16|10|2|872|40|6|0|1|12|16|4|0|14|1|936
8,tanh,relu,0.5,interleave,12,0.003,10,ce,ok,34.4549,94.4689,93.36,93.3323,93.07,92.963,93.74,9,0.569949|0.292801|0.255627|0.236201|0.221783|0.21506|0.207194|0.200337|0.196214|0.192483,83.8178|91.5178|92.6511|93.1644|93.52|93.6756|93.9689|94.1511|94.2422|94.4689,90.12|91.72|92.8|93.06|93.04|91.7|93.68|92.66|93.74|93.36,90.0223|91.6336|92.745|93.0362|93.0093|91.6647|93.6414|92.61|93.7194|93.3323,941|0|4|1|2|4|3|2|5|1|0|1118|4|6|4|0|3|2|26|1|13|5|880|10|16|5|12|6|14|8|3|6|25|928|2|31|1|10|23|4|2|0|4|0|961|1|6|1|4|15|7|4|1|17|9|764|20|1|29|17|8|1|3|0|6|6|962|0|5|0|5|0|15|5|20|0|0|970|1|29|5|14|10|13|6|17|3|1|894|19|5|0|0|5|61|3|0|22|5|889
9,tanh,relu,0.5,interleave,12,0.003,10,ce,ok,35.3991,94.62,93.96,93.9251,93.61,93.4986,93.96,10,0.611041|0.308235|0.25809|0.233726|0.220519|0.208637|0.199758|0.192623|0.183917|0.180488,82.3311|91.0044|92.5822|93.1133|93.4911|93.8489|94.1133|94.2844|94.5956|94.62,89.68|92.06|92.42|92.68|92.94|93.82|93.4|93.64|93.64|93.96,89.6676|92.0509|92.4053|92.6498|92.9411|93.7861|93.3779|93.6233|93.595|93.9251,943|0|0|1|2|3|3|2|8|1|0|1133|1|9|5|2|0|2|12|0|11|4|874|10|14|4|10|10|31|1|4|4|13|959|1|12|0|17|15|8|2|0|3|1|945|4|8|1|4|26|11|0|3|32|4|766|20|3|16|14|7|1|1|2|20|10|945|0|5|0|2|4|13|7|7|4|0|985|1|22|5|11|7|13|4|16|6|2|894|24|8|0|0|7|33|2|0|19|4|917
12,tanh,relu,0.5,interleave,12,0.003,10,ce,ok,34.9749,94.4689,93.56,93.5519,93.37,93.2646,93.62,5,0.574762|0.290779|0.252496|0.234761|0.220614|0.210502|0.202294|0.19536|0.189501|0.184229,83.3533|91.5467|92.6467|93.1378|93.5022|93.8244|93.9511|94.2644|94.4711|94.4689,90.46|91.92|93.22|93.3|93.62|93.26|93.4|93.14|93.24|93.56,90.3653|91.8587|93.171|93.2637|93.573|93.2341|93.3882|93.1314|93.2096|93.5519,905|0|6|1|4|23|7|1|16|0|0|1133|8|2|4|1|0|2|12|2|0|8|881|19|12|12|10|6|20|1|0|4|13|948|3|28|3|12|17|5|1|4|8|0|956|1|9|2|2|11|2|3|2|25|5|789|13|1|15|14|4|1|3|1|7|13|959|0|3|0|2|2|13|8|15|2|0|983|1|19|1|11|11|15|11|18|6|1|893|15|6|3|0|8|52|4|0|19|8|890
10,tanh,relu,0.5,interleave,12,0.003,10,ce,ok,36.6778,94.3489,93.64,93.6312,93.24,93.1291,93.9,7,0.580757|0.296051|0.256807|0.236824|0.221551|0.215244|0.205081|0.200179|0.194057|0.189402,82.7956|91.3444|92.5933|93.0333|93.4733|93.7022|93.98|94.1044|94.3489|94.3489,90.46|90.66|92.44|92.84|92.98|93.64|93.9|93.36|93.32|93.64,90.3384|90.5469|92.4383|92.8142|92.9614|93.6446|93.8957|93.3313|93.3363|93.6312,945|0|5|1|1|2|0|0|6|3|0|1135|4|3|5|2|0|2|12|1|12|4|894|14|11|1|12|9|12|0|6|6|25|952|0|10|2|12|15|5|8|0|6|1|906|2|11|1|6|53|21|2|10|37|5|762|13|1|13|5|12|2|9|0|5|7|952|0|4|0|9|2|23|6|12|2|0|964|1|26|8|6|12|29|2|16|10|1|889|9|7|0|1|17|20|4|0|8|8|925
11,tanh,relu,0.5,interleave,12,0.003,10,ce,ok,35.8221,95.0244,94.36,94.3555,94.05,93.9628,94.36,10,0.542272|0.281394|0.235534|0.21261|0.198124|0.18877|0.180382|0.174537|0.171029|0.166596,84.2956|91.7578|93.1844|93.7711|94.2133|94.4467|94.7244|94.8467|95.0844|95.0244,91.04|91.6|93|93.5|93.36|93.94|93.78|93.84|93.64|94.36,90.9888|91.5271|92.9881|93.4778|93.3968|93.9296|93.762|93.8657|93.6143|94.3555,943|0|2|1|1|3|3|0|9|1|0|1140|4|2|1|3|0|7|6|1|10|6|889|11|10|1|8|9|24|1|4|5|21|949|0|20|0|12|14|8|5|0|7|0|929|1|10|2|8|32|7|1|4|12|2|809|9|0|11|14|11|1|6|0|7|18|932|0|16|0|7|6|15|2|10|0|0|997|1|7|9|16|16|3|3|19|1|1|905|9|6|4|1|11|23|8|0|20|5|912
13,tanh,relu,0.5,interleave,12,0.003,10,ce,ok,35.8791,94.3489,93.28,93.2345,93.18,93.053,93.58,8,0.570796|0.289646|0.25374|0.236635|0.224786|0.214996|0.207866|0.202456|0.197494|0.193333,84.0044|91.5222|92.5822|93.1689|93.4444|93.76|93.8467|94.0511|94.2333|94.3489,89.84|91.96|92.56|92.8|92.52|93.4|93.18|93.58|93|93.28,89.7448|91.879|92.4937|92.7632|92.5205|93.3622|93.1301|93.5531|92.9025|93.2345,932|0|10|2|4|3|9|0|3|0|0|1141|5|3|3|2|0|1|7|2|9|3|892|6|15|5|11|6|21|1|2|15|32|892|1|38|3|17|26|7|1|2|11|0|944|3|18|3|3|9|10|2|6|9|9|772|19|3|30|9|4|2|3|0|4|4|966|0|8|0|2|6|15|3|16|0|0|989|0|14|6|14|18|9|4|17|5|3|900|6|6|2|3|7|50|7|1|20|4|890
14,tanh,relu,0.5,interleave,12,0.003,10,ce,ok,35.9423,94.4844,93.02,93.0025,92.96,92.8015,93.5,9,0.541974|0.293962|0.256573|0.237064|0.222629|0.212811|0.205629|0.198117|0.192086|0.185629,84.0622|91.3911|92.6267|93.0333|93.4422|93.8178|94.0333|94.0978|94.3689|94.4844,91.06|91.1|92.3|92.94|93|92.44|93.48|92.96|93.5|93.02,91.0043|91.0429|92.2566|92.8992|92.9916|92.4293|93.4662|92.9482|93.4709|93.0025,925|0|3|1|4|7|9|1|10|3|0|1138|1|3|2|5|0|2|11|2|7|11|881|9|16|5|12|15|11|2|1|7|17|942|2|23|2|14|16|9|0|1|5|0|946|2|7|1|1|31|9|8|4|39|11|722|26|4|19|27|5|1|7|0|10|4|958|0|6|0|0|3|12|4|8|4|0|986|0|28|5|24|9|19|11|8|9|3|868|26|3|1|1|7|25|2|1|16|4|930
16,tanh,relu,0.5,interleave,12,0.003,10,ce,ok,34.7859,94.7756,93.68,93.656,93.72,93.6419,93.94,7,0.525629|0.288722|0.244862|0.220853|0.209867|0.198|0.191013|0.185036|0.179856|0.174171,84.7311|91.4244|92.9244|93.54|93.7867|94.1044|94.32|94.5289|94.6378|94.7756,90.36|92.24|92.9|92.2|93.74|93.18|93.94|93.76|93.4|93.68,90.2702|92.1987|92.8947|92.1648|93.6988|93.1532|93.9557|93.7186|93.3921|93.656,950|0|1|0|1|0|3|1|6|1|0|1122|2|2|4|0|0|5|28|1|13|3|897|10|7|0|9|13|15|2|1|7|14|930|1|18|0|27|25|10|5|2|8|0|935|0|8|3|4|29|11|3|3|25|4|762|10|4|28|19|9|1|6|0|5|5|950|0|15|0|7|1|12|1|7|0|0|1004|3|10|17|2|6|3|2|4|6|4|921|17|6|3|1|4|30|0|1|34|10|901
15,tanh,relu,0.5,interleave,12,0.003,10,ce,ok,36.8485,94.4978,93.58,93.5721,93.27,93.163,93.64,8,0.565616|0.311905|0.267478|0.24098|0.222552|0.211948|0.201627|0.195944|0.190711|0.185038,83.3178|90.6511|92.1089|92.8511|93.4378|93.6511|94.0467|94.0644|94.3533|94.4978,90.74|91.06|91.68|93.18|93.44|93.52|93|93.64|93.34|93.58,90.7166|91.0822|91.6887|93.147|93.3977|93.4804|92.9663|93.6337|93.3486|93.5721,942|1|2|1|1|5|4|0|5|2|0|1134|4|5|4|1|1|2|13|0|7|10|882|22|7|2|13|14|12|0|2|3|21|939|3|27|1|15|16|6|3|0|10|0|926|0|16|1|2|36|10|2|3|31|16|772|13|1|14|7|4|2|3|0|3|18|957|0|4|0|7|2|12|8|8|1|1|969|1|36|2|12|6|12|12|19|8|2|888|21|6|3|2|7|32|1|0|15|6|918
17,tanh,relu,0.5,interleave,12,0.003,10,ce,ok,32.5927,94.3333,93.4,93.3867,93.28,93.1549,93.42,4,0.55543|0.288547|0.253688|0.235073|0.221998|0.212672|0.205887|0.198501|0.194101|0.189673,83.7867|91.56|92.5378|93.2|93.4689|93.78|93.9711|94.1578|94.18|94.3333,90.62|91.92|91.88|93.42|92.92|92.94|93.06|93.26|92.72|93.4,90.5336|91.8748|91.8674|93.3945|92.861|92.8732|93.0858|93.2401|92.6873|93.3867,920|0|6|1|2|18|9|2|5|0|0|1128|2|2|4|4|0|2|19|3|18|3|866|14|9|6|14|11|28|0|3|5|11|928|3|39|2|17|22|3|5|0|3|0|953|3|10|2|3|15|12|0|5|10|5|807|10|4|11|5|6|1|3|2|7|11|959|0|2|0|8|3|10|7|4|3|0|997|2|11|9|11|7|13|3|31|6|1|892|9|6|0|1|8|48|14|0|31|4|878
18,tanh,relu,0.5,interleave,12,0.003,10,ce,ok,31.7417,94.6933,93.42,93.4056,93.18,93.0698,93.7,5,0.579723|0.295704|0.252023|0.230481|0.212999|0.202302|0.19111|0.186454|0.179635|0.175981,83.1067|91.3578|92.4622|93.06|93.68|93.96|94.3178|94.4244|94.6667|94.6933,90.6|91.98|92.92|92.72|93.7|92.54|93.5|93.26|93.3|93.42,90.5885|91.9549|92.8849|92.7001|93.685|92.5149|93.4968|93.2356|93.2655|93.4056,939|1|6|0|5|2|5|0|2|3|0|1139|5|3|3|1|2|3|7|1|1|3|910|7|22|3|7|6|10|0|0|5|21|944|3|34|2|10|7|7|1|0|5|0|958|1|9|8|2|10|11|6|5|22|3|787|13|6|9|7|12|1|10|0|10|14|940|0|4|0|4|2|26|10|10|2|0|974|0|17|5|17|20|12|12|26|5|1|870|14|7|2|0|11|82|3|1|21|6|857
19,tanh,relu,0.5,interleave,12,0.003,10,ce,ok,32.92,94.9556,94.02,93.9965,93.55,93.4545,94.02,10,0.544138|0.273137|0.234|0.214387|0.201548|0.192504|0.186063|0.181482|0.175245|0.172351,84.6333|92.0267|93.2622|93.7622|94.1489|94.5111|94.5733|94.6244|94.82|94.9556,91.52|92.76|92.6|93.5|92.74|93.74|93.5|93.92|93.7|94.02,91.4855|92.7289|92.5648|93.4674|92.696|93.7127|93.4604|93.879|93.6588|93.9965,922|0|7|1|3|10|5|3|11|1|0|1153|1|0|2|2|0|2|3|1|9|9|891|10|12|6|9|12|9|2|2|13|19|912|1|36|3|20|10|17|4|3|6|1|943|6|6|3|2|20|2|7|4|9|2|804|16|2|13|10|5|3|0|0|2|19|959|0|3|0|4|8|11|5|6|0|0|992|0|19|5|33|4|5|3|20|7|2|887|16|6|3|0|4|41|11|0|29|4|892
20,tanh,relu,0.5,interleave,12,0.003,10,ce,ok,33.831,94.4956,93.1,93.0541,92.53,92.4267,93.58,6,0.551026|0.278187|0.244038|0.228822|0.217813|0.20791|0.200797|0.196579|0.187811|0.185358,84.5867|91.9356|92.8533|93.2511|93.6111|93.8556|94.1089|94.1822|94.4356|94.4956,90.88|91.9|92.88|92.28|92.64|93.58|93.5|93.3|93.44|93.1,90.7575|91.8107|92.8608|92.2837|92.5644|93.5264|93.4769|93.2627|93.4062|93.0541,934|0|19|2|1|1|2|0|3|1|0|1120|12|4|3|2|1|2|18|2|9|3|911|11|6|1|4|8|15|1|1|3|27|944|0|24|0|17|11|6|4|1|16|1|877|0|12|14|26|43|16|2|5|45|2|758|16|0|14|11|9|1|14|1|6|7|946|0|7|0|10|0|14|7|5|1|0|998|2|8|9|6|32|10|2|10|4|7|899|3|8|8|2|21|17|2|0|52|14|866
22,tanh,relu,0.5,interleave,12,0.003,10,ce,ok,32.4625,94.5356,93,92.9499,92.61,92.4436,93.76,7,0.528648|0.28878|0.24911|0.228341|0.213573|0.204138|0.196192|0.189319|0.182651|0.179343,85.0089|91.4467|92.6044|93.1311|93.5644|93.9156|94.0111|94.2556|94.4511|94.5356,90.92|91.86|92.86|93.08|92.76|93.12|93.76|93.44|93.22|93,90.9013|91.7833|92.8206|93.0576|92.7425|93.0673|93.7399|93.4123|93.1964|92.9499,917|0|6|0|3|9|10|0|13|5|0|1137|1|7|4|2|0|2|8|3|5|12|855|12|19|5|23|9|27|2|2|9|11|965|7|6|2|17|10|4|1|2|4|1|967|1|12|0|1|5|3|4|5|78|10|701|24|4|26|14|3|1|4|0|7|3|967|0|6|0|5|9|10|3|12|4|1|969|1|31|1|21|9|8|21|6|5|0|896|15|6|2|3|8|68|1|1|13|1|887
21,tanh,relu,0.5,interleave,12,0.003,10,ce,ok,34.4065,94.7022,93.78,93.7738,93.44,93.3288,93.88,9,0.609461|0.292147|0.244923|0.223091|0.210143|0.200835|0.192248|0.186132|0.183128|0.177312,81.9756|91.4333|92.8111|93.4489|93.6711|94.1244|94.24|94.5333|94.4289|94.7022,90.7|92.22|92.88|93.5|93.1|93.4|93.74|93.42|93.88|93.78,90.6807|92.1797|92.8543|93.4769|93.1038|93.4092|93.737|93.382|93.8707|93.7738,928|1|3|0|2|8|8|4|7|2|0|1140|5|1|2|0|0|7|3|6|7|5|885|8|15|8|12|14|11|4|5|7|26|929|0|26|1|18|10|11|0|0|5|0|943|2|6|7|2|29|7|6|5|27|5|776|14|4|12|13|11|1|1|1|8|7|957|0|5|0|1|3|8|1|10|1|0|1009|0|12|5|20|19|9|7|12|3|2|885|20|6|2|0|10|35|5|0|38|2|892
24,tanh,relu,0.5,interleave,12,0.003,10,ce,ok,32.3306,94.5911,92.76,92.7137,92.38,92.2542,93.86,9,0.543891|0.287155|0.250745|0.230162|0.212988|0.202747|0.197743|0.191249|0.184685|0.181835,83.9356|91.6222|92.6689|93.2222|93.7089|93.9444|94.1133|94.2444|94.4911|94.5911,90.76|92.34|92.54|92.98|93.2|93.02|93.28|93.32|93.86|92.76,90.7319|92.2661|92.4777|92.9402|93.1697|92.9634|93.2491|93.2506|93.8223|92.7137,938|0|7|2|1|6|2|0|6|1|0|1149|2|3|3|0|0|3|3|1|11|15|902|8|10|4|7|8|4|0|0|8|42|932|1|16|2|19|8|5|6|3|13|0|900|1|10|11|2|48|24|2|6|28|3|758|16|2|24|6|22|3|17|1|8|14|915|0|11|0|9|13|19|2|4|1|2|988|0|7|6|30|35|18|3|18|3|6|861|2|13|4|0|17|18|7|0|30|6|895
23,tanh,relu,0.5,interleave,12,0.003,10,ce,ok,33.4364,94.2578,93.2,93.1686,93.19,93.1328,93.3,9,0.545915|0.295909|0.260156|0.24084|0.230609|0.220036|0.210406|0.205698|0.199761|0.196351,84.3378|91.3311|92.3578|92.9244|93.2733|93.5133|93.8956|93.8911|94.1822|94.2578,90.66|92.28|91.98|92.82|92.86|93.02|92.98|92.88|93.3|93.2,90.6002|92.2143|91.9677|92.7727|92.8095|92.9521|92.9283|92.8297|93.2431|93.1686,933|0|9|0|1|4|6|0|9|1|0|1084|8|7|4|2|4|5|48|2|9|2|911|11|5|1|9|10|10|1|3|1|36|924|1|22|1|17|25|3|1|0|11|0|927|0|12|4|6|33|6|0|5|30|3|773|17|4|21|10|2|0|13|0|5|14|947|0|10|0|5|1|20|2|9|0|0|997|3|8|3|5|12|19|2|10|4|1|921|5|8|0|1|14|34|4|0|22|5|902
25,tanh,relu,0.5,interleave,12,0.003,10,ce,ok,31.5605,94.1244,93.26,93.2191,92.88,92.7644,93.26,10,0.550034|0.30173|0.265299|0.244794|0.231578|0.220702|0.212759|0.206101|0.200086|0.195534,84.1133|91.2333|92.2756|92.8333|93.0933|93.3978|93.7578|93.8711|94.1511|94.1244,90.38|91.8|92.24|91.8|92.46|92.02|92.4|92.7|92.96|93.26,90.2798|91.7837|92.1658|91.7829|92.4098|91.9719|92.3679|92.6838|92.9253|93.2191,921|0|9|0|2|3|14|1|11|2|0|1150|2|1|3|2|1|2|2|1|7|8|894|12|11|1|6|19|11|0|4|15|27|909|1|27|2|28|14|6|0|3|11|0|927|0|13|1|4|35|6|6|9|25|9|773|13|1|13|14|5|2|13|0|11|8|946|0|6|0|1|6|7|2|5|3|0|1000|0|21|5|28|20|15|7|18|4|3|855|27|4|3|0|11|27|8|1|20|3|913
26,tanh,relu,0.5,interleave,12,0.003,10,ce,ok,33.348,94.7289,94.34,94.3228,93.98,93.8764,94.34,10,0.560223|0.294663|0.249025|0.226978|0.212053|0.200161|0.189549|0.185647|0.179486|0.176743,83.4933|91.2956|92.6289|93.2978|93.76|94.0844|94.4556|94.4489|94.5933|94.7289,90.52|90.76|92.68|93.52|93.54|94|93.64|93.88|94.22|94.34,90.4551|90.7332|92.6279|93.4826|93.4939|93.958|93.6053|93.8546|94.1908|94.3228,933|0|2|1|4|10|5|0|4|4|0|1142|3|1|4|3|0|1|9|1|11|4|882|14|11|5|19|9|13|1|0|3|13|945|0|34|4|13|17|4|4|1|5|2|912|1|16|0|4|49|6|1|2|13|6|803|14|4|15|5|5|1|1|1|0|3|973|1|6|0|3|6|11|6|8|7|0|967|1|36|8|9|4|7|0|29|9|0|910|6|4|3|0|8|20|9|0|10|5|931
27,tanh,relu,0.5,interleave,12,0.003,10,ce,ok,33.0826,94.5622,93.3,93.2626,92.52,92.3571,94.02,7,0.529711|0.29089|0.251097|0.228241|0.213163|0.203876|0.197819|0.191313|0.186637|0.1832,85.1022|91.5956|92.5644|93.2089|93.6644|93.9711|94.0933|94.2911|94.5044|94.5622,90.26|91.72|92.42|92.66|93.5|93.3|94.02|93.34|93.7|93.3,90.1725|91.6937|92.4012|92.651|93.4598|93.2429|94.0116|93.3253|93.6757|93.2626,927|0|3|0|1|8|11|6|4|3|0|1145|6|0|1|0|1|3|8|0|9|3|894|11|14|2|19|1|14|2|5|11|23|915|0|48|0|11|17|3|1|2|6|0|914|3|45|6|5|12|7|3|1|9|4|807|11|1|20|6|9|1|1|0|1|5|970|0|4|0|3|7|17|5|10|2|0|991|4|6|2|8|8|10|5|33|11|3|900|2|9|4|4|11|73|14|1|55|30|789
29,tanh,relu,0.5,interleave,12,0.003,10,ce,ok,32.1812,94.4867,93.8,93.7734,93.35,93.2184,93.84,8,0.545903|0.28501|0.246585|0.227693|0.214877|0.206027|0.200086|0.195287|0.189894|0.185774,83.4089|91.7067|92.7156|93.3267|93.6067|93.9467|94.0178|94.2178|94.3733|94.4867,91.22|91.94|92.22|92.62|93.4|93.74|93.3|93.84|93.44|93.8,91.171|91.8446|92.1448|92.5512|93.3683|93.7136|93.2842|93.8003|93.4113|93.7734,927|0|11|1|1|7|7|0|7|2|0|1141|2|5|4|2|0|5|4|1|6|4|899|4|10|1|15|17|10|3|3|5|15|927|4|21|1|29|17|11|3|0|9|0|922|1|9|3|2|45|7|7|9|41|5|739|20|6|20|15|8|1|3|0|8|7|961|0|3|0|1|3|10|3|11|0|0|1005|0|12|4|20|17|6|6|3|10|12|890|14|5|1|0|9|19|1|0|23|8|924
28,tanh,relu,0.5,interleave,12,0.003,10,ce,ok,32.7553,94.4844,93.92,93.8934,93.7,93.5892,93.92,10,0.578312|0.297901|0.259949|0.240274|0.225449|0.214841|0.20419|0.199096|0.192902|0.188414,82.6667|91.3356|92.4889|92.96|93.3444|93.6578|94.0422|94.1289|94.3511|94.4844,91.1|92.3|93.54|93.14|92.7|93.4|93.5|93.9|93.18|93.92,91.1165|92.3023|93.5298|93.1083|92.6805|93.3816|93.4805|93.8629|93.1202|93.8934,923|0|3|4|1|6|8|2|13|3|0|1142|3|2|4|1|1|2|8|1|4|8|880|14|17|5|12|12|16|1|0|5|13|958|2|25|3|12|11|4|1|2|5|1|944|1|11|2|4|23|6|1|4|27|11|778|12|1|19|10|5|1|3|0|6|12|953|1|10|0|6|7|14|5|11|0|0|988|0|14|4|11|3|17|2|19|5|2|907|12|6|2|1|8|41|6|0|22|7|897
30,tanh,relu,0.5,interleave,12,0.003,10,ce,ok,32.1506,94.6867,92.2,92.1711,91.91,91.7894,94.1,9,0.554618|0.287486|0.241415|0.218752|0.208655|0.199173|0.192209|0.18709|0.181887|0.177847,83.5644|91.5511|92.9311|93.6156|93.7844|94.1156|94.3289|94.5444|94.5844|94.6867,90.42|92.24|92.9|93.56|94.02|91.62|93.54|93.1|94.1|92.2,90.2524|92.2197|92.8553|93.5203|93.9775|91.6127|93.5198|93.0649|94.0591|92.1711,926|0|4|1|4|4|3|1|13|7|0|1107|5|9|3|1|0|3|36|0|9|4|862|28|12|2|11|18|22|1|2|2|14|973|1|10|0|17|10|4|3|1|4|1|923|1|6|5|16|34|6|3|2|109|3|702|7|3|25|9|14|8|12|3|18|20|885|0|30|1|2|1|7|6|13|0|0|1010|1|5|3|4|6|24|5|8|0|6|916|10|4|0|0|18|26|2|0|38|15|887
2,tanh,leaky_relu,0.5,interleave,12,0.003,10,ce,ok,32.1221,94.5111,93.28,93.2645,92.93,92.813,93.42,9,0.55298|0.303075|0.262799|0.239883|0.224291|0.213294|0.206072|0.197062|0.19019|0.186042,83.8756|91.24|92.36|93.1533|93.5178|93.66|93.9822|94.1689|94.38|94.5111,90.34|91.92|92.78|92.58|93.04|93.24|93.34|93.3|93.42|93.28,90.2539|91.8496|92.7326|92.549|92.9995|93.2352|93.3301|93.2761|93.395|93.2645,942|0|4|3|2|3|2|1|5|1|0|1135|6|8|0|2|0|4|9|0|8|3|882|31|9|2|11|9|11|3|2|2|17|980|0|15|0|13|3|1|4|2|8|4|911|2|17|3|6|37|18|0|5|59|4|756|12|3|8|4|7|1|7|0|2|5|966|0|3|0|2|3|16|9|7|0|0|1001|0|7|10|14|28|50|6|16|4|4|846|4|8|2|3|21|25|7|0|45|5|874
1,tanh,leaky_relu,0.5,interleave,12,0.003,10,ce,ok,34.017,94.84,94.08,94.0775,93.74,93.6479,94.14,7,0.595907|0.296753|0.255531|0.232137|0.215792|0.205041|0.196431|0.188423|0.184233|0.177709,83.0978|91.4667|92.74|93.3622|93.8311|94.1067|94.4622|94.5267|94.6333|94.84,90.38|92.24|92.94|93.26|93.72|94.02|94.14|94.06|93.38|94.08,90.3589|92.2122|92.9223|93.2232|93.692|94.0071|94.1241|94.0702|93.414|94.0775,912|0|4|1|2|6|14|6|17|1|0|1140|3|6|6|1|0|3|4|1|4|3|891|16|10|6|6|9|19|5|0|2|22|934|2|24|0|16|30|3|2|0|8|0|946|1|10|1|3|23|4|4|7|14|5|797|9|2|19|8|0|0|7|0|11|12|955|0|6|0|0|2|16|5|7|2|0|995|1|17|3|11|14|7|6|14|7|2|913|5|3|2|2|9|52|5|0|17|9|891
3,tanh,leaky_relu,0.5,interleave,12,0.003,10,ce,ok,28.3109,94.6822,93.04,93.0127,92.75,92.6346,93.34,9,0.538654|0.281206|0.242448|0.223249|0.209918|0.200152|0.193119|0.186806|0.18309|0.178013,83.78|91.7667|92.8867|93.3667|93.7111|93.9933|94.2378|94.2111|94.54|94.6822,90.9|92.1|92.52|92.86|93.04|92.54|93.22|93.14|93.34|93.04,90.854|92.0837|92.4603|92.8316|93.029|92.5455|93.1844|93.1133|93.2899|93.0127,929|0|2|0|1|16|6|0|3|6|0|1118|1|5|7|2|2|3|25|1|16|4|815|16|23|6|32|5|40|12|2|2|7|904|2|50|6|15|31|14|3|0|3|1|942|1|12|0|3|29|5|0|0|8|2|820|13|0|13|8|5|0|0|0|6|7|967|0|6|0|8|1|12|7|15|3|0|960|4|35|4|1|1|5|8|34|20|1|893|15|7|1|0|6|29|10|0|8|2|927
5,tanh,leaky_relu,0.5,interleave,12,0.003,10,ce,ok,26.0258,94.7067,93.88,93.8704,93.34,93.2072,93.88,10,0.546049|0.286586|0.246816|0.2259|0.211523|0.200439|0.193249|0.188878|0.183691|0.177629,84.1244|91.6933|92.8022|93.2756|93.7111|94.0822|94.3111|94.4044|94.5711|94.7067,91.18|92.88|92.86|93.38|93.38|93.46|92.74|93.44|93.72|93.88,91.082|92.83|92.8324|93.3536|93.3665|93.4171|92.7304|93.4024|93.7003|93.8704,941|0|5|1|2|4|5|0|3|2|0|1145|2|3|4|0|0|3|6|1|15|14|870|4|11|2|16|17|16|4|4|8|21|942|0|26|0|12|11|9|5|0|5|0|895|1|15|2|6|65|15|2|5|36|3|756|15|5|14|18|11|2|1|1|2|5|963|0|6|0|3|2|12|3|4|1|0|1001|2|17|4|19|13|3|4|13|9|3|888|26|5|2|2|7|19|1|0|20|1|933
4,tanh,leaky_relu,0.5,interleave,12,0.003,10,ce,ok,27.1849,94.4578,93.06,93.0033,93.02,92.9003,94.02,8,0.527494|0.272177|0.236788|0.219345|0.207812|0.200363|0.194195|0.188104|0.185129|0.182324,84.6067|91.8822|92.9489|93.3311|93.7156|93.9689|94.1911|94.3444|94.3978|94.4578,89.8|92.52|92.66|93.38|92.9|93.14|92.88|94.02|94.02|93.06,89.6981|92.4967|92.6463|93.3645|92.8565|93.1347|92.88|93.9913|93.998|93.0033,933|1|8|0|0|7|4|1|6|3|0|1145|3|5|3|0|0|2|5|1|9|9|881|16|7|3|8|16|16|4|4|15|13|950|0|7|2|14|22|6|2|2|17|1|890|3|13|4|4|58|4|3|1|43|6|731|11|0|53|17|2|3|17|0|2|5|953|0|9|0|2|5|12|3|10|2|0|990|3|18|2|23|13|8|3|5|2|7|913|6|5|5|3|14|13|5|0|21|8|916
6,tanh,leaky_relu,0.5,interleave,12,0.003,10,ce,ok,27.0581,94.4267,92.96,92.91,92.95,92.837,93.86,9,0.539533|0.2845|0.249165|0.22996|0.21489|0.202955|0.197711|0.190705|0.189182|0.183133,84.4556|91.5733|92.5733|93.1111|93.5933|93.9067|94.1|94.26|94.3511|94.4267,91.08|92.3|92.9|92.9|93.42|93.42|93.54|93.42|93.86|92.96,91.0192|92.2378|92.8597|92.864|93.371|93.4029|93.5233|93.3624|93.8169|92.91,942|0|4|0|2|1|8|0|5|1|0|1110|6|1|2|2|0|5|38|0|24|2|887|6|10|0|19|10|9|2|7|4|31|902|2|39|3|14|21|10|4|0|4|0|925|2|20|1|2|36|15|2|6|10|5|780|20|0|23|8|5|1|3|0|2|4|971|1|4|0|7|5|11|7|11|2|1|979|1|21|16|3|10|6|5|17|11|3|901|10|12|0|0|10|41|12|0|10|7|898
7,tanh,leaky_relu,0.5,interleave,12,0.003,10,ce,ok,27.6391,94.5733,93.74,93.7109,93.58,93.4709,93.8,9,0.574945|0.28802|0.248419|0.227529|0.215622|0.205385|0.197556|0.190258|0.187397|0.181951,83.3044|91.7533|92.7578|93.26|93.6733|93.9489|94.1867|94.3644|94.3556|94.5733,89.72|92.26|92.84|92.76|92.68|93.32|92.82|93.2|93.8|93.74,89.6617|92.2452|92.7616|92.7126|92.6282|93.2796|92.8184|93.1703|93.7768|93.7109,932|0|2|5|1|7|5|1|8|2|0|1148|0|1|4|1|0|4|6|0|11|5|875|13|12|3|19|11|13|7|1|6|8|959|0|21|2|11|20|5|2|1|5|3|905|2|24|1|4|47|8|4|4|37|4|772|8|7|13|12|6|2|6|0|7|11|954|0|5|0|1|3|7|7|9|2|0|996|1|19|2|19|5|17|14|11|4|0|899|11|6|4|1|13|22|2|0|22|2|918
8,tanh,leaky_relu,0.5,interleave,12,0.003,10,ce,ok,26.8725,94.2289,93.28,93.257,93.67,93.5727,93.34,8,0.56379|0.297868|0.259072|0.23669|0.226061|0.218027|0.211505|0.205718|0.199204|0.196298,84.0244|91.4533|92.4356|93.0556|93.42|93.6756|93.8289|93.9933|94.1644|94.2289,90.38|91.86|92.32|92.4|92.72|92.16|93.32|93.34|92.98|93.28,90.2858|91.8228|92.2951|92.3461|92.7118|92.1768|93.2743|93.3198|92.9728|93.257,939|0|3|1|2|7|3|2|4|2|0|1127|7|2|3|1|0|5|17|2|4|2|897|9|13|7|9|4|19|5|2|5|16|915|1|41|1|12|33|7|3|0|7|0|948|0|9|1|1|25|6|1|5|20|6|788|14|3|13|13|8|1|7|0|8|12|949|0|6|0|6|1|7|7|9|0|0|984|3|28|2|10|7|10|5|18|5|4|910|11|5|1|1|5|34|3|0|23|8|910
9,tanh,leaky_relu,0.5,interleave,12,0.003,10,ce,ok,26.1761,94.6756,94.6,94.5884,93.68,93.5716,94.6,10,0.607136|0.306242|0.25682|0.234703|0.221599|0.20915|0.197489|0.190084|0.183532|0.178128,82.3978|91.0933|92.5778|93.0844|93.4978|93.7956|94.2111|94.5044|94.6778|94.6756,89.66|92|92.52|93|92.86|93.6|93.7|94.24|93.94|94.6,89.6473|91.985|92.4861|92.9646|92.8525|93.5709|93.6894|94.2085|93.9074|94.5884,934|0|1|3|2|8|1|2|9|3|0|1147|2|1|3|1|0|3|6|1|10|13|897|6|13|2|5|10|13|0|2|5|15|946|1|24|0|13|17|10|4|0|7|1|928|2|9|1|2|40|4|5|2|23|6|781|15|2|24|7|9|2|3|1|14|5|950|0|7|0|5|5|23|6|4|3|0|974|1|24|2|14|9|8|4|30|4|1|897|13|7|1|0|9|33|7|0|13|6|914
10,tanh,leaky_relu,0.5,interleave,12,0.003,10,ce,ok,25.4951,94.4067,93.46,93.439,93.35,93.2459,94.16,9,0.581227|0.299665|0.26227|0.24272|0.22623|0.216874|0.206007|0.199685|0.1953|0.190717,82.6044|91.2044|92.4178|92.8578|93.3556|93.5889|93.9978|94.1533|94.2867|94.4067,89.94|90.38|92.22|92.26|92.74|93.56|93.52|93.6|94.16|93.46,89.8576|90.2544|92.176|92.2111|92.7087|93.5236|93.5062|93.5839|94.1349|93.439,942|1|3|1|1|4|4|0|6|1|0|1135|3|4|5|1|0|2|13|1|8|3|896|11|8|2|13|7|19|2|3|3|17|952|0|21|1|13|16|7|6|0|13|1|880|3|13|1|5|72|8|2|9|21|4|779|10|0|31|5|14|2|5|0|2|13|945|0|10|0|8|5|19|5|8|1|0|968|2|29|5|8|7|19|3|16|6|0|911|7|9|2|1|13|9|8|0|11|10|927
11,tanh,leaky_relu,0.5,interleave,12,0.003,10,ce,ok,13.097,95.0356,94.32,94.2968,93.98,93.8878,94.32,10,0.540994|0.283325|0.237947|0.215869|0.199909|0.19197|0.184382|0.178182|0.174149|0.168433,84.2867|91.7133|93.0667|93.6156|94.0422|94.2867|94.5178|94.6222|94.9356|95.0356,91.12|92.32|93.04|93.88|93.38|94.06|94.02|93.38|93.14|94.32,91.0588|92.3051|93.0333|93.8479|93.4199|94.0415|93.973|93.405|93.104|94.2968,945|0|2|0|1|2|4|0|7|2|0|1144|4|3|3|1|1|4|3|1|13|8|884|15|9|2|16|6|15|1|2|6|16|959|1|19|3|11|10|6|4|0|11|0|914|1|15|4|6|39|6|2|1|21|3|812|7|0|9|8|9|1|5|0|0|14|955|0|7|0|6|4|19|1|13|1|0|983|2|16|4|16|15|5|2|26|8|1|897|8|4|4|1|13|23|11|0|23|6|905
12,tanh,leaky_relu,0.5,interleave,12,0.003,10,ce,ok,11.4839,94.4467,93.36,93.3577,92.94,92.843,93.44,6,0.566204|0.289097|0.249543|0.231806|0.217561|0.208583|0.19985|0.195179|0.190403|0.184287,83.6667|91.4844|92.6156|93.2089|93.4644|93.8022|94.0222|94.2333|94.4044|94.4467,90.54|92.14|93.34|92.64|93.4|93.44|93.22|93.02|93.32|93.36,90.4426|92.0984|93.295|92.6125|93.3666|93.4236|93.2093|93.0133|93.2997|93.3577,915|0|5|1|2|14|4|3|17|2|0|1142|6|3|2|0|0|2|8|1|2|13|880|20|12|11|3|9|19|0|0|6|15|953|0|24|1|13|18|3|1|2|6|0|947|1|4|2|3|28|0|5|4|35|8|774|4|3|26|10|4|5|12|1|31|22|899|1|16|0|3|6|9|13|11|3|0|980|4|16|1|10|8|20|4|14|1|0|909|15|6|3|0|10|43|3|0|20|10|895
13,tanh,leaky_relu,0.5,interleave,12,0.003,10,ce,ok,11.8094,94.3733,93.78,93.7507,93.71,93.6,93.78,10,0.554763|0.29087|0.256134|0.236449|0.222775|0.210563|0.20443|0.194799|0.186933|0.184327,84.3111|91.34|92.34|93.0289|93.3467|93.7844|94.0178|94.1467|94.4111|94.3733,89.58|91.62|92.58|92.08|92.48|93.18|93.4|93.64|93.52|93.78,89.5371|91.5362|92.5193|92.0203|92.4772|93.1519|93.3515|93.5852|93.452|93.7507,932|0|6|0|1|5|2|2|14|1|0|1140|3|0|5|0|0|6|9|1|10|5|885|5|11|2|13|11|26|1|2|2|21|935|2|22|2|16|27|4|2|0|7|1|929|1|14|2|6|32|14|2|5|19|5|774|17|1|23|9|9|1|6|0|1|6|964|0|4|0|4|3|18|1|9|4|0|985|2|19|3|4|21|17|3|11|3|1|912|7|6|4|3|9|19|2|0|23|9|915
14,tanh,leaky_relu,0.5,interleave,12,0.003,10,ce,ok,10.7452,94.5444,93.72,93.6944,93.15,93.0115,93.88,9,0.541594|0.302514|0.26239|0.240283|0.225157|0.212899|0.203403|0.194645|0.190936|0.18409,84.04|91.1556|92.4289|92.9689|93.3889|93.7444|94.1489|94.2422|94.4289|94.5444,91.02|90.98|92.46|93|93.28|93.28|93.5|93.64|93.88|93.72,90.955|90.9509|92.425|92.9634|93.2541|93.2618|93.484|93.59|93.841|93.6944,922|0|8|4|6|7|3|3|10|0|0|1142|2|1|2|3|0|2|10|2|6|6|877|25|12|9|7|12|13|2|1|4|14|960|1|20|0|14|6|13|0|0|7|2|923|1|11|2|2|46|9|3|9|42|5|739|14|3|22|23|11|1|9|1|6|4|951|0|8|0|1|1|15|4|7|2|0|991|1|23|8|15|11|27|9|3|4|1|884|20|2|1|2|10|22|4|1|19|3|926
15,tanh,leaky_relu,0.5,interleave,12,0.003,10,ce,ok,10.6416,94.46,93.6,93.5939,93.43,93.328,93.82,8,0.557583|0.310675|0.266523|0.240492|0.223664|0.211866|0.202425|0.194842|0.189853|0.184944,83.5622|90.6911|92.16|92.8689|93.3489|93.6889|93.9844|94.2356|94.3956|94.46,90.42|90.6|92.14|92.7|93.04|93.34|93.32|93.82|93.3|93.6,90.397|90.6229|92.1356|92.6331|92.9924|93.3061|93.331|93.7963|93.299|93.5939,923|0|3|2|2|14|4|2|13|0|0|1136|3|3|5|3|1|2|9|2|14|9|853|21|14|4|10|11|31|2|1|6|14|961|2|13|2|15|14|5|1|0|5|2|940|1|16|2|2|25|3|4|4|32|4|779|11|3|22|7|6|2|4|1|4|18|945|0|11|0|1|2|12|10|12|3|1|979|1|24|3|10|5|14|8|11|4|1|913|13|4|2|3|10|31|1|0|22|3|914
16,tanh,leaky_relu,0.5,interleave,12,0.003,10,ce,ok,10.3624,94.8422,93.74,93.7167,93.7,93.6053,94.16,7,0.521702|0.288365|0.245933|0.222753|0.210968|0.199668|0.190954|0.185605|0.180008|0.173553,84.8933|91.5111|92.8733|93.4156|93.7911|94.1733|94.3889|94.5222|94.6089|94.8422,90.38|92.04|93.2|91.72|93.62|93.24|94.16|94.16|93.32|93.74,90.2978|91.9863|93.189|91.6804|93.5877|93.1902|94.173|94.1281|93.3112|93.7167,947|0|3|0|0|2|5|0|5|1|0|1107|5|5|5|0|0|4|37|1|10|2|905|9|12|0|8|13|10|0|1|2|14|948|1|13|1|21|21|11|8|0|5|0|942|1|7|2|3|26|14|0|7|34|4|746|11|3|33|17|12|1|6|0|4|5|953|0|10|0|9|1|14|2|8|0|0|1001|1|9|13|0|11|2|3|3|8|3|921|18|5|2|1|6|36|0|0|32|8|900
17,tanh,leaky_relu,0.5,interleave,12,0.003,10,ce,ok,10.2284,94.3444,93.48,93.4527,93.17,93.0415,93.64,8,0.532237|0.283274|0.252381|0.23255|0.219114|0.211838|0.203123|0.194171|0.191215|0.185495,84.3267|91.6622|92.4978|93.1422|93.5467|93.6311|93.9044|94.1267|94.26|94.3444,90.14|91.52|92|92.94|92.84|93|92.56|93.64|92.38|93.48,90.0376|91.4874|91.9513|92.9147|92.8092|92.9528|92.5421|93.6217|92.3149|93.4527,925|0|5|1|2|10|10|3|6|1|0|1124|5|3|6|1|1|4|19|1|23|5|870|14|9|3|13|8|21|3|3|4|8|938|0|49|2|10|16|3|1|0|7|2|953|4|13|1|2|11|7|0|1|10|4|810|14|0|17|6|8|0|1|0|7|11|961|0|3|0|3|2|14|5|10|4|0|995|2|10|7|13|13|8|4|42|10|2|878|5|6|3|0|9|56|16|0|31|6|863
18,tanh,leaky_relu,0.5,interleave,12,0.003,10,ce,ok,9.66015,94.8978,94.1,94.088,93.8,93.7015,94.18,8,0.572077|0.287635|0.244978|0.224231|0.209887|0.199733|0.190588|0.183354|0.178011|0.172593,83.4356|91.4644|92.7756|93.3578|93.7067|94.0289|94.4111|94.5733|94.6889|94.8978,90.94|91.92|92.74|92.82|93.6|93.12|93.5|94.18|93.52|94.1,90.9265|91.8727|92.7222|92.7616|93.5957|93.0823|93.4874|94.1723|93.49|94.088,933|0|9|0|4|3|6|2|4|2|0|1141|2|3|5|1|1|1|9|1|1|7|898|5|24|2|5|10|17|0|1|5|15|935|3|39|3|16|9|7|0|0|4|0|958|0|9|3|3|17|5|3|7|16|4|791|14|6|12|11|8|2|4|0|4|10|958|0|5|0|3|5|19|9|10|3|0|977|0|19|5|13|16|12|9|16|9|1|885|16|4|1|0|11|40|5|0|19|6|904
19,tanh,leaky_relu,0.5,interleave,12,0.003,10,ce,ok,9.03144,95.0422,93.72,93.6936,93.43,93.3315,94.16,8,0.542597|0.270686|0.231964|0.212868|0.201596|0.19103|0.183868|0.179303|0.17269|0.169785,84.6178|92.1822|93.4022|93.8044|94.1467|94.4244|94.64|94.7111|94.9111|95.0422,91.58|92.56|92.64|93.52|92.78|94.12|93.84|94.16|93.86|93.72,91.5261|92.5259|92.6142|93.4717|92.7527|94.0841|93.8052|94.1129|93.8193|93.6936,931|0|2|0|3|6|3|5|13|0|0|1148|3|1|2|4|0|2|4|0|11|13|881|18|11|4|8|12|10|1|6|15|15|914|1|38|2|14|16|12|5|2|7|1|934|7|7|3|3|25|5|5|5|5|2|819|14|1|4|9|9|1|0|0|4|24|951|0|2|0|7|9|10|4|12|0|0|985|1|17|7|25|9|5|3|37|6|1|875|14|8|2|0|3|28|14|0|25|5|905
20,tanh,leaky_relu,0.5,interleave,12,0.003,10,ce,ok,9.11001,94.7956,93.84,93.8351,93.36,93.2774,93.84,10,0.533534|0.270398|0.23697|0.219815|0.209231|0.199921|0.191236|0.187306|0.179256|0.176888,84.9733|92.1156|92.9667|93.46|93.7378|93.9289|94.3178|94.34|94.5289|94.7956,91.08|92.1|92.94|92.4|92.52|93.56|93.5|93.5|93.58|93.84,90.9888|92.0078|92.9036|92.4212|92.4332|93.5335|93.5101|93.4865|93.5797|93.8351,930|0|11|1|1|5|6|1|7|1|0|1116|3|5|5|3|0|2|26|4|7|7|892|13|10|0|8|15|14|3|6|2|8|943|1|40|0|14|14|5|4|0|8|0|900|0|9|10|12|51|7|1|3|21|2|801|13|5|9|7|3|1|4|1|14|21|944|0|3|0|2|1|6|4|5|6|2|1006|4|9|3|5|8|11|2|21|10|11|902|9|5|3|2|14|21|1|0|38|4|902
21,tanh,leaky_relu,0.5,interleave,12,0.003,10,ce,ok,9.29199,94.8289,94.14,94.138,93.62,93.5375,94.22,9,0.580936|0.293089|0.251585|0.223768|0.207665|0.199454|0.190208|0.184627|0.178928|0.172864,83.0089|91.3356|92.4956|93.3978|93.9289|94.0578|94.4133|94.5911|94.6733|94.8289,90.38|91.74|92.58|93.12|93.86|93.5|93.98|93.9|94.22|94.14,90.3376|91.7188|92.5685|93.1127|93.8511|93.5173|93.9697|93.92|94.207|94.138,931|0|4|2|1|6|7|1|6|5|0|1123|5|10|5|1|1|1|15|3|11|10|880|16|11|2|15|11|11|2|3|5|14|963|0|27|0|14|3|4|2|1|7|1|925|2|13|3|2|38|5|0|4|25|3|798|10|4|15|5|8|1|0|0|2|10|966|0|4|0|5|0|14|9|10|4|0|979|0|24|6|16|15|24|2|20|5|0|879|15|8|2|1|11|24|7|0|17|2|918
22,tanh,leaky_relu,0.5,interleave,12,0.003,10,ce,ok,9.32696,94.6511,92.18,92.0409,92.43,92.2398,93.62,4,0.52134|0.281393|0.242585|0.222312|0.20684|0.19741|0.190582|0.184665|0.178705|0.175566,85.2311|91.5956|92.8978|93.3467|93.8511|94.1356|94.1489|94.3889|94.6622|94.6511,91.4|92.14|93.28|93.62|92.82|93.42|92.96|93.4|92.38|92.18,91.3685|92.0533|93.2403|93.5878|92.812|93.3677|92.9357|93.3457|92.387|92.0409,912|0|5|1|1|11|10|2|18|3|0|1138|2|7|5|1|0|2|7|2|8|12|849|22|15|4|21|6|30|2|2|10|8|974|6|6|3|9|9|6|1|2|6|1|946|0|11|1|1|25|5|2|4|101|7|676|19|4|33|18|6|1|4|1|8|5|958|0|8|0|3|5|15|15|8|3|1|959|2|34|1|17|3|12|12|3|6|0|921|7|4|2|1|12|45|0|1|12|3|910
24,tanh,leaky_relu,0.5,interleave,12,0.003,10,ce,ok,9.23269,94.7711,93.8,93.7503,93.61,93.5063,93.8,10,0.540163|0.288443|0.253429|0.232847|0.215968|0.202996|0.196297|0.188252|0.180797|0.176992,84.0822|91.6022|92.5356|93.1778|93.6778|93.9467|94.2333|94.3844|94.7378|94.7711,90.34|92|92.62|92.76|92.56|93.36|93.06|93.58|93.6|93.8,90.2827|91.9263|92.5502|92.7157|92.532|93.3003|93.0298|93.5248|93.5782|93.7503,947|0|0|2|1|3|3|0|6|1|0|1134|5|1|3|3|2|2|13|1|19|4|906|6|7|1|6|7|12|1|8|3|24|951|1|13|4|9|17|3|9|0|13|1|904|0|9|2|6|50|19|1|9|25|1|772|15|1|17|9|22|1|6|3|7|6|939|0|7|0|6|2|32|4|9|0|1|969|3|19|8|6|10|8|3|15|8|0|918|6|11|1|0|16|13|4|0|17|7|921
25,tanh,leaky_relu,0.5,interleave,12,0.003,10,ce,ok,9.20483,94.2889,93.58,93.5468,93.58,93.493,93.94,9,0.546477|0.299982|0.25958|0.238891|0.224581|0.215621|0.207544|0.20232|0.198297|0.192642,84.3178|91.2222|92.5156|93.0933|93.3844|93.7044|93.8867|94.0311|94.1978|94.2889,90.42|92.28|92.84|92.58|93.36|92.36|93.08|93.18|93.94|93.58,90.2896|92.2258|92.8255|92.5451|93.335|92.3275|93.0288|93.158|93.9073|93.5468,930|0|3|0|3|8|13|0|4|2|0|1146|2|1|3|3|1|4|3|1|5|16|883|13|12|2|7|18|12|1|1|9|29|931|1|25|1|20|12|4|3|3|10|0|928|1|16|3|2|28|7|4|5|20|7|791|13|2|12|8|6|1|7|0|10|5|955|0|7|0|1|8|6|5|9|1|0|1003|1|11|5|29|13|5|7|15|8|2|882|16|6|2|0|10|30|6|0|24|3|909
23,tanh,leaky_relu,0.5,interleave,12,0.003,10,ce,ok,9.33069,94.1556,93.02,92.9759,92.74,92.6424,93.58,9,0.542761|0.299188|0.264069|0.247029|0.235884|0.22455|0.215554|0.209615|0.202377|0.198169,84.3578|91.1556|92.14|92.5511|92.9267|93.2622|93.5889|93.8511|94.0556|94.1556,90.9|91.48|91.66|92.88|92.58|92.94|92.98|93.44|93.58|93.02,90.8679|91.3774|91.6346|92.8426|92.5174|92.8956|92.9212|93.3938|93.5266|92.9759,939|0|7|1|3|2|3|0|8|0|0|1111|8|4|5|1|0|6|28|1|6|3|896|17|17|3|5|14|8|0|3|3|22|917|0|34|1|20|26|7|3|0|9|1|940|0|5|4|6|26|6|0|3|17|8|789|21|4|15|6|14|1|6|0|34|14|908|0|14|0|9|0|11|5|10|2|0|992|3|13|6|2|14|19|5|31|2|2|892|9|14|0|0|10|42|9|0|21|4|890
26,tanh,leaky_relu,0.5,interleave,12,0.003,10,ce,ok,9.22745,94.6311,94.48,94.4519,93.67,93.5647,94.48,10,0.553608|0.290342|0.247117|0.222718|0.20828|0.19853|0.188646|0.184231|0.180355|0.176414,83.6467|91.44|92.62|93.4867|93.8356|94.0844|94.3711|94.46|94.5511|94.6311,90.86|91.44|92.48|93.48|93.64|93.8|93.2|93.38|94.04|94.48,90.7906|91.4003|92.4276|93.4596|93.5953|93.7602|93.1522|93.3731|94.011|94.4519,930|0|5|1|2|8|6|0|8|3|0|1143|3|2|3|1|1|1|10|0|7|3|898|8|12|4|17|8|11|1|0|3|15|936|1|32|4|16|20|6|4|1|8|1|900|3|23|1|8|45|3|2|2|17|5|796|16|4|16|8|5|1|2|1|0|3|972|1|6|0|4|5|13|6|7|12|0|968|1|29|8|18|5|11|2|23|11|2|896|6|6|5|0|6|19|10|0|12|4|928
27,tanh,leaky_relu,0.5,interleave,12,0.003,10,ce,ok,9.62269,94.7333,94.1,94.0767,93.4,93.288,94.22,6,0.526696|0.289579|0.24945|0.226368|0.210305|0.197066|0.191751|0.18569|0.180352|0.176068,85.1178|91.66|92.68|93.3378|93.8444|94.1689|94.3467|94.4667|94.6933|94.7333,90.02|92.14|92.5|92.56|93.76|94.22|94.1|93.74|94|94.1,89.9405|92.1359|92.495|92.5697|93.7341|94.1972|94.081|93.746|93.9797|94.0767,944|0|1|0|0|7|8|0|2|1|0|1145|4|3|2|0|1|2|6|1|7|4|893|11|9|5|24|4|10|2|6|10|19|919|1|43|1|14|15|5|2|5|6|0|910|3|43|7|3|15|10|2|0|7|4|813|11|3|13|6|10|1|1|0|0|5|968|0|6|0|5|7|16|7|4|2|2|988|2|12|4|14|9|10|4|31|14|3|891|2|7|1|2|11|42|13|0|37|8|869
28,tanh,leaky_relu,0.5,interleave,12,0.003,10,ce,ok,9.57083,94.6422,94.14,94.1132,93.77,93.6496,94.14,10,0.57434|0.301921|0.261523|0.236622|0.221428|0.20917|0.200387|0.192302|0.187432|0.183108,82.8267|91.1956|92.3711|93.0111|93.4178|93.9422|94.1089|94.38|94.5156|94.6422,90.54|92.34|92.78|91.6|92.58|93.7|93.64|93.92|93.9|94.14,90.5211|92.3113|92.7445|91.6093|92.5382|93.6995|93.6343|93.9122|93.8548|94.1132,934|0|5|1|2|7|5|1|6|2|0|1138|4|4|4|2|1|3|7|1|3|8|888|10|17|3|15|11|10|4|2|6|13|947|0|32|0|17|10|6|3|2|4|1|923|3|15|5|3|35|15|3|6|23|12|773|11|1|17|8|11|1|2|1|1|6|961|1|6|1|4|4|7|4|6|1|2|1005|2|10|13|9|3|6|2|15|5|3|917|9|8|1|0|12|37|4|0|36|1|891
29,tanh,leaky_relu,0.5,interleave,12,0.003,10,ce,ok,9.45904,94.7889,93.74,93.6702,93.42,93.278,93.82,5,0.54132|0.279726|0.242042|0.221422|0.209191|0.198341|0.191132|0.184512|0.178417|0.173501,83.4689|91.8356|92.8978|93.5022|93.7978|94.0156|94.3133|94.4889|94.6333|94.7889,91.36|92.74|92.66|92.58|93.82|93.82|93.52|93.4|93.74|93.74,91.3345|92.6886|92.598|92.5232|93.7696|93.7868|93.4718|93.358|93.7111|93.6702,936|0|5|0|1|6|2|2|7|4|0|1134|3|6|2|1|1|8|6|3|7|5|877|9|16|3|8|24|17|3|2|3|19|941|1|17|2|25|14|9|4|0|9|0|930|2|8|7|7|27|5|6|9|45|5|734|19|2|27|17|11|1|6|0|11|4|952|0|5|1|1|2|6|3|11|0|0|1009|2|11|5|6|16|7|8|7|8|8|899|18|4|0|0|5|26|0|0|15|10|930
30,tanh,leaky_relu,0.5,interleave,12,0.003,10,ce,ok,9.64207,94.9267,93.4,93.3832,93.53,93.4351,94.24,7,0.551568|0.287557|0.245504|0.220708|0.206465|0.195581|0.187455|0.183414|0.176682|0.171545,83.7956|91.5111|92.7089|93.4311|93.9044|94.1911|94.4156|94.5644|94.7756|94.9267,90.18|91.16|92.34|93.2|93.68|93.4|94.24|93.62|94.12|93.4,89.9809|91.1184|92.2936|93.159|93.6438|93.381|94.2181|93.5841|94.1033|93.3832,935|0|4|1|2|6|1|1|10|3|0|1134|4|11|4|1|1|2|6|1|6|4|882|26|11|1|13|8|17|1|3|3|10|988|2|8|1|11|5|2|2|0|5|1|943|4|10|4|5|20|0|2|2|76|3|758|8|2|10|8|9|4|13|0|7|17|927|0|14|0|3|3|11|8|12|3|0|996|1|8|3|6|8|26|8|16|1|3|899|12|3|1|0|24|31|4|0|27|9|891
2,sigmoid,relu,0.5,interleave,12,0.01,10,ce,ok,9.48762,93.6311,93.62,93.5941,93.06,92.9509,93.62,10,0.652776|0.374648|0.315557|0.286121|0.267474|0.253512|0.243264|0.232034|0.225622|0.219972,79.4644|88.8422|90.6667|91.66|92.2489|92.5778|92.8933|93.2489|93.4978|93.6311,88.82|84.7|91|91.64|93.04|93.12|93.3|93.2|92.94|93.62,88.7464|83.8876|90.9265|91.5079|93.0354|93.1028|93.2784|93.1673|92.8989|93.5941,938|0|2|0|1|3|7|0|11|1|0|1145|5|0|0|0|0|5|8|1|10|7|866|11|11|5|10|10|39|0|5|13|21|917|2|28|3|10|27|7|5|2|6|2|893|1|15|5|11|54|6|9|3|10|4|797|15|3|14|8|11|2|3|0|4|10|955|0|6|0|2|7|12|7|7|2|1|988|7|12|10|11|7|3|8|26|8|1|897|11|8|2|0|7|23|11|0|21|8|910
1,sigmoid,relu,0.5,interleave,12,0.01,10,ce,ok,9.61606,93.7,92.16,92.0867,92.42,92.2571,92.88,5,0.596165|0.358692|0.301303|0.27089|0.252536|0.239652|0.232144|0.226514|0.219447|0.214694,81.0022|89.56|91.1044|92.1533|92.6867|93.1044|93.3067|93.3733|93.4711|93.7,89.06|91.22|91.86|91.98|92.88|92.76|90.58|92.3|92.46|92.16,89.047|91.1864|91.8138|91.98|92.8573|92.7347|90.5919|92.2633|92.4473|92.0867,924|0|7|0|1|5|9|1|16|0|0|1130|8|3|5|0|0|2|15|1|6|3|907|4|6|0|21|7|12|3|2|11|24|922|0|11|3|24|32|4|3|1|15|0|936|0|15|7|3|14|6|7|3|69|4|693|22|1|51|13|4|3|3|0|2|2|972|0|5|0|3|1|26|7|8|0|0|985|4|11|4|18|24|1|5|1|11|3|911|4|6|4|0|5|63|0|1|37|12|862
3,sigmoid,relu,0.5,interleave,12,0.01,10,ce,ok,9.57742,93.8622,92.7,92.7253,92.5,92.443,92.94,9,0.617613|0.351106|0.304278|0.273714|0.256237|0.241068|0.232856|0.221522|0.215081|0.208982,80.54|89.8111|90.9111|91.9044|92.3578|92.8711|93.0822|93.4244|93.5422|93.8622,89.54|91.02|91.94|92.2|92.78|91.66|92.82|92.1|92.94|92.7,89.4979|90.985|91.9098|92.1581|92.7664|91.678|92.7868|92.0969|92.9057|92.7253,942|0|1|0|0|6|4|0|8|2|0|1105|4|7|3|1|1|0|40|3|13|6|868|9|15|3|18|6|31|0|5|4|17|941|1|28|1|8|21|7|2|2|4|0|848|4|12|0|12|110|10|0|2|18|3|798|9|2|16|11|12|2|1|0|2|24|941|0|9|0|5|3|16|11|6|3|1|947|9|44|5|6|4|0|3|13|12|0|930|9|5|1|0|4|17|6|2|13|12|930
4,sigmoid,relu,0.5,interleave,12,0.01,10,ce,ok,9.38252,93.5511,91.84,91.8173,91.29,91.1535,92.48,9,0.623185|0.377882|0.318768|0.284834|0.264539|0.247757|0.236136|0.226104|0.220478|0.216483,79.9333|88.6711|90.4933|91.3289|92.1778|92.6|92.9889|93.1689|93.3622|93.5511,84.64|88.82|89.94|92.12|91.38|91.92|92.32|92.16|92.48|91.84,84.4508|88.831|89.9492|92.066|91.3561|91.8849|92.2682|92.1356|92.4171|91.8173,915|0|12|2|2|5|1|1|22|3|0|1130|1|2|4|3|0|2|22|0|2|9|858|30|10|4|4|21|31|0|0|5|8|924|0|47|0|13|31|5|2|1|18|1|883|1|7|5|8|68|0|11|5|30|7|724|7|1|62|22|12|2|73|0|3|10|847|0|44|0|1|5|6|8|9|2|0|986|1|27|0|3|3|12|2|10|0|0|947|5|7|2|1|3|25|3|0|19|15|915
5,sigmoid,relu,0.5,interleave,12,0.01,10,ce,ok,9.56963,93.5333,91.54,91.6167,91.16,91.0867,93.3,9,0.615385|0.370011|0.318581|0.287144|0.270236|0.253596|0.247107|0.23563|0.228309|0.220175,80.5689|89.1356|90.7867|91.6067|92.2956|92.62|92.7556|93.1289|93.2444|93.5333,89.36|90.82|91.12|91.46|91.92|91.96|91.68|86.08|93.3|91.54,89.2105|90.7358|91.0595|91.3903|91.9295|91.9399|91.7382|85.4833|93.2776|91.6167,933|0|6|0|4|3|4|1|7|5|0|1145|2|3|2|3|0|4|4|1|6|16|857|3|6|4|25|35|16|1|2|8|19|863|1|23|2|60|6|49|2|0|4|0|870|1|15|2|4|96|8|5|9|19|6|714|9|5|8|86|10|1|1|0|1|8|964|0|6|0|2|6|4|0|7|0|1|989|0|36|4|31|8|3|2|16|14|4|833|67|4|0|1|3|16|2|0|13|3|948
6,sigmoid,relu,0.5,interleave,12,0.01,10,ce,ok,9.5512,93.7644,91.78,91.7615,92.11,91.9965,92.7,9,0.60146|0.359066|0.301298|0.274627|0.259021|0.245143|0.233916|0.225111|0.218375|0.213219,81.0289|89.2556|91.0844|91.8822|92.3133|92.7622|93.1133|93.3578|93.6422|93.7644,88.5|91.62|92.24|91.02|89.82|91.96|90.42|92.58|92.7|91.78,88.2816|91.5885|92.2312|91.0012|89.7925|91.9387|90.4469|92.5619|92.6559|91.7615,952|0|1|1|2|0|1|0|5|1|0|1112|8|0|5|2|0|14|20|3|14|1|896|2|17|3|10|16|9|1|4|2|48|843|1|24|1|78|20|12|8|0|3|0|930|1|7|4|5|36|22|3|5|25|9|743|12|6|19|25|41|0|2|0|14|1|925|0|8|0|11|2|16|1|7|1|0|995|1|11|8|2|16|4|11|9|7|2|906|17|11|0|0|0|29|0|0|36|5|909
7,sigmoid,relu,0.5,interleave,12,0.01,10,ce,ok,9.2438,93.5556,93.16,93.1342,92.36,92.2485,93.16,10,0.723739|0.389205|0.315446|0.285349|0.264848|0.251038|0.2407|0.233949|0.229222|0.223821,76.2889|88.7511|90.9778|91.8489|92.3022|92.7156|92.9511|93.2956|93.3044|93.5556,85.62|88.32|91.74|92.18|92.46|92.96|91.82|92.38|92.58|93.16,85.175|88.4948|91.6902|92.1375|92.4022|92.9327|91.8036|92.3712|92.5683|93.1342,936|0|3|1|1|11|3|0|7|1|0|1132|7|2|5|1|0|2|13|2|8|16|858|10|13|6|25|16|15|2|3|11|20|870|1|41|6|24|7|50|6|1|3|0|902|4|21|2|3|52|11|0|2|10|7|791|16|2|11|19|6|0|1|0|0|23|956|0|5|0|8|4|16|1|14|3|1|971|0|27|4|14|7|8|8|20|13|3|882|23|11|0|0|1|25|2|1|11|1|938
8,sigmoid,relu,0.5,interleave,12,0.01,10,ce,ok,9.03413,93.82,92.9,92.8579,92.76,92.6508,93.58,7,0.644248|0.36257|0.300799|0.270864|0.252885|0.241866|0.23111|0.224678|0.217934|0.213328,79.7022|89.2067|91.0956|92.0867|92.6489|93.0844|93.3689|93.4978|93.7178|93.82,84.52|90.12|91.84|92.42|92.86|93.54|93.58|93.38|92.88|92.9,84.1419|90.0688|91.7821|92.4012|92.7809|93.522|93.5444|93.3205|92.8291|92.8579,940|0|3|2|1|4|2|2|6|3|0|1101|10|8|3|5|2|13|20|2|6|4|898|7|21|0|10|7|11|5|8|1|26|918|0|38|2|17|17|6|5|0|3|1|926|0|5|5|2|47|19|1|5|22|8|761|17|2|14|20|19|1|4|3|31|5|918|0|9|1|4|0|14|4|9|1|0|998|0|15|11|2|8|15|9|17|4|0|887|29|5|1|0|5|22|4|0|14|10|929
11,sigmoid,relu,0.5,interleave,12,0.01,10,ce,ok,8.88687,93.5133,92.82,92.7351,92.67,92.4932,92.82,10,0.630769|0.397062|0.318246|0.286199|0.264634|0.250884|0.238564|0.23113|0.224371|0.219065,80.1622|88.2622|90.4356|91.46|92.0756|92.4911|92.8044|93.0378|93.2756|93.5133,84.58|88.76|90.04|91.36|89.6|92.34|92.5|91.12|92.76|92.82,83.9971|88.6239|90.0388|91.2575|89.4693|92.2276|92.3921|91.0763|92.6735|92.7351,947|0|1|1|1|2|2|2|5|2|0|1131|2|2|3|7|0|3|13|3|22|3|879|9|7|8|8|11|19|3|10|5|34|905|0|48|0|16|11|4|3|0|3|1|950|3|10|3|8|13|49|2|3|10|6|750|9|1|29|10|24|1|2|0|3|17|936|0|8|0|12|1|22|2|9|5|0|988|1|5|12|10|10|4|2|13|2|2|922|5|8|3|0|8|48|14|0|34|16|859
9,sigmoid,relu,0.5,interleave,12,0.01,10,ce,ok,9.05418,94.1578,93.86,93.8383,93.24,93.1277,93.86,10,0.651514|0.366711|0.304415|0.269931|0.245472|0.23049|0.220645|0.210271|0.203158|0.198273,79.7178|89.3978|91.1644|92.2578|92.8489|93.3578|93.5444|93.7467|94.0378|94.1578,89.56|90.78|90.76|92.9|92.88|92.98|93|93.28|93.46|93.86,89.5122|90.6455|90.6635|92.8663|92.8563|92.9235|92.9642|93.226|93.4581|93.8383,935|0|2|0|1|6|10|0|9|0|0|1130|7|3|3|2|3|2|13|1|11|3|890|7|12|6|19|5|15|1|6|3|31|935|1|26|4|9|12|6|1|0|2|0|924|3|14|2|4|44|8|5|6|30|4|775|19|0|15|7|9|2|3|0|5|2|962|0|8|0|9|2|22|2|12|4|0|964|1|29|15|17|16|3|4|10|5|0|897|15|7|1|0|17|29|13|0|9|2|912
10,sigmoid,relu,0.5,interleave,12,0.01,10,ce,ok,9.00383,93.5222,92.54,92.4939,92.35,92.2321,92.86,7,0.628337|0.369933|0.310978|0.281603|0.264452|0.254924|0.242989|0.233247|0.228431|0.221266,80.0556|89.2733|91.04|91.8956|92.3178|92.64|92.9133|93.2067|93.3289|93.5222,88.2|90.24|90.88|91.96|91.1|92.04|92.86|92.24|92.66|92.54,88.1358|90.1706|90.8385|91.944|91.0292|92.0086|92.8413|92.2051|92.6284|92.4939,945|0|1|2|1|4|1|0|8|1|0|1138|3|6|1|2|0|5|7|2|15|8|897|13|6|4|6|8|11|1|9|3|33|923|0|28|2|11|16|8|3|0|16|2|827|2|10|3|11|120|10|2|1|22|3|778|19|2|27|5|29|1|5|0|3|8|931|0|14|0|5|4|13|6|6|5|1|972|1|32|7|15|21|20|0|15|3|0|890|11|10|2|0|10|9|6|0|12|7|934
12,sigmoid,relu,0.5,interleave,12,0.01,10,ce,ok,9.05861,93.5956,93.18,93.1842,92.72,92.6032,93.18,10,0.646754|0.405154|0.325491|0.289728|0.272996|0.256737|0.244616|0.236264|0.227267|0.217591,80.12|88.3089|90.5533|91.5778|92.0022|92.3911|92.6911|92.9578|93.2822|93.5956,87.02|90.04|91.5|91.22|91.68|92.12|92.44|92.72|92.46|93.18,86.8197|89.9285|91.4433|91.2088|91.5697|92.0611|92.3729|92.6733|92.4072|93.1842,930|0|5|1|5|3|5|2|11|1|0|1135|6|7|2|3|0|1|8|2|5|3|896|9|11|6|9|14|15|1|2|3|19|906|2|49|1|22|15|14|0|0|8|1|963|0|7|3|2|10|2|6|3|15|6|776|18|5|21|17|6|1|23|0|8|8|936|0|9|0|3|4|12|4|14|1|0|976|1|30|6|12|5|17|8|16|5|2|880|31|3|4|1|5|70|7|0|26|0|874
16,sigmoid,relu,0.5,interleave,12,0.01,10,ce,ok,11.4078,93.9556,93.58,93.5279,93.16,93.0366,93.58,10,0.572716|0.338335|0.287246|0.261492|0.243101|0.233852|0.224182|0.218256|0.21095|0.206044,82.0711|90.0867|91.6489|92.2978|92.8978|93.1267|93.4067|93.5178|93.6978|93.9556,89.2|91.1|92.56|92.1|93.14|91.62|93.54|91.74|92.26|93.58,89.0229|91.0248|92.521|92.0823|93.0788|91.5484|93.5157|91.7293|92.2256|93.5279,941|0|1|2|2|3|3|1|10|0|0|1129|2|6|3|2|0|8|13|1|12|4|829|33|14|7|21|26|21|2|14|3|14|912|2|35|2|21|10|20|5|1|3|0|925|1|11|4|7|37|10|5|2|14|6|783|20|3|13|13|7|2|0|0|6|9|951|0|16|0|3|1|3|5|7|0|0|1013|0|13|5|12|10|8|3|10|5|1|915|13|5|3|0|6|26|6|0|19|7|918
15,sigmoid,relu,0.5,interleave,12,0.01,10,ce,ok,11.6353,93.6578,93.48,93.4496,93.23,93.1119,93.48,10,0.617825|0.379153|0.321893|0.286438|0.263177|0.248167|0.235189|0.228224|0.217772|0.214261,80.8311|88.72|90.3644|91.5733|92.2644|92.6467|93.0089|93.2711|93.5556|93.6578,88.64|89.94|90.96|91.38|93.1|92.8|92.82|92.8|92.72|93.48,88.6026|89.8633|90.9281|91.2314|93.0527|92.7232|92.7747|92.7565|92.7353|93.4496,940|0|2|2|1|4|1|8|4|1|0|1130|4|0|3|1|1|8|16|1|6|9|905|5|6|4|10|7|16|1|4|6|22|931|1|24|2|19|16|8|5|2|6|0|898|0|13|1|6|63|16|1|9|10|11|769|16|10|19|8|10|1|2|0|2|8|960|0|8|0|4|2|13|4|4|2|0|1008|0|8|11|20|21|10|6|18|7|2|872|15|9|0|0|12|23|1|0|29|6|910
14,sigmoid,relu,0.5,interleave,12,0.01,10,ce,ok,11.7156,94.2467,92.32,92.2525,92.19,92.047,93.56,6,0.614464|0.353963|0.291018|0.258527|0.240368|0.229639|0.220511|0.213783|0.205517|0.200081,80.8289|89.8333|91.6578|92.5511|93.0333|93.3067|93.5844|93.7667|93.9578|94.2467,86.74|89.76|91.22|92.6|92.3|93.56|93.1|92.8|93.22|92.32,86.5189|89.6311|91.2019|92.5365|92.2765|93.5159|93.073|92.7673|93.2074|92.2525,920|0|7|1|2|5|23|0|4|1|0|1143|6|1|4|0|2|2|4|2|9|9|897|4|13|0|11|18|8|0|3|7|35|902|1|19|2|33|13|18|0|1|4|0|946|0|14|3|1|25|9|3|3|12|8|727|35|4|24|44|5|3|2|0|16|1|957|0|7|0|1|3|13|4|15|3|1|965|1|39|8|17|26|10|7|12|18|0|851|33|3|3|0|4|50|3|0|14|2|911
17,sigmoid,relu,0.5,interleave,12,0.01,10,ce,ok,11.8423,94.0511,92.68,92.6778,92.64,92.5326,93.08,8,0.572907|0.339579|0.288939|0.261978|0.242941|0.228325|0.221362|0.211961|0.208064|0.20111,82.0622|89.9822|91.5622|92.2578|92.8133|93.1578|93.3667|93.6711|93.88|94.0511,86.92|90.76|90.66|92.66|92.6|91.9|91.86|93.08|92.8|92.68,86.6045|90.697|90.7118|92.6187|92.5533|91.7334|91.8969|93.0599|92.7704|92.6778,922|0|2|2|2|10|3|9|13|0|0|1126|5|5|7|0|0|3|17|1|4|3|868|12|19|5|6|27|24|1|3|9|26|908|0|49|1|21|9|7|2|0|7|0|930|5|8|14|4|24|12|1|1|8|6|807|12|6|10|6|5|1|2|0|6|21|951|0|5|0|1|2|8|2|4|5|1|1020|0|2|3|14|18|7|8|30|5|5|884|8|2|5|0|10|40|17|1|66|1|848
18,sigmoid,relu,0.5,interleave,12,0.01,10,ce,ok,11.8708,93.7667,93.36,93.3214,93.19,93.1071,93.36,10,0.678497|0.400289|0.320751|0.285253|0.260366|0.244531|0.233554|0.225832|0.216993|0.214224,78.7|88.7133|90.98|91.7889|92.5867|92.9356|93.1778|93.4933|93.7978|93.7667,86.8|90.6|90.96|91.3|91.9|92.2|93.18|92.56|93.02|93.36,86.9117|90.5564|90.9991|91.2369|91.8915|92.1736|93.1647|92.4902|92.9522|93.3214,934|1|7|2|2|8|4|0|5|0|0|1141|3|4|3|0|0|2|8|3|6|6|906|11|11|5|5|6|13|0|9|6|34|928|2|19|2|10|20|3|0|1|11|0|927|1|15|2|9|28|7|1|5|22|6|789|15|2|16|6|11|5|10|0|6|8|946|0|5|0|0|7|29|11|8|3|1|964|3|19|7|25|14|11|2|13|16|0|888|6|8|2|0|12|39|3|1|20|9|896
13,sigmoid,relu,0.5,interleave,12,0.01,10,ce,ok,11.8974,93.5467,93.56,93.5353,93.32,93.2048,93.56,10,0.609299|0.377163|0.319995|0.285364|0.265417|0.247501|0.234464|0.226389|0.218497|0.212282,80.8711|88.8867|90.7133|91.5489|92.1022|92.5044|93.0378|93.2667|93.4356|93.5467,88.64|90.72|91.02|92.18|91.66|92.6|92.88|93.34|93.06|93.56,88.5767|90.5758|90.9025|92.1194|91.6344|92.5459|92.8487|93.3149|93.0168|93.5353,933|0|5|0|1|10|6|0|5|3|0|1131|2|7|3|2|0|3|15|1|4|5|878|17|13|5|11|16|19|1|0|6|11|957|1|29|0|16|5|8|1|0|5|1|935|2|11|1|6|32|5|7|6|37|5|755|17|2|21|14|6|1|2|0|6|10|958|0|8|0|2|7|6|4|10|4|0|976|1|35|4|21|11|12|2|16|4|0|901|11|4|4|0|11|40|7|2|12|2|908
19,sigmoid,relu,0.5,interleave,12,0.01,10,ce,ok,11.9059,93.7667,92.76,92.7242,92.36,92.241,93.02,9,0.621668|0.329324|0.277895|0.2544|0.241007|0.232787|0.224453|0.219549|0.210172|0.209336,80.6378|90.3133|91.9556|92.5178|92.8933|93.16|93.3267|93.3267|93.7867|93.7667,88.94|91.34|92.4|90.62|91.84|91.52|91.94|92.42|93.02|92.76,88.8481|91.3181|92.3222|90.5572|91.7884|91.4826|91.8874|92.3532|92.9922|92.7242,938|0|7|1|2|6|2|1|5|1|0|1148|2|0|3|4|0|3|3|1|7|14|882|8|14|8|15|9|9|3|2|19|50|843|1|75|1|21|2|19|0|0|6|0|917|4|9|4|2|52|3|11|5|6|5|809|7|4|5|14|10|6|5|0|11|21|934|0|3|1|6|5|19|1|8|1|0|987|1|17|15|31|24|0|3|29|9|3|855|13|4|2|3|4|23|5|1|22|3|923
20,sigmoid,relu,0.5,interleave,12,0.01,10,ce,ok,11.9003,93.6778,93.48,93.4787,92.77,92.649,93.48,10,0.632528|0.363924|0.302107|0.2785|0.258645|0.246188|0.235475|0.229049|0.221362|0.212937,80.1533|89.3644|91.0689|91.6378|92.3156|92.72|93.0178|93.1956|93.2844|93.6778,87.7|90.7|91.96|90.9|91.74|91.42|91.88|93.24|93.02|93.48,87.5314|90.6613|91.8858|90.9595|91.7105|91.3796|91.8705|93.2076|92.9861|93.4787,931|0|4|0|1|9|7|0|10|1|0|1149|3|0|1|4|1|2|4|0|11|10|882|10|11|4|14|9|18|0|4|14|20|910|0|49|2|12|16|6|1|10|15|1|843|1|18|7|14|84|8|2|2|10|1|796|15|3|23|9|6|4|5|0|5|17|948|0|6|0|0|10|12|7|5|3|0|983|1|24|5|18|15|4|4|26|4|0|904|2|4|6|0|7|9|6|0|18|9|931
21,sigmoid,relu,0.5,interleave,12,0.01,10,ce,ok,11.557,93.9044,93.28,93.2296,93,92.8698,93.28,10,0.665208|0.366108|0.303536|0.274616|0.254511|0.243811|0.230928|0.221544|0.214319|0.20965,78.7444|89.5333|91.3222|92.0689|92.6711|92.9867|93.1933|93.52|93.6956|93.9044,87.58|91.36|92.32|91.52|92.3|92.04|92.3|92.14|92.9|93.28,87.5213|91.2931|92.3017|91.4673|92.2463|92.0297|92.3115|92.1808|92.8207|93.2296,929|0|3|2|1|7|5|1|11|4|0|1132|6|3|1|5|0|4|11|2|10|7|883|3|10|4|19|14|17|2|3|3|24|942|1|23|0|18|9|10|3|0|4|0|915|2|25|8|4|33|5|2|4|43|4|759|21|4|16|11|6|1|4|0|5|9|964|0|2|0|6|3|9|9|13|0|1|990|0|14|11|9|11|21|4|12|12|3|876|23|11|1|1|12|33|1|0|19|2|910
22,sigmoid,relu,0.5,interleave,12,0.01,10,ce,ok,11.4014,93.6978,92.1,92.0757,92.14,91.9847,93.12,8,0.566222|0.356441|0.305725|0.27696|0.258578|0.245587|0.232321|0.227189|0.217139|0.215278,82.5467|89.3978|90.7667|91.7733|92.3222|92.6111|93.1933|93.4133|93.6867|93.6978,88.82|89.12|90.48|91.96|92.02|92.04|92.62|93.12|92.54|92.1,88.6828|88.8107|90.4223|91.9237|91.969|91.9525|92.6271|93.1019|92.5433|92.0757,912|0|3|2|2|7|9|10|16|2|0|1133|2|10|1|0|0|6|12|0|13|3|829|29|13|4|23|10|41|4|1|2|9|958|0|12|2|12|30|7|3|0|5|1|950|1|11|8|4|11|2|1|4|66|8|720|10|6|41|11|6|1|6|0|7|6|952|0|13|0|1|7|12|11|15|0|0|989|1|9|1|9|5|9|4|13|4|0|924|13|4|2|0|12|62|3|0|50|10|847
23,sigmoid,relu,0.5,interleave,12,0.01,10,ce,ok,11.3427,93.8111,92.96,92.9624,92.62,92.536,93.62,8,0.576695|0.357765|0.306404|0.27616|0.254964|0.24108|0.228376|0.222722|0.214878|0.208961,81.7689|89.5711|90.9156|91.9156|92.5467|92.9022|93.36|93.4911|93.6111|93.8111,89.76|91.06|90.72|92.76|92.56|92.86|92.58|93.62|92.84|92.96,89.6488|90.9902|90.7238|92.7396|92.5129|92.8562|92.582|93.6088|92.8406|92.9624,916|0|11|2|2|5|3|2|18|4|0|1122|14|3|4|0|2|3|12|4|4|3|888|14|7|4|7|16|22|4|1|4|25|952|1|16|1|12|15|6|1|0|45|0|872|3|2|23|6|42|3|6|10|28|5|767|11|0|19|20|10|1|19|0|8|11|928|0|13|1|4|0|23|7|1|0|0|1000|1|9|1|2|16|6|3|15|7|2|919|11|3|1|5|17|21|0|0|44|1|898
24,sigmoid,relu,0.5,interleave,12,0.01,10,ce,ok,11.439,93.7911,93.24,93.2161,92.66,92.5373,93.24,10,0.623849|0.3798|0.308178|0.271797|0.250267|0.234639|0.223696|0.214373|0.209902|0.202869,80.4378|88.76|90.6556|91.8444|92.52|92.8622|93.2156|93.5244|93.5644|93.7911,86.8|91.32|91.7|92.04|92.48|92.9|92.78|92.54|92.84|93.24,86.8732|91.2338|91.592|91.9821|92.4579|92.8582|92.7328|92.4723|92.8157|93.2161,938|0|4|1|1|2|4|1|11|1|0|1113|4|8|5|3|0|2|25|4|22|1|898|8|6|2|11|10|11|0|8|2|18|938|0|40|3|12|10|2|5|0|9|0|858|0|30|5|11|76|6|0|10|21|5|774|26|1|23|3|9|1|12|0|3|6|952|0|8|0|11|1|15|5|7|1|0|988|3|14|5|4|24|15|3|15|11|2|899|4|9|0|1|13|11|7|1|32|8|908
25,sigmoid,relu,0.5,interleave,12,0.01,10,ce,ok,11.5691,93.4444,92.38,92.2818,92.09,91.9026,93.4,9,0.583756|0.384203|0.323867|0.287018|0.261904|0.245323|0.23495|0.229536|0.223235|0.219106,82.0178|88.6467|90.4622|91.5044|92.3556|92.8022|93.0444|93.3378|93.3333|93.4444,88.36|89.34|91.64|91.58|91.9|91.66|92.66|92.94|93.4|92.38,88.3241|89.3891|91.5744|91.5278|91.8194|91.6136|92.6384|92.8905|93.3776|92.2818,893|0|24|6|1|4|25|2|5|3|0|1147|3|1|1|0|0|2|9|1|3|8|881|9|13|1|18|23|12|1|0|11|24|951|1|17|2|18|6|3|4|1|7|0|940|0|10|1|2|29|12|16|5|71|7|687|31|1|27|12|4|2|7|2|9|2|956|0|9|0|2|11|4|5|14|1|1|991|1|15|4|40|11|20|7|5|13|7|857|18|3|3|0|18|37|4|0|14|5|906
26,sigmoid,relu,0.5,interleave,12,0.01,10,ce,ok,11.5831,93.0689,92.38,92.3707,92.17,92.063,92.38,10,0.682989|0.400028|0.344277|0.316931|0.292164|0.274014|0.258704|0.248447|0.239792|0.23278,78.4444|88.2578|89.9289|90.6778|91.4778|91.8556|92.3178|92.66|92.9022|93.0689,86.48|88.26|90.92|91.24|91.04|91.92|92.28|90.66|91.7|92.38,86.4815|88.157|90.8719|91.1382|90.968|91.8419|92.2097|90.5543|91.6182|92.3707,925|0|11|0|2|5|9|3|5|3|0|1139|2|7|2|10|0|2|2|0|11|6|825|59|13|6|13|17|19|0|3|6|8|947|0|42|2|10|11|4|1|0|8|0|872|0|7|1|4|101|4|3|4|26|5|787|17|1|8|14|8|2|0|0|3|4|966|1|7|0|3|2|13|16|6|1|0|958|0|46|5|24|17|19|1|28|6|2|869|11|3|2|0|14|12|10|0|15|5|929
27,sigmoid,relu,0.5,interleave,12,0.01,10,ce,ok,11.6148,94.4,93.98,93.9549,93.57,93.4632,93.98,10,0.590214|0.334988|0.275674|0.246732|0.230719|0.218597|0.209465|0.199329|0.194303|0.189121,81.3311|90.0289|91.8533|92.6667|93.1267|93.4889|93.8422|93.9289|94.2156|94.4,87.24|91.74|92.68|93.06|93.4|93.58|92.26|93.54|93.4|93.98,87.1684|91.7348|92.6624|93.0537|93.3776|93.5503|92.3088|93.5342|93.3851|93.9549,930|1|1|1|8|5|6|0|11|0|0|1134|8|1|5|4|2|2|6|2|9|3|902|8|17|1|5|9|15|0|4|3|32|940|2|18|0|15|10|9|3|0|4|0|963|0|7|3|1|13|4|2|5|30|8|782|16|1|14|7|9|2|4|0|6|19|943|0|8|0|1|6|29|5|13|3|0|982|1|5|4|5|6|10|10|22|9|1|907|8|5|3|1|10|57|5|0|22|13|874
28,sigmoid,relu,0.5,interleave,12,0.01,10,ce,ok,11.6379,93.7733,93.34,93.3216,92.86,92.7454,93.34,10,0.625021|0.369871|0.304135|0.27099|0.250498|0.238649|0.229296|0.218726|0.213921|0.208994,80.6756|89.2556|91.1178|92.04|92.6511|93.0044|93.3889|93.5867|93.6822|93.7733,87.06|90|91.38|92.16|92.42|92.66|93.06|92.88|93.22|93.34,87.0935|89.9685|91.3121|92.1179|92.3683|92.6254|93.0343|92.8787|93.1745|93.3216,924|0|6|0|2|10|4|1|16|0|0|1128|6|2|5|7|0|3|10|3|7|3|902|9|12|2|9|9|16|0|2|3|56|900|0|32|2|21|13|4|2|1|7|0|939|0|20|0|5|20|4|2|11|26|9|774|16|10|14|3|7|1|11|0|0|12|953|0|7|0|2|2|24|3|13|4|0|975|2|20|6|15|12|9|5|23|4|0|906|2|7|1|1|6|57|4|0|20|9|885
29,sigmoid,relu,0.5,interleave,12,0.01,10,ce,ok,8.10947,93.6644,92.76,92.6912,92.2,92.0181,92.96,5,0.57121|0.360247|0.308737|0.276301|0.257668|0.244931|0.234353|0.227419|0.221082|0.215269,81.7111|89.2467|90.62|91.64|92.2111|92.7378|93.0311|93.1844|93.4356|93.6644,88.06|89.44|90.16|90.94|92.96|92.74|91.38|92.7|90.18|92.76,88.0253|89.2689|90.1009|90.9369|92.9171|92.6966|91.3406|92.6438|90.0182|92.6912,927|0|1|2|1|7|5|5|13|2|0|1141|1|6|2|0|0|2|12|0|3|9|885|7|15|8|12|12|16|2|1|8|14|942|0|17|0|18|29|4|6|1|9|1|908|0|8|3|16|42|11|0|5|29|4|677|14|1|118|10|7|5|9|0|7|3|952|0|8|0|4|4|10|3|13|1|0|991|3|16|2|21|10|8|2|6|4|2|925|2|7|2|0|9|24|8|0|35|33|872
30,sigmoid,relu,0.5,interleave,12,0.01,10,ce,ok,8.12303,93.7533,91.84,91.818,92.01,91.8819,92.78,9,0.600568|0.376711|0.316088|0.278939|0.258931|0.244393|0.229851|0.227103|0.217017|0.211669,81.12|88.8444|90.7867|91.7867|92.2533|92.7956|93.0222|93.2778|93.62|93.7533,86.76|89.4|90.82|92.14|91.24|92.2|92.3|92.5|92.78|91.84,86.3054|89.283|90.6829|92.0998|91.1742|92.2074|92.2624|92.4489|92.7067|91.818,926|0|4|2|5|6|2|0|12|6|0|1138|1|7|2|2|1|4|8|1|7|6|869|31|13|5|9|10|17|2|1|3|17|981|1|9|0|9|12|0|3|1|3|1|942|3|9|4|8|20|6|3|6|105|8|711|13|0|13|4|4|2|14|0|7|11|946|0|7|0|0|2|13|31|11|0|0|976|3|9|1|32|10|29|9|37|2|4|847|11|4|2|1|45|42|6|0|22|3|865
