seed,act1,act2,ratio,layout,hidden,lr,epochs,loss,status,seconds,train_acc,val_acc,val_f1,test_acc,test_f1,best_val_acc,best_val_epoch,epoch_loss,epoch_train_acc,epoch_val_acc,epoch_val_f1,test_confusion
3,relu,relu,0,interleave,32,0.003,10,ce,ok,29.3514,97.9089,96.36,96.3738,96.25,96.2124,96.48,7,0.470484|0.195359|0.149555|0.124725|0.107901|0.0962462|0.087572|0.080286|0.0733668|0.066822,85.9733|94.1956|95.5911|96.2911|96.6933|97.0267|97.2933|97.5378|97.6822|97.9089,93.14|94.56|95.12|95.7|96.16|96.3|96.48|96.44|96.32|96.36,93.0736|94.5079|95.1136|95.6758|96.1442|96.296|96.477|96.4257|96.3338|96.3738,957|0|0|0|2|1|1|0|0|2|0|1144|3|1|6|1|0|2|5|2|9|2|911|9|4|3|8|4|13|6|0|3|6|971|0|20|2|8|13|10|3|0|5|1|938|1|8|1|1|36|0|0|3|5|2|836|6|0|6|11|7|0|0|0|2|6|973|0|3|0|3|1|4|4|7|1|0|991|2|32|6|5|2|5|1|10|6|0|931|16|4|0|0|2|5|1|0|3|2|973
7,relu,relu,0,interleave,32,0.003,10,ce,ok,29.6617,97.86,95.92,95.9205,95.96,95.9137,96.56,8,0.473051|0.196062|0.146651|0.121905|0.107595|0.0972878|0.0892347|0.0812761|0.0748803|0.0695295,85.9733|94.1933|95.6333|96.36|96.7978|96.96|97.3533|97.5422|97.6622|97.86,93.48|95.02|95.46|95.64|96.14|96.22|96.4|96.56|96.14|95.92,93.4307|94.9905|95.4555|95.6414|96.1276|96.214|96.3938|96.5556|96.1203|95.9205,952|0|0|1|1|2|3|0|3|1|0|1128|1|1|2|0|0|4|26|2|4|2|906|16|8|0|8|8|14|3|1|5|5|975|0|17|0|8|18|4|2|0|1|0|964|0|6|2|3|16|5|2|3|14|3|800|13|0|23|6|8|0|2|0|3|5|963|0|10|0|0|1|10|4|3|0|1|1000|3|23|8|3|2|4|1|1|4|0|957|2|8|1|1|5|14|2|0|5|3|951
6,relu,relu,0,interleave,32,0.003,10,ce,ok,29.6798,97.8067,96.32,96.3191,96.49,96.4605,96.74,9,0.465622|0.204755|0.157989|0.130513|0.109965|0.0993037|0.0892461|0.0801956|0.0712539|0.0677141,85.9867|93.9578|95.24|96.0756|96.6889|96.9733|97.2933|97.5311|97.7622|97.8067,92.56|93.74|95.16|95.5|95.38|96.32|96.52|95.9|96.74|96.32,92.5348|93.6751|95.1359|95.4843|95.4002|96.3185|96.5207|95.9281|96.741|96.3191,942|0|1|0|1|2|2|0|13|2|0|1131|11|3|1|1|0|3|13|1|3|1|927|5|5|0|3|6|19|0|1|4|7|984|1|17|0|7|11|1|0|0|5|0|955|2|9|3|4|16|0|1|5|6|1|844|2|0|8|2|2|1|0|1|2|14|968|0|3|0|0|1|10|3|2|2|0|1012|1|14|1|4|4|7|1|9|2|1|952|1|2|0|1|16|5|11|0|11|10|934
1,relu,relu,0,interleave,32,0.003,10,ce,ok,29.7084,97.9,96.58,96.5732,96.5,96.4444,96.64,9,0.456447|0.204613|0.154627|0.12796|0.111372|0.0986629|0.0879675|0.0785892|0.0718528|0.067226,86.2667|93.86|95.4089|96.1311|96.62|96.9844|97.3356|97.4978|97.7333|97.9,93.36|95.02|95.5|95.8|96.24|96.6|96.36|96.52|96.64|96.58,93.329|95.0145|95.5012|95.7953|96.2349|96.5969|96.3581|96.5109|96.6359|96.5732,944|0|6|0|2|2|3|0|6|0|0|1141|2|2|1|0|0|4|14|0|1|2|935|7|9|0|1|5|7|2|1|1|17|993|0|15|0|4|1|1|2|1|5|0|955|2|6|7|2|14|1|1|5|17|1|827|3|0|6|8|7|0|1|3|2|18|955|0|4|1|2|0|8|2|2|2|0|1020|1|8|6|6|5|10|1|11|5|0|936|2|4|3|0|10|10|6|0|12|1|944
5,relu,relu,0,interleave,32,0.003,10,ce,ok,29.7144,97.9111,96.48,96.4932,96.26,96.2174,96.56,9,0.468943|0.202018|0.150566|0.124734|0.108699|0.0963892|0.0867175|0.0788709|0.0716115|0.064982,86.1956|94.0756|95.54|96.24|96.68|96.9578|97.3267|97.5111|97.8067|97.9111,93.18|94.4|95.9|96.16|95.86|96.44|96.34|96.36|96.56|96.48,93.1387|94.3736|95.9003|96.1706|95.8875|96.4283|96.349|96.3598|96.5652|96.4932,950|0|1|0|1|0|3|2|3|3|0|1153|3|1|2|1|0|3|0|1|7|6|924|4|3|0|5|11|6|3|2|5|13|960|0|16|0|10|10|17|1|1|4|0|944|1|8|4|1|30|7|1|2|7|0|822|11|0|8|11|8|2|0|0|3|2|975|0|1|0|1|0|10|4|6|3|0|1000|1|20|5|4|6|5|1|5|4|1|934|17|1|1|2|1|8|3|0|6|4|964
4,relu,relu,0,interleave,32,0.003,10,ce,ok,29.7439,97.7978,96.26,96.2464,96.45,96.4154,96.26,10,0.452625|0.203417|0.154178|0.129503|0.112442|0.0998899|0.0897246|0.0822612|0.0749954|0.0695826,86.7644|94|95.4778|96.1289|96.64|96.9622|97.2667|97.4133|97.6467|97.7978,93.36|94.8|95.48|95.7|96|95.88|95.74|95.68|96.18|96.26,93.3476|94.783|95.4633|95.6778|95.9856|95.8515|95.7401|95.65|96.1726|96.2464,934|1|6|0|2|5|3|1|7|4|0|1144|1|5|2|1|0|1|9|1|0|2|929|19|7|0|1|6|4|1|0|1|5|1007|1|10|0|4|2|3|0|0|5|0|965|0|5|1|1|17|0|2|6|18|0|839|2|0|1|1|5|1|4|0|6|12|957|0|6|0|0|3|8|8|3|1|0|1001|1|20|1|4|4|23|3|16|1|2|922|6|1|1|0|7|16|7|0|8|3|947
8,relu,relu,0,interleave,32,0.003,10,ce,ok,29.7428,97.8844,96.84,96.8397,96.57,96.5158,96.84,10,0.478106|0.205656|0.152777|0.126271|0.108838|0.0972327|0.0898082|0.0804308|0.0734758|0.0684339,85.6644|93.9644|95.4733|96.2511|96.7333|97.0844|97.1289|97.5222|97.7422|97.8844,93.24|94.62|95.74|95.64|96.44|96.04|96.08|96.42|96.22|96.84,93.1852|94.6031|95.7459|95.6279|96.4417|96.0418|96.0743|96.429|96.2225|96.8397,946|0|1|0|3|7|5|0|0|1|0|1142|8|0|5|0|0|3|4|2|6|3|936|4|9|2|1|5|0|3|1|2|11|983|0|19|1|9|4|3|1|0|4|0|976|1|1|1|1|9|1|0|4|8|2|837|5|0|5|7|4|0|0|0|3|4|978|0|2|0|0|0|12|4|9|4|0|1006|0|10|7|3|13|11|6|11|7|2|909|13|1|0|0|3|19|9|0|13|1|944
2,relu,relu,0,interleave,32,0.003,10,ce,ok,29.771,97.7111,96.96,96.9509,96.81,96.7608,96.96,10,0.452693|0.200871|0.152954|0.126838|0.111002|0.0991555|0.0882017|0.0804094|0.0748987|0.0696675,86.4533|94.0267|95.3422|96.2489|96.6289|96.9356|97.2822|97.4733|97.6844|97.7111,92.44|94.24|95.5|95.54|95.84|95.84|96.08|95.8|95.64|96.96,92.419|94.207|95.4864|95.5303|95.8309|95.8512|96.0731|95.7809|95.6454|96.9509,950|1|0|1|1|2|3|0|4|1|0|1154|1|1|1|1|1|1|3|1|2|2|938|7|3|1|4|3|9|0|2|3|8|988|1|12|0|6|12|1|3|0|5|0|956|3|11|2|2|12|2|3|4|13|0|823|9|0|12|3|7|1|0|0|0|2|975|0|6|0|2|4|9|4|3|3|0|997|2|21|6|6|5|2|2|6|4|1|946|4|5|0|0|4|10|5|0|9|3|954
9,relu,relu,0,interleave,32,0.003,10,ce,ok,25.6398,97.7689,96.38,96.3793,96.46,96.4103,96.74,9,0.468499|0.209496|0.158451|0.133137|0.116017|0.104134|0.0937209|0.0855821|0.0794769|0.0717433,86.2244|93.8733|95.1778|96.0089|96.4644|96.8244|97.0889|97.3289|97.4822|97.7689,92.94|94.84|95.18|95.84|95.98|95.9|96.2|96.28|96.74|96.38,92.9232|94.8377|95.1814|95.8501|95.9797|95.9076|96.2036|96.2818|96.7471|96.3793,952|0|1|1|1|1|3|0|3|1|0|1156|3|1|0|0|0|2|2|0|3|5|937|6|4|3|0|5|5|1|0|2|13|984|0|12|1|12|5|4|0|3|3|1|960|2|11|6|3|5|0|4|4|27|0|811|7|1|12|3|4|1|3|1|2|7|969|0|4|0|1|3|15|3|5|0|0|1012|1|5|5|6|10|7|0|1|4|1|947|1|4|2|0|9|24|4|1|25|3|918
13,relu,relu,0,interleave,32,0.003,10,ce,ok,25.8555,97.9356,96.44,96.4437,96.75,96.6996,96.46,8,0.455113|0.192843|0.1468|0.122107|0.106031|0.0923685|0.0834654|0.0758882|0.0694883|0.0638221,86.7111|94.4|95.7289|96.4022|96.8533|97.22|97.38|97.5956|97.8022|97.9356,93.72|95.12|94.94|95.54|95.6|96.04|96.1|96.46|96.3|96.44,93.6988|95.1028|94.9391|95.553|95.5992|96.0348|96.1069|96.4655|96.2919|96.4437,951|0|0|0|1|0|6|0|3|2|0|1158|1|2|1|0|0|0|2|0|7|5|914|9|10|2|4|3|15|0|1|4|5|980|2|22|0|5|11|3|0|0|2|0|971|2|8|1|1|9|1|4|2|10|2|832|6|0|8|4|4|1|0|0|2|5|975|0|4|0|2|7|6|4|11|1|0|997|2|15|3|2|3|2|1|4|5|0|960|2|2|1|0|4|26|9|0|7|4|937
10,relu,relu,0,interleave,32,0.003,10,ce,ok,25.8995,97.9089,96.74,96.7405,96.66,96.6234,96.74,10,0.452816|0.197566|0.146773|0.123028|0.105423|0.0963048|0.0871039|0.0796378|0.0729917|0.0662162,86.6178|94.1267|95.6222|96.2978|96.8444|96.9733|97.2756|97.4756|97.7022|97.9089,92.54|95.16|95.74|95.16|96.3|96.28|96.3|96.32|96.5|96.74,92.5261|95.1401|95.7286|95.1611|96.2893|96.2836|96.2848|96.2885|96.4873|96.7405,944|0|2|1|1|0|5|0|6|4|0|1153|3|2|1|0|0|1|3|1|0|2|943|10|1|0|3|2|7|1|0|1|9|1000|1|10|0|7|4|1|1|1|17|1|937|0|6|4|1|26|0|2|3|18|0|822|6|1|7|10|4|1|2|1|4|4|969|0|6|0|4|2|16|7|3|1|0|997|2|13|2|4|8|10|1|5|1|1|944|6|2|1|1|9|7|1|1|9|2|957
16,relu,relu,0,interleave,32,0.003,10,ce,ok,25.8165,97.7089,96.26,96.2496,96.67,96.6117,96.28,8,0.478821|0.206812|0.157836|0.13139|0.115684|0.101325|0.0960917|0.0850049|0.078435|0.0732969,85.86|93.9311|95.2867|96.0178|96.5|96.9267|97.0133|97.3267|97.5578|97.7089,92.02|94.22|95.38|96.12|95.7|95.44|95.32|96.28|95.96|96.26,91.9729|94.2079|95.3783|96.1127|95.7035|95.4483|95.3215|96.2934|95.9708|96.2496,955|0|1|0|0|1|1|0|4|1|0|1153|2|2|1|0|0|3|3|0|5|0|938|6|2|1|3|6|6|2|0|3|8|978|0|21|0|10|10|3|4|0|9|0|935|5|10|8|4|19|3|1|1|11|0|833|5|0|9|6|7|1|4|0|2|9|964|0|4|0|2|2|8|3|2|2|0|1015|2|9|5|1|8|7|1|9|2|0|944|5|8|0|0|7|8|2|0|12|1|952
11,relu,relu,0,interleave,32,0.003,10,ce,ok,25.9088,97.6778,96.22,96.219,96.18,96.1258,96.48,9,0.450946|0.206636|0.158015|0.132694|0.113923|0.101736|0.091317|0.0816296|0.076721|0.072475,86.9333|93.8622|95.2511|95.9044|96.5156|96.8311|97.1111|97.4556|97.58|97.6778,92.8|94.58|95.28|95.22|95.86|96.1|95.94|96.34|96.48|96.22,92.7586|94.5788|95.2755|95.208|95.8562|96.0867|95.9362|96.3422|96.4741|96.219,945|0|2|0|1|2|3|1|5|4|0|1146|5|3|4|0|0|4|2|0|1|3|948|3|8|0|1|3|1|1|0|4|11|991|3|9|0|7|4|4|1|0|5|0|969|1|4|5|2|7|2|1|9|15|3|813|4|2|12|8|6|1|2|2|4|8|962|0|6|0|0|1|13|1|8|0|0|1015|1|6|4|8|10|11|4|6|1|1|933|4|3|1|1|10|51|5|0|19|4|896
12,relu,relu,0,interleave,32,0.003,10,ce,ok,25.9447,97.9467,96.6,96.599,96.47,96.4264,96.88,9,0.450116|0.194604|0.148553|0.123338|0.105934|0.0932918|0.0834649|0.0766637|0.0704783|0.0647117,86.9889|94.1889|95.4867|96.2444|96.82|97.0089|97.5022|97.5978|97.8133|97.9467,93.12|94.76|95.1|95.7|96.2|96.3|96.02|96.12|96.88|96.6,93.0888|94.7608|95.0928|95.6872|96.1816|96.3162|96.0159|96.1223|96.8657|96.599,946|1|1|1|1|2|3|0|3|5|0|1158|2|0|0|0|0|2|0|2|2|8|916|7|7|3|6|10|10|0|0|7|6|971|1|26|0|10|6|6|2|1|7|0|936|2|5|4|5|32|0|3|4|6|0|831|3|2|15|5|5|2|0|0|0|4|976|0|4|0|0|3|8|0|4|0|0|1015|0|15|4|11|5|6|3|5|1|0|941|6|3|3|0|5|5|5|0|9|3|957
15,relu,relu,0,interleave,32,0.003,10,ce,ok,25.8986,97.5933,96.16,96.1295,96.07,96.016,96.36,7,0.48535|0.214188|0.16115|0.134414|0.116916|0.104039|0.0938772|0.0865865|0.0781677|0.0758176,85.8222|93.66|95.1867|95.9533|96.4|96.8422|97.0844|97.2933|97.5644|97.5933,92.82|94.76|95.08|95.24|95.38|95.6|96.36|95.72|95.9|96.16,92.7797|94.7421|95.0577|95.208|95.3857|95.5943|96.3499|95.7099|95.8928|96.1295,921|0|4|1|4|5|20|0|6|2|0|1156|1|0|3|0|0|2|1|1|4|9|919|3|10|2|3|11|6|2|0|3|9|959|1|27|2|13|9|10|0|0|3|0|965|1|9|3|1|12|1|0|2|4|1|840|9|0|9|3|1|3|0|0|2|7|976|0|2|0|0|5|11|2|6|0|1|1014|1|5|1|9|9|9|0|15|10|3|920|6|1|5|1|4|18|6|2|15|1|937
14,relu,relu,0,interleave,32,0.003,10,ce,ok,26.0455,97.7556,96.44,96.4142,96.35,96.2843,96.5,7,0.463339|0.203359|0.154806|0.127856|0.111089|0.0991701|0.091714|0.0821966|0.0775865|0.0708496,86.1222|94.0511|95.3289|96.2267|96.5911|96.9067|97.0978|97.4444|97.5689|97.7556,93.12|95.22|95.48|96.28|95.66|96.06|96.5|96.26|96.2|96.44,93.11|95.205|95.4752|96.259|95.6588|96.0485|96.474|96.2453|96.184|96.4142,953|0|0|1|0|1|5|0|1|2|0|1144|2|1|6|0|2|4|2|3|10|2|919|5|8|1|8|10|6|0|1|1|11|964|0|29|2|10|9|6|0|0|5|0|964|2|9|3|1|10|3|2|4|4|0|840|9|0|1|6|3|1|0|0|0|2|982|1|2|0|1|2|7|1|1|1|1|1024|1|6|8|4|13|7|2|22|11|0|910|5|3|0|1|8|14|10|0|18|1|935
17,relu,relu,0,interleave,32,0.003,10,ce,ok,24.5676,97.8978,96.4,96.4037,96.44,96.3862,96.4,10,0.466598|0.200308|0.151335|0.12497|0.105889|0.0921651|0.0834522|0.0740347|0.0687398|0.0646442,85.9733|94.0489|95.4|96.1489|96.7244|97.0911|97.3889|97.6556|97.7978|97.8978,93.44|95.26|95.54|94.36|95.98|95.84|96.08|96.18|96.28|96.4,93.4271|95.2513|95.5332|94.3942|95.9733|95.8224|96.0802|96.1873|96.3015|96.4037,949|0|0|0|1|1|4|0|5|3|0|1151|2|0|4|0|0|2|5|0|3|7|898|9|7|3|5|17|17|3|1|1|6|971|0|30|0|10|8|6|1|0|3|0|945|1|12|5|2|25|0|1|1|7|0|843|9|0|3|5|4|1|1|0|2|6|971|1|4|1|0|2|4|0|5|1|0|1025|1|7|3|6|0|5|4|13|4|0|935|12|1|1|1|3|8|6|0|13|1|956
19,relu,relu,0,interleave,32,0.003,10,ce,ok,24.7213,97.8489,96.54,96.5376,96.49,96.4482,96.54,10,0.462474|0.216414|0.166788|0.134263|0.117|0.102182|0.0903887|0.0829186|0.0765468|0.0691758,86.5467|93.6244|94.9844|95.9667|96.4422|96.9156|97.2467|97.3844|97.6689|97.8489,91.92|94.62|95.02|95.98|96.1|96.38|95.38|95.24|96.48|96.54,91.8266|94.617|95.0378|95.9779|96.1048|96.3754|95.3667|95.2783|96.4819|96.5376,957|0|0|1|1|1|1|0|1|1|0|1143|0|4|2|0|0|5|8|2|4|3|931|6|0|1|6|12|6|0|0|2|7|989|0|12|0|13|9|1|4|0|7|1|931|1|7|4|5|34|6|0|4|9|0|828|4|0|13|5|10|0|1|0|3|5|966|0|6|0|5|3|7|3|4|0|1|1010|1|11|5|3|10|9|0|11|1|2|935|6|3|0|1|8|5|3|0|9|2|959
18,relu,relu,0,interleave,32,0.003,10,ce,ok,24.7336,98.0111,96.76,96.7466,96.64,96.5869,96.76,10,0.452257|0.196948|0.14938|0.121938|0.106461|0.0961987|0.0859435|0.0786423|0.0689832|0.0649655,86.5333|94.0756|95.5667|96.3022|96.7711|97.0356|97.3356|97.5133|97.8111|98.0111,93.04|95.14|96.02|95.22|96.04|96.22|96.26|96.6|96.32|96.76,93.0021|95.1572|96.0088|95.192|96.031|96.2029|96.2679|96.6058|96.3038|96.7466,932|0|1|1|1|13|5|0|7|3|0|1151|1|0|3|0|0|4|5|0|2|2|918|13|4|2|6|7|15|0|0|2|4|988|1|16|0|6|10|6|0|0|6|0|956|0|4|3|3|22|0|0|0|13|2|832|3|0|13|6|2|0|0|0|1|8|971|0|9|0|1|1|10|2|2|3|1|1017|1|7|2|4|5|5|4|4|2|1|951|4|1|2|0|4|11|3|0|16|5|948
20,relu,relu,0,interleave,32,0.003,10,ce,ok,24.7158,97.84,96.6,96.5969,96.71,96.6675,96.84,9,0.463537|0.203141|0.152395|0.126891|0.110739|0.0980043|0.0875797|0.0815654|0.0763444|0.0696121,86.3556|94.0311|95.4133|96.1644|96.5933|97.0022|97.3|97.48|97.6089|97.84,92.46|95.08|94.9|96.04|95.88|96.64|96.52|96.62|96.84|96.6,92.4393|95.0792|94.9046|96.0453|95.8787|96.63|96.5228|96.6241|96.8433|96.5969,953|0|1|0|0|1|2|0|4|2|0|1143|5|2|2|0|0|5|7|0|3|4|929|8|4|1|2|7|10|1|0|3|9|968|0|31|0|7|9|6|0|0|9|0|948|2|8|4|2|21|1|0|4|2|2|850|4|0|4|2|5|2|2|0|2|12|966|0|2|0|0|0|13|2|3|1|0|1019|1|6|4|5|4|5|1|10|0|1|949|3|4|0|0|3|12|7|0|11|7|946
23,relu,relu,0,interleave,32,0.003,10,ce,ok,24.822,97.8889,96.78,96.7883,96.5,96.4455,96.78,10,0.471159|0.205787|0.154082|0.128925|0.112986|0.0986182|0.0885221|0.0807606|0.0737037|0.067925,86.0156|93.9933|95.44|96.1644|96.6178|97.0978|97.2933|97.5333|97.7022|97.8889,92.84|94.7|95.36|95.64|96.28|94.9|96.16|96.76|96.7|96.78,92.8011|94.6894|95.3687|95.657|96.284|94.8373|96.1789|96.7691|96.7134|96.7883,947|0|0|0|1|4|2|0|4|5|0|1153|2|2|1|0|0|2|4|0|2|1|904|18|3|4|7|10|15|5|0|3|4|998|0|18|0|8|1|1|1|0|7|1|934|2|12|5|2|30|2|0|2|10|0|848|3|0|4|0|7|1|0|0|1|14|966|0|2|0|1|2|4|2|3|2|1|1013|1|16|2|2|0|15|2|14|2|1|942|2|2|3|1|9|7|9|0|11|3|945
21,relu,relu,0,interleave,32,0.003,10,ce,ok,25.1342,97.8867,96.64,96.6485,96.74,96.6909,96.92,8,0.474288|0.197969|0.147994|0.122371|0.10633|0.0938634|0.0849662|0.077189|0.0720163|0.0668056,85.5711|94.2|95.5111|96.2289|96.7644|97.1133|97.3711|97.6733|97.6889|97.8867,91.9|94.94|95.56|95.72|96.28|96.08|96.16|96.92|96.38|96.64,91.9004|94.9058|95.5632|95.6921|96.2756|96.0611|96.1757|96.9191|96.3605|96.6485,943|0|3|0|2|6|5|0|4|0|0|1152|2|0|0|0|0|8|1|1|1|2|949|4|4|2|1|5|0|1|0|3|13|984|0|21|0|9|2|1|0|0|6|0|954|0|5|3|2|24|1|3|3|15|0|831|7|0|5|4|5|1|7|0|4|2|966|0|6|0|1|0|8|1|4|1|1|1022|1|6|3|4|19|13|3|5|0|1|932|2|4|1|0|12|12|6|0|11|3|941
22,relu,relu,0,interleave,32,0.003,10,ce,ok,25.1931,97.8867,95.6,95.5972,95.88,95.8338,96.72,7,0.465275|0.206798|0.15522|0.126377|0.108295|0.0975336|0.086436|0.0780397|0.0732949|0.0685962,86.3556|93.9422|95.3778|96.2156|96.7556|96.98|97.3244|97.6178|97.6978|97.8867,93|94.7|95.32|95.62|95.84|96.34|96.72|96.6|96.1|95.6,92.9863|94.6777|95.3241|95.6174|95.8153|96.3291|96.7133|96.5991|96.095|95.5972,943|0|4|2|2|1|3|0|8|0|0|1131|7|5|5|0|0|2|14|0|0|1|918|24|6|0|3|4|12|1|0|2|4|1015|0|8|0|1|3|0|0|0|4|0|982|1|2|0|1|4|0|1|4|31|0|803|8|0|17|5|6|1|7|4|4|6|956|0|7|0|1|0|6|15|10|1|1|999|5|7|3|3|2|13|2|0|1|0|957|1|2|1|2|15|48|11|0|11|16|884
24,relu,relu,0,interleave,32,0.003,10,ce,ok,25.0789,97.7822,95.86,95.8415,96.79,96.7484,96.12,6,0.484308|0.203289|0.15294|0.128979|0.111067|0.0987246|0.0884097|0.0797575|0.0732216|0.0685531,85.42|93.9578|95.4533|96.0956|96.6667|96.9911|97.2978|97.58|97.7133|97.7822,92.38|94.9|95.22|95.5|95.46|96.12|95.98|95.92|96.1|95.86,92.3588|94.8772|95.2023|95.4876|95.4531|96.1049|95.9584|95.9034|96.0932|95.8415,950|1|1|0|2|0|4|0|2|3|0|1151|4|2|0|1|0|0|5|1|3|2|938|6|9|1|3|2|4|1|0|1|9|992|1|10|1|7|10|2|0|1|5|0|966|0|7|1|1|13|2|1|2|17|0|816|13|0|10|8|4|1|0|0|3|1|981|0|1|0|2|2|11|12|5|1|0|996|1|15|6|8|1|3|4|5|5|1|948|1|3|0|0|11|16|3|0|13|3|941
25,relu,relu,0,interleave,32,0.003,10,ce,ok,26.2417,97.7356,96.86,96.8616,96.59,96.5557,96.86,10,0.46102|0.200431|0.151794|0.127661|0.111964|0.0990862|0.090294|0.0818691|0.0740705|0.0707094,86.3022|94.0667|95.3711|96.1889|96.6356|97.0556|97.2489|97.4467|97.6644|97.7356,93.54|94.6|94.86|95.62|96.52|96.3|96.48|96.38|96.26|96.86,93.5051|94.5767|94.9024|95.5951|96.5075|96.2889|96.4788|96.3801|96.2574|96.8616,947|0|0|1|1|1|5|0|7|1|0|1153|0|0|4|0|0|4|2|1|3|9|920|2|5|2|3|15|8|2|1|5|7|980|1|18|0|14|4|3|1|0|5|0|961|2|9|3|1|12|0|3|1|5|2|841|8|0|6|3|5|3|2|0|3|1|975|0|2|0|0|3|7|1|5|1|0|1025|0|3|5|14|2|8|2|10|4|1|931|5|4|0|1|6|18|12|1|22|0|926
27,relu,relu,0,interleave,32,0.003,10,ce,ok,26.2064,97.9133,96.64,96.6372,96.51,96.4715,96.64,10,0.469936|0.203637|0.153358|0.127899|0.110518|0.0984713|0.0870522|0.0802972|0.0736984|0.06812,85.7467|93.8822|95.4022|96.0956|96.6733|96.9622|97.3289|97.4889|97.6022|97.9133,93.2|94.74|95.14|95.28|96.22|96.28|96.34|96.32|96.56|96.64,93.1856|94.7418|95.1202|95.2851|96.2131|96.2711|96.337|96.3136|96.5519|96.6372,952|0|0|0|1|0|3|0|5|2|0|1141|3|3|1|0|1|6|8|1|6|1|916|20|4|0|3|7|11|1|1|0|6|1002|0|8|0|11|3|2|4|1|7|1|946|0|6|5|1|23|4|0|6|19|1|818|2|1|8|10|8|1|0|0|3|6|968|0|5|0|0|0|10|7|4|1|1|1010|1|11|3|2|2|9|1|3|3|2|947|10|4|0|1|8|12|2|0|10|2|951
28,relu,relu,0,interleave,32,0.003,10,ce,ok,26.2082,97.7911,96.28,96.2834,96.38,96.3311,96.52,9,0.463662|0.205375|0.157809|0.132025|0.114172|0.102522|0.0927149|0.0839707|0.0772317|0.0704919,86.3556|93.9622|95.2378|96.04|96.5444|96.8333|97.1044|97.44|97.5689|97.7911,93.08|94.4|95.42|95.9|96.16|96.18|96.22|96.42|96.52|96.28,93.0488|94.3919|95.4049|95.884|96.1621|96.1735|96.1931|96.4164|96.516|96.2834,946|0|0|0|1|6|4|0|3|3|0|1145|2|1|5|0|0|4|6|1|3|8|898|14|5|1|6|9|19|6|0|1|8|984|0|24|0|5|6|5|2|0|3|0|967|0|8|1|2|11|2|1|1|9|3|834|7|2|6|4|6|1|1|0|2|4|972|0|5|0|4|1|5|5|7|3|0|1013|1|6|4|3|4|13|2|2|5|0|941|8|2|3|0|8|18|5|0|11|5|938
29,relu,relu,0,interleave,32,0.003,10,ce,ok,26.0533,97.7911,96.4,96.3955,96.21,96.1684,96.56,8,0.442977|0.196155|0.148132|0.124736|0.108365|0.0959535|0.0874695|0.0786443|0.0733074|0.0689652,87.0956|94.1689|95.58|96.3356|96.6733|97.0689|97.2778|97.5178|97.6911|97.7911,93.06|95.1|95.54|95.26|95.86|95.86|96.36|96.56|96.24|96.4,93.0367|95.0818|95.5332|95.2445|95.8442|95.8446|96.3615|96.5579|96.2225|96.3955,946|0|1|1|1|1|5|1|5|2|0|1138|2|3|4|0|0|8|8|1|3|1|920|8|5|1|2|19|7|3|2|1|9|977|0|16|1|12|12|3|4|0|5|0|938|4|6|10|4|23|0|1|5|17|0|822|8|1|12|3|6|1|1|0|5|3|965|0|10|0|2|0|7|2|3|3|0|1015|2|11|5|3|4|3|1|9|2|3|946|6|4|0|0|2|6|2|0|17|5|954
26,relu,relu,0,interleave,32,0.003,10,ce,ok,26.3584,97.84,95.76,95.7863,95.92,95.8936,96.24,9,0.468625|0.199239|0.15182|0.12818|0.110666|0.0990632|0.090809|0.08111|0.075756|0.0690806,85.6222|94.1267|95.4844|96.2089|96.66|97.0111|97.28|97.5222|97.6933|97.84,93.48|94.92|95.14|95.96|95.22|96.02|96.12|95.44|96.24|95.76,93.466|94.8998|95.1274|95.9465|95.2134|96.0077|96.1218|95.4445|96.2382|95.7863,950|0|0|1|1|4|0|0|5|2|0|1135|4|1|4|1|0|2|12|5|3|3|912|8|6|6|2|5|20|4|1|3|4|969|0|29|0|7|5|15|1|0|5|0|949|1|6|1|1|30|2|0|2|5|1|840|3|0|5|11|5|1|1|1|4|10|963|0|6|0|0|0|7|4|6|2|0|984|0|42|5|2|1|5|3|6|2|1|926|31|5|0|0|0|8|7|0|5|1|964
30,relu,relu,0,interleave,32,0.003,10,ce,ok,26.4254,97.9022,96.56,96.5508,96.67,96.6265,96.6,6,0.47586|0.200674|0.150805|0.12379|0.108046|0.0938489|0.0842312|0.0761484|0.0716018|0.0653679,85.9067|94.0956|95.6022|96.2089|96.6689|97.1089|97.3511|97.5556|97.7044|97.9022,93.06|95.16|94.98|96.14|95.72|96.6|96.36|95.84|96.2|96.56,93.0758|95.1377|94.9692|96.1365|95.7282|96.5908|96.3607|95.8251|96.1935|96.5508,949|0|1|0|1|0|6|1|2|3|0|1144|1|4|3|0|1|5|5|1|2|1|932|14|4|1|1|9|4|1|1|1|3|988|1|18|1|14|3|3|0|0|8|0|924|0|15|8|2|37|0|1|4|5|0|826|13|1|8|11|5|0|1|0|0|1|982|0|2|0|0|0|9|3|1|1|1|1023|1|6|7|1|10|4|1|4|9|1|935|10|4|0|1|2|5|1|1|11|1|964
2,tanh,tanh,0,interleave,32,0.003,10,ce,ok,28.1328,98.0511,96.58,96.5816,96.66,96.6157,96.58,10,0.432869|0.197759|0.150376|0.124174|0.107046|0.0944561|0.0835368|0.0760972|0.0704121|0.0645164,88.4733|94.2133|95.5378|96.3511|96.8644|97.2089|97.4822|97.6822|97.8622|98.0511,92.96|94.72|95.7|95.74|95.74|96.26|96.24|96.12|96.04|96.58,92.9246|94.6992|95.6919|95.7368|95.7498|96.2626|96.2314|96.1159|96.0557|96.5816,953|0|0|1|1|1|5|0|1|1|0|1149|5|2|2|0|0|2|3|1|5|3|924|11|7|0|6|6|6|1|0|3|4|996|1|12|0|6|6|5|2|1|3|1|943|0|10|5|3|26|2|2|1|12|1|816|13|0|11|11|3|1|1|0|0|3|981|0|2|0|2|1|7|3|6|2|0|1010|0|14|4|10|5|8|2|2|5|1|940|5|1|1|0|5|9|5|2|9|4|954
1,tanh,tanh,0,interleave,32,0.003,10,ce,ok,28.2989,98.0667,96.18,96.1761,96.19,96.1364,96.2,8,0.431773|0.202703|0.154941|0.129033|0.111275|0.0974024|0.0879265|0.0795307|0.072555|0.0656195,88.1467|94.1578|95.4822|96.1844|96.7467|97.04|97.3822|97.5933|97.8267|98.0667,93.62|94.6|95.42|95.86|95.86|95.94|95.98|96.2|96.08|96.18,93.5754|94.5672|95.4108|95.8504|95.8599|95.9385|95.9781|96.196|96.0751|96.1761,953|0|0|0|0|2|5|0|2|1|0|1140|3|3|1|1|1|5|10|0|9|4|920|2|9|1|10|4|9|1|6|1|7|967|1|25|2|9|9|6|3|0|3|0|940|2|6|6|2|32|2|1|1|4|2|830|7|1|12|9|7|0|2|0|1|2|974|0|5|0|2|1|9|4|6|1|0|1009|2|11|6|4|8|6|2|8|4|1|937|6|6|0|1|4|8|7|0|12|3|949
3,tanh,tanh,0,interleave,32,0.003,10,ce,ok,26.1957,98.0044,96.04,96.0349,96.19,96.1463,96.2,8,0.442144|0.193899|0.147088|0.122188|0.106728|0.094864|0.0850439|0.0776816|0.069787|0.0655352,87.94|94.3289|95.6844|96.4378|96.7956|97.2067|97.4889|97.7|97.9022|98.0044,93.26|94.74|95.66|95.62|96.06|96.18|95.94|96.2|95.88|96.04,93.2433|94.7202|95.6561|95.6176|96.0574|96.1901|95.9376|96.1897|95.8747|96.0349,944|0|3|2|1|0|6|0|4|3|0|1145|6|1|1|0|1|4|5|1|4|2|927|8|5|0|4|8|8|3|1|4|10|978|1|15|0|10|12|2|1|0|7|0|910|0|7|4|4|61|4|0|1|15|0|824|9|0|9|7|6|1|0|0|4|4|972|0|3|1|2|1|8|1|3|1|0|1013|2|14|5|3|6|6|2|4|3|1|947|5|3|2|1|6|4|4|0|6|5|959
4,tanh,tanh,0,interleave,32,0.003,10,ce,ok,26.2063,97.9844,96,95.9962,96.49,96.4456,96.5,9,0.437898|0.196018|0.150711|0.12753|0.111179|0.0978941|0.0882576|0.0801763|0.0738142|0.0676911,88.2622|94.2|95.6556|96.1933|96.6822|97.1133|97.44|97.6333|97.8244|97.9844,92.76|94.94|95.24|95.04|95.78|95.78|95.92|95.62|96.5|96,92.7019|94.9257|95.214|95.0318|95.7728|95.7678|95.9226|95.6122|96.4889|95.9962,936|0|2|1|1|4|8|0|9|2|0|1148|5|2|2|0|0|3|3|1|4|3|936|9|2|1|5|2|7|0|0|1|9|996|1|11|0|7|6|2|1|0|9|2|940|0|10|1|3|28|2|1|3|13|2|825|9|1|9|4|1|1|2|0|1|4|978|0|4|0|1|2|14|9|3|0|0|1001|1|14|2|5|7|11|0|8|4|0|941|4|4|2|0|7|7|5|0|11|6|948
5,tanh,tanh,0,interleave,32,0.003,10,ce,ok,26.2214,97.9844,96.24,96.2333,96.05,95.9964,96.68,9,0.439825|0.20021|0.153151|0.125934|0.109285|0.0972087|0.0878692|0.0794248|0.072534|0.0661599,87.8489|94.1422|95.5156|96.2556|96.6467|97.0244|97.36|97.5733|97.8022|97.9844,93.08|94.6|95.4|96.06|96.02|96.2|96.54|96.42|96.68|96.24,93.0579|94.5684|95.375|96.0461|96.0055|96.2033|96.5315|96.4226|96.6757|96.2333,945|0|3|1|1|2|2|1|7|1|0|1143|2|1|2|0|1|7|6|2|2|2|939|4|3|1|7|6|5|0|1|2|11|980|0|12|0|15|4|8|0|0|8|0|909|1|10|4|3|59|4|0|4|21|3|805|6|1|13|12|7|1|1|0|2|5|972|0|3|0|2|1|9|4|3|1|0|1011|1|13|6|7|7|6|2|5|1|2|936|10|1|0|1|3|4|2|0|12|2|965
7,tanh,tanh,0,interleave,32,0.003,10,ce,ok,26.2848,97.8622,96.12,96.128,95.5,95.4716,96.48,7,0.439693|0.197748|0.153453|0.128617|0.111727|0.0998493|0.0898499|0.0810436|0.0750749|0.0690654,87.9622|94.1911|95.5089|96.1489|96.6556|96.9911|97.3844|97.5311|97.7844|97.8622,93.38|94.6|95.56|95.56|96.14|96.44|96.48|96.48|96.48|96.12,93.3397|94.5876|95.5554|95.5531|96.1411|96.4426|96.4813|96.4856|96.4724|96.128,947|0|0|1|0|4|4|0|5|2|0|1117|1|0|3|1|1|2|35|4|11|4|866|16|13|2|14|10|32|1|3|5|3|963|1|21|0|8|18|11|3|0|3|0|948|1|10|3|1|25|4|0|0|2|4|833|5|0|12|9|5|0|0|0|5|4|973|0|4|0|3|2|2|6|4|1|0|997|3|27|3|0|0|1|3|5|5|1|949|15|6|0|0|1|13|2|0|7|4|957
6,tanh,tanh,0,interleave,32,0.003,10,ce,ok,26.7009,98.14,96.52,96.524,96.36,96.3058,96.6,9,0.442957|0.198086|0.146405|0.119634|0.103317|0.0915712|0.0821734|0.0738124|0.067047|0.0623362,88.0378|94.3022|95.6956|96.4444|97.0222|97.2533|97.54|97.8178|98.0333|98.14,92.78|94.82|95.72|96.1|96.34|96.48|96.4|95.72|96.6|96.52,92.7623|94.7906|95.6999|96.0988|96.3418|96.4834|96.4081|95.7328|96.6064|96.524,938|1|0|1|2|6|6|0|8|1|0|1145|3|1|2|1|0|2|9|1|3|3|922|5|7|3|11|6|9|0|1|6|7|983|0|19|0|8|8|1|1|0|4|0|967|1|7|2|2|10|2|1|0|18|3|823|7|0|7|8|3|1|0|0|2|8|973|0|4|0|1|3|7|3|9|2|0|1009|0|11|1|4|2|5|1|4|6|3|953|3|4|0|1|14|25|7|0|12|4|923
8,tanh,tanh,0,interleave,32,0.003,10,ce,ok,26.3742,98.0111,95.74,95.7493,95.67,95.6148,96.44,8,0.445288|0.199348|0.152107|0.127025|0.110525|0.0981896|0.0872204|0.0792505|0.0720067|0.0664108,87.6533|94.2089|95.5711|96.2578|96.6778|97.0378|97.3378|97.6356|97.9356|98.0111,92.9|94.84|95.34|95.76|95.86|96.2|96.14|96.44|96.4|95.74,92.8465|94.8265|95.3266|95.7425|95.8393|96.193|96.1332|96.435|96.3987|95.7493,941|0|4|1|1|5|6|0|3|2|0|1135|2|2|3|0|0|16|5|1|2|3|914|12|13|2|5|14|3|1|2|3|6|994|1|8|0|14|2|3|1|0|8|0|960|0|8|3|1|13|1|1|3|24|4|816|10|1|3|6|5|2|1|1|5|8|967|0|2|0|2|1|4|2|6|3|1|1022|0|4|2|2|7|20|2|17|4|7|886|35|1|0|0|9|33|1|0|13|1|932
9,tanh,tanh,0,interleave,32,0.003,10,ce,ok,26.2476,97.9244,96.3,96.2964,96.21,96.1598,96.4,9,0.438669|0.204089|0.156021|0.130868|0.113163|0.101812|0.089849|0.0813388|0.0744509|0.0683433,88.2378|94.0178|95.3756|96.1|96.66|96.9644|97.3067|97.5667|97.7289|97.9244,92.92|94.7|95.02|95.72|96.28|95.76|96.34|96.26|96.4|96.3,92.8514|94.6905|95.0196|95.7141|96.2705|95.7556|96.344|96.2598|96.4072|96.2964,948|0|0|1|2|3|4|0|4|1|0|1145|4|2|2|0|0|3|7|1|4|3|928|9|6|0|3|4|12|0|1|3|6|988|1|10|0|6|14|4|2|1|4|0|959|2|7|1|4|14|2|1|3|16|2|816|7|1|15|6|6|1|1|1|6|6|965|0|5|0|2|5|16|5|5|1|0|1002|2|7|4|4|9|3|2|7|2|0|949|2|6|3|2|8|23|4|1|15|7|921
10,tanh,tanh,0,interleave,32,0.003,10,ce,ok,26.1976,97.8822,96.34,96.329,96.04,95.9833,96.34,10,0.439447|0.200792|0.156181|0.131993|0.114605|0.101116|0.0899543|0.0818428|0.0744061|0.0690859,87.9733|94.0778|95.3178|96.0511|96.4956|96.9356|97.2844|97.5556|97.7733|97.8822,93.62|94.8|95.22|95.54|95.88|95.98|95.74|96.02|96.24|96.34,93.5897|94.7796|95.2026|95.5309|95.8765|95.9916|95.7346|96.0086|96.2475|96.329,948|1|1|1|2|3|3|0|4|0|0|1145|4|4|3|0|0|3|4|1|6|2|933|7|5|1|3|5|7|0|2|4|7|985|1|19|0|8|5|2|2|1|12|0|934|1|8|5|2|29|2|1|3|16|0|823|8|0|10|6|7|1|3|0|1|10|963|1|5|0|3|0|11|3|3|3|0|1010|1|11|5|6|7|17|0|8|5|3|928|3|5|1|1|5|16|3|0|19|5|935
11,tanh,tanh,0,interleave,32,0.003,10,ce,ok,26.5409,98.0867,96.18,96.188,96.51,96.4568,96.56,8,0.433937|0.195778|0.147648|0.121314|0.105464|0.0936728|0.0830169|0.0746501|0.0682706|0.0632299,88.1756|94.2622|95.6822|96.4044|96.8444|97.1533|97.4933|97.7556|97.9889|98.0867,92.88|94.78|95.44|96.04|96.28|96.4|96.48|96.56|96.4|96.18,92.852|94.7595|95.443|96.0376|96.2696|96.4014|96.488|96.56|96.4002|96.188,942|0|1|1|1|5|3|0|5|5|0|1147|1|4|2|0|0|3|4|3|3|1|926|4|10|2|9|6|6|2|0|4|6|981|0|22|0|8|5|7|0|0|4|0|959|2|5|4|1|19|0|0|4|12|2|830|5|1|8|7|3|1|4|0|3|7|967|0|6|0|1|1|5|2|9|3|0|1006|1|17|4|6|3|8|3|10|1|0|944|3|2|0|0|4|16|9|0|9|1|949
12,tanh,tanh,0,interleave,32,0.003,10,ce,ok,26.6249,98.0333,96.76,96.7616,96.06,96.0108,96.76,10,0.429857|0.192575|0.14943|0.125633|0.108476|0.0956277|0.0864525|0.0789424|0.0730601|0.0675765,88.5222|94.4578|95.6933|96.2778|96.78|97.1733|97.4844|97.5778|97.8|98.0333,93.3|94.88|95.26|95.74|96.24|96.16|96.48|96.62|96.72|96.76,93.2796|94.8661|95.2542|95.7354|96.2334|96.1526|96.4844|96.6216|96.715|96.7616,942|0|0|0|2|2|6|0|11|0|0|1148|1|2|2|0|0|3|6|2|5|7|909|10|5|4|5|7|16|1|0|5|4|976|1|25|0|9|9|4|0|0|6|0|947|1|9|4|3|24|1|0|2|13|1|823|8|0|14|7|7|1|1|0|2|7|970|0|3|0|3|8|8|7|3|1|1|991|2|21|1|6|1|4|1|6|6|0|952|5|2|2|0|1|14|8|0|10|5|948
13,tanh,tanh,0,interleave,32,0.003,10,ce,ok,26.7829,97.9156,96.5,96.4956,96.26,96.2156,96.5,10,0.441986|0.199886|0.154512|0.129666|0.111283|0.0994558|0.089542|0.080461|0.0740331|0.0681057,87.7356|94.1889|95.44|96.1911|96.7111|97.0733|97.2844|97.5756|97.8022|97.9156,93.02|94.68|95.4|95.56|95.74|95.86|96.22|96.36|96.38|96.5,93.0092|94.6369|95.4032|95.5576|95.7398|95.8421|96.2047|96.3541|96.3696|96.4956,948|0|1|1|1|4|4|0|4|0|0|1146|4|0|5|0|0|3|6|0|4|5|920|10|7|0|5|4|14|0|2|5|8|975|0|13|3|11|10|6|1|0|3|0|955|0|9|2|4|20|3|0|6|9|2|821|12|0|10|6|3|0|1|0|0|5|978|0|4|0|3|3|11|3|5|1|0|996|2|21|4|5|3|7|1|4|13|0|943|2|5|4|0|7|11|6|1|8|4|944
14,tanh,tanh,0,interleave,32,0.003,10,ce,ok,26.9022,97.8089,95.88,95.8709,96,95.9384,96.4,8,0.446002|0.199879|0.153861|0.130545|0.113634|0.102127|0.0936834|0.084076|0.0781012|0.0720656,87.7044|94.1378|95.4044|96.0356|96.6378|96.9267|97.1889|97.4756|97.6356|97.8089,93.08|94.84|94.98|95.42|95.62|95.82|96.08|96.4|96.06|95.88,93.07|94.8361|94.9715|95.4082|95.6032|95.8018|96.0653|96.3884|96.0411|95.8709,947|0|1|1|1|4|4|1|3|1|0|1150|2|0|5|0|0|3|2|2|4|8|922|9|8|3|7|3|5|0|0|4|10|974|2|22|0|9|8|4|1|1|8|0|956|2|9|4|2|11|3|1|3|7|3|836|8|0|5|3|3|1|1|0|2|7|975|0|2|0|0|2|9|4|4|3|0|1013|1|9|4|8|13|16|3|19|5|2|908|4|1|2|0|9|30|10|0|18|1|919
15,tanh,tanh,0,interleave,32,0.003,10,ce,ok,26.8667,97.9867,96.12,96.1179,95.85,95.7978,96.44,6,0.450262|0.198181|0.149866|0.124708|0.108482|0.0974283|0.0870927|0.0799332|0.0728537|0.0673906,87.7978|94.1444|95.6889|96.3378|96.7978|97.1156|97.4422|97.6378|97.8667|97.9867,93.26|94.7|95.18|95.02|95.46|96.44|96.26|96.04|96.04|96.12,93.2364|94.6884|95.1756|95.0416|95.4814|96.4306|96.2567|96.0419|96.0404|96.1179,937|0|2|2|1|1|7|0|11|2|0|1151|2|1|4|0|1|4|0|1|4|8|906|8|11|3|6|12|10|1|1|8|7|968|3|19|1|16|7|3|0|0|2|1|968|1|5|6|1|10|0|0|2|10|2|830|9|1|8|7|2|1|1|0|2|8|975|0|2|0|0|1|3|2|7|0|0|1027|0|5|2|11|5|11|6|14|6|7|911|9|2|2|1|4|28|6|2|30|3|912
16,tanh,tanh,0,interleave,32,0.003,10,ce,ok,26.609,98.0756,96.34,96.3378,96.27,96.2196,96.34,10,0.43854|0.197267|0.152367|0.125798|0.109662|0.0962414|0.0864274|0.0772464|0.0719118|0.0656989,88.0533|94.1978|95.5267|96.3|96.7422|97.1756|97.4044|97.7267|97.86|98.0756,92.94|94.5|95.5|95.56|95.72|96.22|96.14|96.16|96.08|96.34,92.9201|94.482|95.4873|95.5598|95.7328|96.2226|96.1471|96.1569|96.0785|96.3378,951|0|0|1|1|2|3|0|4|1|0|1144|4|4|3|0|1|2|6|0|1|2|945|4|6|1|3|5|2|0|1|4|9|975|1|22|1|10|8|2|0|0|7|0|949|1|6|8|4|19|6|0|5|6|1|833|9|0|6|3|6|1|7|0|2|10|961|0|4|0|4|1|10|3|5|2|0|1016|0|4|9|5|8|9|2|6|4|0|933|6|4|1|1|6|18|6|0|29|5|920
17,tanh,tanh,0,interleave,32,0.003,10,ce,ok,26.4887,97.9133,96.7,96.6907,96.24,96.1919,96.7,10,0.437933|0.194057|0.149829|0.127645|0.110419|0.0981404|0.0897618|0.080685|0.0747576|0.0678873,87.9089|94.4667|95.6622|96.2067|96.7533|97.0667|97.3244|97.5778|97.76|97.9133,93.48|94.8|95.08|95.58|96|96.1|96.2|95.92|96.56|96.7,93.4606|94.7924|95.0594|95.5687|95.993|96.087|96.1874|95.915|96.5436|96.6907,943|0|2|1|1|3|4|0|8|1|0|1148|3|3|2|1|0|4|2|1|10|4|914|7|4|2|3|11|12|2|0|5|3|983|1|22|0|8|8|3|2|0|8|2|949|1|11|7|1|13|3|2|4|7|1|837|1|2|8|4|4|1|5|0|0|11|968|0|2|0|3|1|7|6|5|0|0|1014|2|7|4|7|2|13|3|8|2|1|938|4|4|2|0|3|15|6|0|21|9|930
18,tanh,tanh,0,interleave,32,0.003,10,ce,ok,26.6382,98.1556,97,96.9911,96.25,96.2053,97,10,0.441511|0.199073|0.148454|0.122578|0.10471|0.0938951|0.083094|0.0758445|0.0674907|0.0620329,88.1711|94.1978|95.7111|96.4111|96.9444|97.1556|97.5778|97.6289|97.9756|98.1556,93.32|94.98|95.8|95.7|96.38|96.52|96.84|96.74|96.72|97,93.2802|94.9838|95.792|95.6811|96.3753|96.5132|96.8383|96.7327|96.717|96.9911,937|1|0|1|1|11|4|0|6|2|0|1150|2|0|2|1|1|2|5|1|1|7|902|15|8|1|14|7|14|0|0|7|4|979|0|21|0|8|12|2|1|0|3|1|964|2|8|2|1|12|1|1|1|9|1|842|4|0|6|4|1|1|0|1|1|9|974|0|4|0|2|3|5|4|7|4|0|999|3|18|1|7|3|6|1|10|7|1|943|3|1|5|0|6|21|10|0|11|1|935
19,tanh,tanh,0,interleave,32,0.003,10,ce,ok,26.0675,97.9956,96.14,96.1394,96.48,96.4368,96.14,10,0.425662|0.190683|0.147386|0.122171|0.10706|0.0950998|0.0854032|0.078578|0.0711287|0.0653663,88.36|94.3756|95.6156|96.4022|96.8111|97.1133|97.38|97.5089|97.9089|97.9956,92.68|94.82|95.4|96.02|95.82|95.72|95.9|95.58|96.02|96.14,92.6102|94.8242|95.3877|96.0109|95.8298|95.7043|95.8974|95.5845|96.0299|96.1394,950|0|3|1|0|1|3|0|4|1|0|1147|3|1|4|0|1|5|2|1|2|3|937|3|5|1|6|4|8|0|0|6|8|984|0|11|0|14|8|2|1|1|3|0|958|1|4|5|4|17|3|2|2|18|2|816|9|0|13|4|5|1|2|0|5|5|970|0|3|0|1|1|6|2|6|3|0|1024|0|2|3|11|9|6|3|8|2|7|930|3|3|1|2|11|15|1|0|20|5|932
20,tanh,tanh,0,interleave,32,0.003,10,ce,ok,25.603,98.0222,96.74,96.7379,96.46,96.413,96.74,10,0.435839|0.192454|0.148914|0.124708|0.108114|0.0963639|0.0868371|0.0792036|0.0730705|0.0665062,87.9733|94.4511|95.6911|96.3289|96.7267|97.1156|97.4244|97.6|97.7578|98.0222,93.18|95.18|95.58|96.14|95.74|96.36|96.16|96.34|96.26|96.74,93.146|95.1649|95.5649|96.1393|95.7313|96.3662|96.1514|96.34|96.2837|96.7379,948|0|2|1|2|0|5|0|5|0|0|1137|4|3|1|1|0|4|14|0|3|2|920|7|6|3|8|7|12|1|1|3|7|966|1|28|1|7|16|3|3|0|4|0|959|1|9|1|4|13|2|1|3|8|1|828|7|0|15|4|4|1|1|0|2|3|975|0|5|0|2|0|5|3|4|1|1|1019|1|9|2|1|7|3|3|5|6|0|948|7|1|0|1|4|16|2|0|15|5|946
21,tanh,tanh,0,interleave,32,0.003,10,ce,ok,25.6115,97.9889,96.12,96.1066,96.29,96.2434,96.28,9,0.450727|0.200693|0.154484|0.12945|0.113424|0.100525|0.0895413|0.0817533|0.0757381|0.0687853,87.4733|94.1489|95.5289|96.2556|96.6556|97.0289|97.38|97.5178|97.6467|97.9889,93.12|94.22|95.08|95.72|96|96.04|95.86|96.26|96.28|96.12,93.0652|94.1652|95.0698|95.7067|95.9913|96.028|95.8665|96.2586|96.2741|96.1066,941|1|6|1|1|1|6|0|2|4|0|1147|5|1|3|0|1|3|3|1|3|1|940|3|7|1|5|8|1|0|1|4|11|985|0|12|0|14|4|2|1|1|8|0|939|1|10|5|2|27|1|0|3|8|0|840|8|1|3|5|3|1|1|1|1|12|971|0|1|0|3|2|9|1|3|2|1|1014|1|9|2|7|21|14|2|16|5|2|910|3|3|0|1|7|13|6|0|17|1|942
22,tanh,tanh,0,interleave,32,0.003,10,ce,ok,25.6775,97.9356,96.08,96.0915,95.89,95.8617,96.6,9,0.429372|0.192465|0.152562|0.129328|0.112615|0.0999125|0.0899715|0.0822182|0.0757233|0.0705509,88.4067|94.3933|95.4111|96.1667|96.6711|97.0156|97.2889|97.4756|97.7511|97.9356,93.78|94.68|94.84|95.56|95.84|95.86|96.4|96.5|96.6|96.08,93.7786|94.6551|94.8297|95.5593|95.818|95.8515|96.3992|96.4896|96.6006|96.0915,945|0|1|0|1|4|1|0|8|3|0|1135|2|9|4|0|0|3|9|2|2|2|903|18|10|1|3|9|20|1|0|1|5|992|1|14|0|4|11|5|2|0|5|0|961|1|3|4|3|15|0|0|2|21|0|824|10|0|7|5|6|1|1|1|6|7|963|0|6|0|4|0|4|9|9|1|0|1000|0|18|1|6|4|31|1|3|4|1|923|8|4|0|0|10|19|4|0|6|4|943
24,tanh,tanh,0,interleave,32,0.003,10,ce,ok,25.8516,97.8067,95.94,95.9462,96.33,96.2782,96.2,8,0.448582|0.207296|0.158432|0.132179|0.115423|0.103619|0.0932567|0.0839974|0.0778201|0.0717714,87.7111|93.9978|95.3822|96.1622|96.5378|96.8578|97.1778|97.4956|97.5844|97.8067,92.7|94.18|95.14|95.68|95.3|95.92|96.14|96.2|96.16|95.94,92.6343|94.1702|95.1117|95.6657|95.286|95.9139|96.1238|96.2007|96.141|95.9462,954|0|0|1|0|2|2|0|3|1|0|1145|4|3|2|0|1|1|6|2|4|1|938|4|6|2|3|2|9|0|2|3|14|990|1|10|0|3|6|4|1|0|5|0|951|0|9|1|6|21|4|0|5|13|1|811|9|0|18|8|5|1|2|0|2|5|972|0|4|0|2|0|15|12|5|0|0|987|3|21|7|2|10|10|2|2|7|0|939|3|4|0|0|10|10|3|0|7|10|946
23,tanh,tanh,0,interleave,32,0.003,10,ce,ok,26.0209,98.0067,96.22,96.2175,96.16,96.1021,96.6,8,0.437951|0.194517|0.14891|0.123734|0.108472|0.0956379|0.0866593|0.0787589|0.0713872|0.0652782,88.2733|94.3511|95.6244|96.2844|96.7511|97.1111|97.3822|97.6444|97.8156|98.0067,93.24|94.86|95.42|95.74|96.32|95.76|96.4|96.6|96.42|96.22,93.2036|94.8472|95.3986|95.724|96.3148|95.7478|96.392|96.5948|96.4109|96.2175,942|0|0|2|1|10|5|0|1|2|0|1143|4|4|3|2|0|2|5|1|5|1|904|19|8|5|6|5|15|1|1|2|3|980|0|29|0|8|5|5|3|0|5|0|943|3|10|1|4|25|1|0|1|4|0|847|4|0|6|6|4|0|0|0|1|11|971|0|4|0|1|2|5|7|6|3|1|998|2|20|2|4|2|15|1|17|2|0|931|8|2|0|1|3|10|9|0|6|2|957
25,tanh,tanh,0,interleave,32,0.003,10,ce,ok,25.5567,97.9822,96.16,96.148,96.18,96.1161,96.78,9,0.442465|0.201715|0.155626|0.127818|0.109803|0.0969529|0.088357|0.0781795|0.0727131|0.0665971,87.8111|94.0956|95.4689|96.2289|96.8022|97.1444|97.3578|97.7044|97.8178|97.9822,93.16|94.54|95.56|95.72|96.44|96.18|96.72|96.44|96.78|96.16,93.1422|94.5258|95.5545|95.6901|96.4247|96.1761|96.7078|96.432|96.7724|96.148,942|0|1|1|2|5|7|0|5|0|0|1150|2|0|4|0|0|6|1|1|4|3|913|10|17|1|6|9|6|0|3|5|4|975|0|25|0|8|8|5|2|0|3|0|974|1|6|1|1|6|1|1|4|15|3|830|4|0|7|4|2|2|1|1|5|6|970|0|4|0|3|2|4|2|7|5|0|1017|0|5|6|5|6|4|5|16|5|5|927|3|6|1|0|6|33|5|0|17|2|920
26,tanh,tanh,0,interleave,32,0.003,10,ce,ok,25.8557,98.0956,96.24,96.2393,96.4,96.3431,96.32,6,0.454955|0.204815|0.153684|0.126343|0.108893|0.094833|0.0843624|0.076971|0.0704709|0.0636215,87.5333|94.0644|95.5156|96.28|96.8089|97.2311|97.44|97.72|97.8444|98.0956,92.96|95.08|95.06|95.64|95.46|96.32|96.32|95.76|96.28|96.24,92.9251|95.0624|95.0327|95.633|95.4641|96.307|96.3223|95.7583|96.276|96.2393,945|0|0|0|1|5|2|0|6|4|0|1145|1|3|4|0|1|4|5|1|1|2|922|8|6|2|4|11|11|2|2|2|8|975|1|24|1|12|5|3|3|0|4|0|965|0|7|2|2|11|3|1|1|10|3|825|5|0|13|8|4|1|2|0|3|6|973|0|2|0|2|1|4|1|9|0|0|1011|0|17|1|6|8|5|7|9|3|0|931|12|4|0|1|3|22|5|0|4|3|948
1,leaky_relu,leaky_relu,0,interleave,32,0.003,10,ce,ok,23.7886,97.8444,96.2,96.1852,96.08,96.0099,96.52,9,0.456466|0.207639|0.156987|0.129526|0.113141|0.100762|0.0913355|0.0829978|0.0760074|0.0703411,86.4356|93.7756|95.2689|96.0711|96.5111|96.9644|97.1511|97.4133|97.6689|97.8444,93.3|94.8|95.54|96.02|95.94|96.12|96.28|96.26|96.52|96.2,93.2536|94.7855|95.5316|96.0155|95.9482|96.1218|96.2679|96.2442|96.5214|96.1852,947|0|0|1|1|6|5|0|2|1|0|1142|3|1|0|1|0|6|10|1|5|4|927|3|9|3|5|6|7|0|1|0|13|957|0|40|2|10|7|3|3|1|4|0|954|3|12|3|1|13|0|0|3|3|0|850|7|0|2|4|4|0|0|0|0|13|973|0|0|1|4|1|10|1|3|3|0|1011|1|11|8|6|6|7|0|27|10|1|915|2|5|0|0|6|16|15|0|12|4|932
2,leaky_relu,leaky_relu,0,interleave,32,0.003,10,ce,ok,23.698,97.6956,96.6,96.5786,96.77,96.7191,96.6,10,0.453954|0.20994|0.159223|0.132071|0.116889|0.103241|0.0944014|0.0860953|0.0780838|0.0730759,86.4756|93.7844|95.2267|96.0822|96.4711|96.8178|97.0867|97.3444|97.5244|97.6956,92.2|94.58|95.78|95.52|96.46|95.84|96.2|96.24|95.7|96.6,92.1712|94.5564|95.7576|95.5131|96.4437|95.8331|96.1857|96.2249|95.7208|96.5786,955|0|0|0|1|0|2|0|4|1|0|1148|1|0|2|0|3|4|6|0|4|2|933|6|6|0|4|7|6|1|1|2|7|977|0|24|1|7|9|5|3|0|5|0|958|1|10|2|1|14|5|2|5|7|1|828|9|0|9|3|6|1|0|0|1|3|975|0|5|0|3|1|8|2|4|1|1|1007|1|17|3|5|2|0|2|6|7|2|953|2|4|0|1|5|12|8|0|10|7|943
27,tanh,tanh,0,interleave,32,0.003,10,ce,ok,25.6294,97.9778,96.2,96.1986,96.14,96.0926,96.32,7,0.444065|0.198354|0.15172|0.12733|0.110443|0.0980923|0.08828|0.0794971|0.0733194|0.0668741,87.9067|94.2156|95.5689|96.2311|96.6|97.02|97.2978|97.5511|97.7489|97.9778,93.06|94.6|95.12|95.54|95.84|95.8|96.32|95.94|96.14|96.2,93.0299|94.5971|95.1033|95.5202|95.8364|95.7975|96.3135|95.9498|96.1428|96.1986,946|0|0|1|1|5|4|0|4|2|0|1143|3|0|5|0|0|5|7|1|9|4|911|11|5|0|5|8|15|1|1|5|7|978|0|14|1|13|9|5|2|0|5|0|958|1|8|2|1|17|1|1|3|9|0|828|6|3|10|8|3|2|2|0|0|12|969|0|3|0|5|1|6|2|6|4|0|998|2|21|5|7|3|8|3|8|5|1|938|4|3|0|0|6|15|6|0|11|4|945
28,tanh,tanh,0,interleave,32,0.003,10,ce,ok,25.8202,98.0689,96.38,96.3749,96.12,96.0737,96.5,9,0.43938|0.193624|0.147209|0.122786|0.105775|0.093641|0.0857725|0.0775748|0.0705655|0.0641934,88.0956|94.5067|95.6689|96.4067|96.8756|97.14|97.4178|97.64|97.8711|98.0689,93.16|94.9|95.3|95.86|96.08|96.2|96.18|96.34|96.5|96.38,93.1531|94.8929|95.2944|95.8426|96.0862|96.1973|96.1833|96.3375|96.4893|96.3749,943|0|1|1|1|4|8|0|3|2|0|1142|3|5|3|0|2|3|4|2|7|2|912|17|14|1|6|6|4|0|1|1|5|981|3|19|1|12|4|6|1|0|5|1|968|2|6|1|2|8|1|0|1|7|3|844|3|0|6|4|4|0|0|0|2|7|974|0|4|0|0|0|8|6|9|6|1|1000|0|15|5|6|5|15|3|11|9|0|927|1|3|2|0|8|30|12|1|11|2|921
3,leaky_relu,leaky_relu,0,interleave,32,0.003,10,ce,ok,23.4518,97.7222,96.42,96.4239,96.3,96.2707,96.42,10,0.469483|0.206396|0.157706|0.131682|0.112725|0.101857|0.0927072|0.0851378|0.0779856|0.0727859,86.0689|93.8733|95.34|96.1022|96.5444|96.8622|97.1578|97.3756|97.5889|97.7222,92.82|94.76|94.94|95.78|96.08|96.26|95.46|96.2|95.1|96.42,92.7481|94.7297|94.945|95.7624|96.0666|96.2499|95.4684|96.175|95.1265|96.4239,952|0|0|0|1|1|4|0|3|2|0|1145|2|0|3|0|1|2|8|3|10|5|908|9|8|2|7|7|10|3|3|6|6|975|1|18|0|10|9|5|3|0|3|0|934|0|6|3|2|43|1|2|2|4|3|828|10|0|10|9|6|1|0|0|5|3|974|0|2|0|3|2|5|2|4|0|0|993|2|34|6|5|3|2|1|1|6|1|950|7|3|1|0|2|5|2|0|3|3|971
30,tanh,tanh,0,interleave,32,0.003,10,ce,ok,25.6885,97.9622,96.36,96.3684,96.24,96.1878,96.62,9,0.447244|0.197089|0.149968|0.123653|0.108055|0.0956604|0.0862016|0.0787707|0.0710037|0.0661576,87.8756|94.2467|95.5689|96.3978|96.8|97.0911|97.3667|97.6289|97.8533|97.9622,93.22|95|95.72|96.06|95.94|96.04|96.36|96.48|96.62|96.36,93.2169|95.001|95.7233|96.0649|95.9433|96.0509|96.3659|96.4802|96.615|96.3684,941|0|1|1|1|2|10|0|6|1|0|1143|5|1|3|1|1|2|8|0|4|2|926|7|10|0|10|6|4|0|2|5|3|987|0|16|1|11|5|3|1|0|4|0|935|1|15|6|3|29|1|1|1|11|0|828|11|0|8|8|1|0|1|0|0|8|975|0|6|0|0|0|8|1|3|1|0|1021|2|9|4|5|5|11|1|16|5|2|924|9|4|2|1|8|9|1|1|17|3|944
29,tanh,tanh,0,interleave,32,0.003,10,ce,ok,26.222,97.9467,96.16,96.1717,96.17,96.1221,96.16,10,0.434491|0.198399|0.152653|0.126999|0.110185|0.097378|0.0866036|0.0793475|0.0739326|0.067871,88.3422|94.1489|95.52|96.2733|96.7111|97.0222|97.4311|97.6111|97.7933|97.9467,92.82|94.74|95.3|95.3|95.78|95.72|95.9|96.14|96.12|96.16,92.7895|94.731|95.294|95.3001|95.7855|95.7465|95.8976|96.1473|96.1225|96.1717,945|0|1|0|1|5|6|0|2|3|0|1134|4|5|5|0|0|5|9|2|3|2|933|3|4|2|8|6|7|1|2|3|15|968|1|21|0|9|10|4|3|0|4|0|945|3|8|2|3|26|1|1|2|7|1|831|8|0|10|8|1|0|2|0|2|11|967|0|8|0|7|0|10|2|6|5|2|994|3|16|3|4|7|2|3|9|4|0|943|7|3|0|0|2|10|5|0|10|3|957
4,leaky_relu,leaky_relu,0,interleave,32,0.003,10,ce,ok,23.8819,97.8222,96.2,96.1896,96.68,96.6411,96.2,10,0.454053|0.207729|0.156926|0.131964|0.114561|0.101716|0.0915767|0.0846649|0.0761091|0.0708809,86.7644|93.8956|95.3667|95.9867|96.5222|96.9244|97.16|97.3911|97.5844|97.8222,93.22|94.66|95.52|95.4|95.72|95.96|96.08|96.14|96.18|96.2,93.2|94.6439|95.503|95.3916|95.7087|95.9284|96.076|96.1229|96.1749|96.1896,937|1|5|1|1|2|8|0|7|1|0|1155|1|1|1|1|0|3|2|0|1|4|938|13|2|0|1|5|2|3|0|7|5|998|1|11|0|8|2|1|0|2|6|0|963|1|6|2|1|13|1|3|6|14|2|830|2|0|3|8|2|2|6|1|2|7|967|0|4|0|0|4|5|5|5|1|0|1016|0|9|1|6|12|16|3|12|3|2|921|6|2|3|0|7|16|5|1|11|2|943
5,leaky_relu,leaky_relu,0,interleave,32,0.003,10,ce,ok,25.0749,97.82,96.02,96.0254,96.2,96.1579,96.64,9,0.467683|0.212689|0.160455|0.132523|0.115559|0.102065|0.0909134|0.0822914|0.0760843|0.0689613,86.2444|93.7356|95.2244|95.8578|96.5022|96.8178|97.1733|97.4311|97.5467|97.82,92.64|94.36|95.76|95.7|95.9|96.36|96|96.3|96.64|96.02,92.588|94.3581|95.7437|95.6942|95.9002|96.3409|96.0046|96.2874|96.6223|96.0254,950|0|0|0|1|1|5|0|3|3|0|1151|1|2|1|0|0|5|4|0|4|4|930|4|3|2|4|13|3|2|1|2|6|982|0|17|0|8|6|11|1|1|6|0|919|2|7|5|2|51|4|2|3|10|0|819|10|0|6|15|7|1|0|0|2|3|973|0|5|0|0|1|8|4|3|1|0|1008|1|19|5|2|2|16|3|4|4|2|920|24|2|0|0|2|7|2|0|8|1|968
7,leaky_relu,leaky_relu,0,interleave,32,0.003,10,ce,ok,24.6935,97.8489,96.18,96.1808,95.94,95.8976,96.66,7,0.463365|0.200146|0.152121|0.127699|0.110739|0.0983138|0.0888924|0.080735|0.0742108|0.0667227,86.5489|94.0511|95.3911|96.1778|96.6711|97|97.2222|97.5244|97.6667|97.8489,92.94|94.16|95.06|95.46|96.1|96.3|96.66|96.64|96.1|96.18,92.9135|94.1546|95.0792|95.4522|96.0811|96.2948|96.6514|96.6277|96.0933|96.1808,946|0|0|0|1|2|3|0|8|3|0|1128|1|2|2|1|0|1|28|1|3|6|862|31|10|0|5|20|29|3|0|4|3|980|0|26|0|6|8|6|0|0|2|1|965|0|4|3|2|17|1|1|3|14|2|828|7|0|9|4|1|0|0|0|4|8|973|0|5|0|0|2|6|6|5|1|0|999|2|24|3|1|0|1|3|7|2|0|951|14|3|0|0|4|14|3|0|2|2|962
6,leaky_relu,leaky_relu,0,interleave,32,0.003,10,ce,ok,25.0654,97.7067,96.28,96.2875,96.46,96.4224,96.88,9,0.469665|0.213827|0.162519|0.134587|0.115278|0.104458|0.0944055|0.0853153|0.0794159|0.074193,86.0067|93.7733|95.1333|95.9844|96.48|96.7644|97.1133|97.3867|97.5778|97.7067,92.38|93.5|95.54|95.68|95.54|96.12|96.6|96.42|96.88|96.28,92.3495|93.4402|95.5275|95.6698|95.5713|96.1221|96.6079|96.4346|96.8772|96.2875,939|0|2|2|1|5|1|0|12|1|0|1140|7|1|3|2|0|2|8|1|2|1|941|6|5|1|1|3|8|1|0|4|13|981|0|24|0|5|6|0|0|1|8|1|950|1|12|2|4|15|0|1|5|5|0|843|6|1|7|1|3|1|0|0|0|8|977|0|2|0|2|3|15|5|6|1|0|1002|2|9|0|3|9|5|0|6|4|0|954|1|4|2|1|16|11|7|0|12|18|919
8,leaky_relu,leaky_relu,0,interleave,32,0.003,10,ce,ok,24.9627,97.7644,96.38,96.3921,96.38,96.3341,96.38,10,0.472085|0.216209|0.163077|0.133971|0.114357|0.104028|0.0931866|0.0847616|0.0778449|0.0718511,85.94|93.6|95.22|96.0311|96.5956|96.9489|97.2422|97.3822|97.6822|97.7644,93.04|94.36|95.5|95.32|96.1|96.22|96.04|96.04|96.24|96.38,92.9848|94.3482|95.4913|95.2931|96.0973|96.2177|96.0375|96.043|96.2274|96.3921,942|0|2|1|4|6|4|0|2|2|0|1140|6|1|4|0|0|8|4|1|0|0|941|4|10|3|1|6|3|1|1|2|9|984|0|15|2|16|1|3|0|0|5|0|966|1|6|1|0|15|0|0|4|13|4|827|7|0|6|8|1|2|1|0|3|4|975|0|5|0|1|0|11|2|8|2|0|1013|0|8|2|2|14|11|10|12|1|6|916|8|3|0|0|8|25|4|0|16|0|934
9,leaky_relu,leaky_relu,0,interleave,32,0.003,10,ce,ok,24.9529,97.5822,96.58,96.5706,96.58,96.5264,96.58,10,0.466735|0.210422|0.161157|0.135561|0.119541|0.104771|0.0964291|0.0872302|0.0793671|0.0754904,86.36|93.8067|95.1822|95.9156|96.4067|96.8333|97.0467|97.3067|97.5067|97.5822,92.7|94.74|95.06|95.58|95.68|95.72|96.34|96.28|96.22|96.58,92.6745|94.7441|95.0549|95.5841|95.6782|95.7156|96.3383|96.3024|96.2281|96.5706,952|0|2|0|1|4|1|0|2|1|0|1148|3|1|4|1|0|2|5|0|5|3|932|7|4|2|4|3|8|1|0|1|7|991|1|13|0|9|10|1|2|0|7|0|962|2|12|2|1|6|0|0|8|20|1|822|9|0|5|4|3|1|1|1|1|4|979|0|1|0|1|1|13|3|2|0|3|1015|0|7|3|5|6|9|3|1|11|1|942|1|3|3|2|7|27|7|1|18|7|915
10,leaky_relu,leaky_relu,0,interleave,32,0.003,10,ce,ok,25.0711,97.8133,96.48,96.4902,96.51,96.4695,96.56,8,0.453844|0.206649|0.153303|0.127005|0.110553|0.0991131|0.0901907|0.081474|0.0759951|0.0694132,86.5422|93.8311|95.32|96.1356|96.6378|96.8733|97.1356|97.4733|97.6911|97.8133,92.26|94.88|95.66|95.76|96.2|95.8|96.26|96.56|96.52|96.48,92.2458|94.8633|95.6486|95.7587|96.2104|95.8177|96.2479|96.5482|96.5166|96.4902,947|0|3|1|1|1|3|0|5|2|0|1150|3|3|4|0|0|1|2|1|1|1|938|12|5|0|2|4|5|1|0|2|10|1000|1|8|0|6|4|2|2|0|12|1|953|1|6|5|1|13|2|1|5|26|0|814|6|1|8|6|4|1|7|1|2|4|962|0|10|0|2|2|16|8|5|1|0|1004|0|7|4|4|8|18|5|2|0|1|935|5|3|0|2|7|10|4|0|15|1|948
11,leaky_relu,leaky_relu,0,interleave,32,0.003,10,ce,ok,25.0344,97.5711,96.26,96.2668,96.43,96.3892,96.26,10,0.449887|0.209036|0.159126|0.133997|0.115925|0.105961|0.095084|0.0858058|0.0805065|0.0743531,87.0689|93.7844|95.2489|95.9511|96.4644|96.7089|96.9867|97.2533|97.4911|97.5711,92.44|94.84|94.76|95.4|95.78|96.06|96.04|95.9|96.22|96.26,92.3946|94.8354|94.7354|95.3874|95.7705|96.05|96.0345|95.9031|96.2362|96.2668,940|0|4|0|2|3|3|0|5|6|0|1151|4|1|2|0|0|3|2|1|1|4|948|4|3|0|0|7|1|1|0|5|9|992|1|12|0|7|4|3|0|0|9|0|943|2|6|5|3|26|1|0|5|18|2|819|5|0|7|12|4|1|2|2|1|9|969|0|3|0|2|1|11|5|5|0|0|998|1|22|2|7|11|12|4|6|1|2|930|7|2|1|1|9|13|0|0|8|3|953
12,leaky_relu,leaky_relu,0,interleave,32,0.003,10,ce,ok,25.0236,97.7133,96.54,96.5331,96.33,96.2813,96.8,9,0.453348|0.202495|0.153786|0.128129|0.111394|0.0986491|0.0895562|0.0808401|0.0760094|0.0711178,86.9244|94.0111|95.3133|96.0844|96.6933|96.9333|97.2578|97.5222|97.5933|97.7133,92.64|94.42|95.12|95.64|95.98|96.32|95.88|96.02|96.8|96.54,92.6021|94.4215|95.1239|95.6314|95.963|96.3213|95.8865|96.0407|96.7807|96.5331,950|0|1|1|1|0|2|0|3|5|0|1154|0|0|2|0|1|2|4|1|1|8|922|6|7|0|4|12|9|0|2|6|5|947|1|43|0|10|7|12|1|1|7|0|937|1|9|3|3|32|0|3|3|1|0|833|6|2|15|6|7|2|0|1|0|10|968|0|3|0|1|2|4|1|2|0|0|1019|0|16|5|9|3|3|2|6|0|1|941|12|2|0|0|3|3|3|0|14|3|962
13,leaky_relu,leaky_relu,0,interleave,32,0.003,10,ce,ok,24.5891,97.8911,96.52,96.524,96.57,96.5269,96.52,10,0.455696|0.199543|0.152761|0.126292|0.111617|0.0962184|0.0863522|0.0789531|0.0718019|0.0668017,86.6844|94.1956|95.5022|96.2511|96.6444|97.0733|97.34|97.5111|97.78|97.8911,93.2|94.88|95.22|95.22|96.06|96.36|95.88|96.28|96.28|96.52,93.1777|94.868|95.2228|95.2352|96.0671|96.3546|95.891|96.2844|96.2813|96.524,947|1|0|0|1|4|5|0|3|2|0|1156|2|1|3|0|0|0|2|0|4|6|928|10|4|4|5|1|6|1|0|3|8|980|2|22|0|6|10|2|2|0|3|1|959|1|12|3|2|11|1|1|3|6|1|838|7|1|9|2|3|0|0|0|0|6|978|0|4|0|0|6|13|5|8|0|1|983|2|27|1|5|7|4|1|6|4|1|947|6|1|2|1|4|22|6|0|8|5|941
14,leaky_relu,leaky_relu,0,interleave,32,0.003,10,ce,ok,24.7916,97.8289,96.62,96.6199,96.69,96.6343,96.62,10,0.453832|0.204291|0.156733|0.129847|0.111502|0.0995326|0.0908979|0.0825008|0.0759468|0.0691864,86.4978|94|95.32|96.0289|96.6111|96.92|97.2578|97.4267|97.6111|97.8289,92.9|94.92|95.04|96.24|96.14|96.56|96.44|96.5|96.1|96.62,92.8832|94.9101|95.0304|96.2369|96.1388|96.5492|96.4346|96.5012|96.1077|96.6199,949|0|1|1|1|2|4|0|2|3|0|1151|2|1|3|0|0|5|1|1|6|2|935|0|5|2|2|13|2|2|0|0|8|983|1|23|0|11|5|2|1|0|9|0|963|0|3|3|1|14|1|2|3|9|0|839|4|0|4|7|4|1|1|0|3|11|969|0|2|0|3|2|6|2|2|0|0|1022|0|8|5|6|10|5|6|13|6|0|918|13|3|0|0|10|17|5|0|12|3|940
15,leaky_relu,leaky_relu,0,interleave,32,0.003,10,ce,ok,25.1908,97.5267,96.36,96.3499,96.27,96.2117,96.5,7,0.489112|0.222848|0.167481|0.143467|0.124737|0.111753|0.101367|0.0919236|0.0836473|0.0793298,85.7578|93.3644|94.9933|95.7022|96.2822|96.5044|96.8622|97.0556|97.4422|97.5267,92.4|94.74|95.28|95.46|95.38|96.14|96.5|95.72|95.74|96.36,92.3545|94.7222|95.2593|95.4474|95.3778|96.1227|96.4837|95.7132|95.7289|96.3499,943|0|1|1|1|3|7|0|5|2|0|1151|2|1|4|0|0|3|3|0|5|3|921|4|10|3|9|7|6|1|2|2|7|974|0|27|2|13|4|2|0|1|1|1|967|0|13|3|3|5|1|0|3|4|3|835|13|0|5|5|2|1|0|0|3|8|976|0|1|0|0|1|11|4|6|1|1|1008|1|12|2|4|3|9|0|15|11|2|931|5|1|3|0|5|38|4|1|11|6|921
16,leaky_relu,leaky_relu,0,interleave,32,0.003,10,ce,ok,24.7854,97.7978,96.24,96.2357,96.36,96.3065,96.24,10,0.481406|0.217477|0.162154|0.131995|0.11412|0.098881|0.0897333|0.0795681|0.0753715|0.0696864,85.8511|93.5667|95.1822|96.0444|96.4422|96.8911|97.1911|97.4778|97.5933|97.7978,91.7|93.88|94.92|95.66|95.1|95.74|94.76|95.78|95.74|96.24,91.6266|93.849|94.9097|95.6598|95.1332|95.7333|94.771|95.7641|95.7539|96.2357,954|0|0|1|0|2|3|0|2|1|0|1141|2|4|3|1|0|2|11|0|5|2|928|10|2|3|5|4|9|1|0|0|4|979|0|25|0|8|14|3|5|0|7|0|941|2|13|5|3|18|1|1|1|7|0|843|7|0|3|6|11|1|0|1|2|7|967|0|2|0|2|1|5|6|2|1|0|1020|4|4|4|2|4|13|0|18|3|0|934|4|12|2|0|8|9|8|0|17|5|929
17,leaky_relu,leaky_relu,0,interleave,32,0.003,10,ce,ok,24.8463,97.78,96.8,96.7871,96.2,96.1475,96.8,10,0.464703|0.212657|0.16163|0.134046|0.116659|0.101553|0.0918036|0.0820328|0.0759795|0.0706386,86.1422|93.7067|95.1089|95.8956|96.4067|96.8333|97.1311|97.4333|97.5844|97.78,93.04|94.5|95.5|94.58|96|96.04|96.46|96.42|96.68|96.8,92.9989|94.4904|95.4824|94.541|95.9893|96.0281|96.4462|96.414|96.6841|96.7871,943|0|0|0|1|2|13|0|3|1|0|1149|6|0|1|0|0|3|5|0|4|4|916|1|8|2|9|10|12|3|0|6|10|957|1|22|1|9|23|4|0|1|7|0|950|1|14|3|2|16|2|3|5|5|4|816|11|2|9|12|1|1|0|0|2|2|982|0|3|0|0|4|9|0|6|1|0|1014|1|10|4|8|2|2|2|6|8|0|947|3|1|2|0|3|17|3|0|18|0|946
18,leaky_relu,leaky_relu,0,interleave,32,0.003,10,ce,ok,24.6663,97.7733,96.38,96.3757,96.31,96.2748,96.4,9,0.452748|0.208357|0.160578|0.131078|0.113871|0.102587|0.0916996|0.0843937|0.0748373|0.0712403,86.6244|93.7378|95.1556|96.0156|96.4844|96.7844|97.1711|97.32|97.6133|97.7733,92.82|94.56|95.54|95.22|96.2|96|96.28|96.36|96.4|96.38,92.7884|94.5845|95.529|95.1891|96.1927|95.984|96.2769|96.3629|96.3886|96.3757,936|0|0|0|1|8|7|0|7|4|0|1131|5|3|2|1|0|2|20|0|0|4|907|21|3|2|9|5|16|2|0|1|4|993|1|21|0|4|5|4|1|0|5|0|954|1|9|3|5|16|0|0|2|9|1|841|3|0|10|3|3|0|0|1|1|10|973|0|3|0|0|0|15|2|4|6|1|985|3|29|2|4|3|3|0|3|1|0|962|4|1|2|0|4|12|8|0|7|7|949
19,leaky_relu,leaky_relu,0,interleave,32,0.003,10,ce,ok,24.6249,97.8156,96.86,96.8551,96.79,96.7694,96.86,10,0.462698|0.215195|0.162387|0.132191|0.116237|0.101766|0.0908608|0.0825685|0.0749874|0.0691055,86.54|93.7022|95.1222|95.9667|96.3778|96.9267|97.1644|97.3867|97.7222|97.8156,91.98|94.72|95.16|95.76|96.18|96.3|95.88|95.78|96.52|96.86,91.8981|94.7263|95.1806|95.7454|96.183|96.2929|95.8763|95.7953|96.5176|96.8551,943|0|3|1|1|3|3|1|7|1|0|1142|1|2|4|0|0|4|10|1|2|6|924|7|4|0|1|15|9|1|1|4|6|987|1|15|0|10|6|3|0|0|7|0|958|2|5|4|2|16|1|0|0|8|1|847|2|1|6|3|7|1|0|1|1|6|968|0|7|0|1|1|7|4|4|1|0|1019|2|6|2|5|6|8|1|4|1|1|947|7|3|0|1|7|11|6|0|13|5|944
20,leaky_relu,leaky_relu,0,interleave,32,0.003,10,ce,ok,24.7312,97.8333,96.04,96.034,96.11,96.0542,96.54,9,0.464533|0.208328|0.154971|0.12949|0.113427|0.0998222|0.0913003|0.0831024|0.0765529|0.0708993,86.2889|93.8422|95.3267|96.0844|96.4733|96.9467|97.1844|97.42|97.5644|97.8333,92.46|95.1|95.4|96.04|95.78|96.32|96.04|96.36|96.54|96.04,92.4338|95.0943|95.4044|96.0357|95.7549|96.3138|96.0468|96.3605|96.5543|96.034,939|0|1|0|1|7|4|0|9|2|0|1141|2|2|4|3|0|5|7|0|3|3|910|12|2|5|1|10|20|3|0|3|2|961|0|38|0|6|18|5|0|0|9|0|952|2|8|3|0|20|1|0|2|2|1|849|4|0|6|4|4|2|0|0|1|19|962|0|3|0|0|1|8|5|4|4|1|1006|2|14|1|3|1|4|3|16|1|0|951|2|3|0|1|5|14|8|0|9|10|940
21,leaky_relu,leaky_relu,0,interleave,32,0.003,10,ce,ok,25.9721,97.7489,96.3,96.3071,96.47,96.4307,96.68,8,0.469768|0.206341|0.156952|0.130253|0.112042|0.100517|0.0917308|0.0829502|0.0782162|0.0719262,85.82|93.7622|95.2311|96.0711|96.5378|96.8933|97.2289|97.4044|97.4689|97.7489,91.74|94.14|95.28|95.8|96.14|96.06|95.08|96.68|96.68|96.3,91.7393|94.0868|95.2799|95.7799|96.1313|96.0519|95.0773|96.6791|96.6829|96.3071,950|0|0|0|3|3|3|0|1|3|0|1148|3|2|1|0|0|5|4|1|2|2|948|6|1|1|1|6|0|2|1|4|10|991|1|11|0|9|3|3|1|0|13|0|950|1|4|1|3|21|0|3|4|27|0|823|3|0|5|4|5|1|7|0|2|2|972|0|2|0|1|1|9|1|5|1|0|1021|0|6|3|6|27|18|2|7|3|4|907|5|5|2|0|16|11|2|0|14|3|937
22,leaky_relu,leaky_relu,0,interleave,32,0.003,10,ce,ok,26.206,97.8022,95.8,95.8099,96.23,96.1899,96.7,7,0.461864|0.213548|0.159757|0.130507|0.110794|0.0992027|0.0889765|0.0788469|0.0727447|0.0687999,86.4422|93.6444|95.2289|96.0422|96.6267|96.9556|97.2267|97.5667|97.72|97.8022,92.76|94.72|95.24|95.44|95.58|95.72|96.7|96.4|96.08|95.8,92.7542|94.6971|95.2339|95.4352|95.5819|95.6977|96.6894|96.398|96.0683|95.8099,946|0|1|2|1|2|3|0|6|2|0|1139|6|2|5|0|1|2|9|0|1|3|924|15|10|0|2|3|10|1|1|2|7|1011|0|5|0|1|6|0|0|0|1|0|980|2|1|0|5|5|0|2|5|27|0|802|7|1|20|5|2|1|3|0|6|4|969|0|6|0|2|1|10|15|9|2|1|981|4|20|2|3|1|11|1|1|3|0|959|1|2|2|2|16|31|4|0|5|16|912
23,leaky_relu,leaky_relu,0,interleave,32,0.003,10,ce,ok,26.0206,97.8222,95.22,95.2294,95.21,95.1321,96.5,7,0.465833|0.209665|0.158943|0.131026|0.115514|0.100375|0.0910964|0.0829857|0.0760325|0.0689908,86.3222|93.82|95.2378|96.0756|96.4711|96.9089|97.18|97.3644|97.6222|97.8222,92.7|94.26|94.96|95.02|96.06|95.4|96.5|96.2|96.48|95.22,92.6654|94.2379|94.9622|95.0148|96.0649|95.377|96.4997|96.185|96.4748|95.2294,934|0|1|1|1|13|4|0|5|4|0|1135|1|1|9|6|1|4|5|2|4|6|854|21|7|7|10|16|38|6|0|0|0|972|1|39|0|13|5|3|1|0|5|1|942|2|8|2|3|30|0|0|0|6|0|855|3|0|2|3|4|1|0|1|1|12|971|0|1|0|0|1|3|3|2|3|0|1007|4|22|4|5|0|11|2|36|1|2|895|26|2|0|0|4|5|9|0|13|1|956
24,leaky_relu,leaky_relu,0,interleave,32,0.003,10,ce,ok,25.9885,97.8267,96.36,96.3748,96.48,96.4379,96.78,8,0.477266|0.205264|0.154754|0.127741|0.111397|0.100152|0.0901427|0.0813254|0.0767161|0.070144,85.6689|94.06|95.44|96.1489|96.7133|96.94|97.2333|97.5689|97.6956|97.8267,92.34|94.9|95.16|95.94|96.4|96.52|96.56|96.78|96.52|96.36,92.2898|94.8886|95.1272|95.9289|96.3885|96.5109|96.5368|96.7662|96.5063|96.3748,945|0|3|0|0|2|6|0|5|2|0|1150|3|2|4|0|0|1|4|0|2|3|912|16|6|2|5|4|18|1|0|2|4|992|1|15|1|3|12|3|0|0|3|1|965|2|5|2|2|14|1|0|3|15|0|826|8|1|10|5|2|1|1|0|2|2|979|0|4|0|1|3|11|16|8|3|0|972|2|29|2|5|1|6|2|7|4|1|951|3|1|1|0|5|15|6|0|3|3|956
25,leaky_relu,leaky_relu,0,interleave,32,0.003,10,ce,ok,25.97,97.6444,96.32,96.3227,96.56,96.5167,96.38,7,0.463347|0.214994|0.162765|0.135547|0.119719|0.106209|0.0973083|0.088303|0.0806746|0.0747224,86.3489|93.6267|95.1356|95.9622|96.3911|96.8178|96.8889|97.2667|97.4289|97.6444,92.94|94.72|94.76|95.64|96.14|95.88|96.38|95.96|96.34|96.32,92.8996|94.695|94.7903|95.617|96.1369|95.8612|96.3947|95.9662|96.3548|96.3227,941|0|1|0|1|2|8|0|7|3|0|1152|1|0|4|1|1|3|2|0|6|5|911|6|10|2|6|8|13|2|0|2|5|987|2|17|0|8|7|5|0|0|5|0|963|1|8|5|1|11|0|1|2|9|1|840|7|0|6|3|3|1|0|1|3|5|973|0|5|0|0|4|4|6|4|3|0|1012|1|11|2|7|1|11|4|6|3|0|944|4|3|1|0|10|21|10|0|11|1|933
27,leaky_relu,leaky_relu,0,interleave,32,0.003,10,ce,ok,26.1607,97.8511,96.48,96.4688,96.58,96.5339,96.48,10,0.465231|0.207974|0.156852|0.132267|0.11464|0.101671|0.0918626|0.0810877|0.0762495|0.0694506,86.0444|93.8289|95.2978|95.9778|96.4667|96.8422|97.2022|97.4889|97.6089|97.8511,92.84|95|94.84|95.5|95.86|96.2|95.94|96.36|96.28|96.48,92.8301|94.9978|94.8126|95.4866|95.8506|96.1896|95.9426|96.3591|96.2697|96.4688,952|0|0|1|1|1|3|0|3|2|0|1135|2|2|2|1|0|5|16|1|7|1|924|2|7|0|5|11|10|2|0|1|5|976|0|21|1|14|10|5|1|0|9|0|956|0|8|4|1|15|5|1|3|8|0|824|8|0|12|8|9|2|0|1|2|4|965|0|8|0|3|0|8|2|4|1|0|1021|0|6|5|2|1|3|2|9|4|1|947|8|3|0|1|2|9|2|0|12|3|958
26,leaky_relu,leaky_relu,0,interleave,32,0.003,10,ce,ok,26.2266,97.8067,96,95.9891,96.2,96.1498,96.54,9,0.469173|0.209309|0.157601|0.130496|0.112898|0.100467|0.0912858|0.0824068|0.0758028|0.0690016,85.7444|93.82|95.3333|96.0867|96.52|96.9711|97.2489|97.4778|97.6356|97.8067,93|94.98|94.94|96|94.92|95.8|96.1|95.64|96.54|96,92.9621|94.9603|94.9397|95.9916|94.9488|95.7818|96.1014|95.6488|96.5316|95.9891,949|0|1|1|1|4|3|0|3|1|0|1148|3|2|1|0|0|0|10|0|5|4|905|15|5|4|2|8|17|4|1|3|4|979|0|27|0|7|4|8|2|0|4|0|930|1|10|7|1|39|1|0|2|7|0|844|1|1|6|7|6|1|1|1|2|17|956|0|7|0|3|3|7|5|3|1|0|1006|0|17|2|6|4|3|1|9|2|1|939|15|4|1|0|3|5|6|0|6|1|964
28,leaky_relu,leaky_relu,0,interleave,32,0.003,10,ce,ok,25.9941,97.6422,96.66,96.6588,96.29,96.245,96.66,10,0.468267|0.213239|0.165496|0.137138|0.118973|0.106527|0.0943707|0.089225|0.078962|0.0737816,86.1933|93.7733|95.1|95.9244|96.3533|96.6689|97.1022|97.2556|97.5|97.6422,92.96|94.72|95.32|95.6|95.76|96.3|96.1|96.18|95.74|96.66,92.9164|94.7072|95.2916|95.5778|95.7508|96.2953|96.1042|96.1556|95.6995|96.6588,950|0|1|1|2|3|4|0|1|1|0|1141|3|1|6|0|0|7|5|1|5|7|920|7|11|3|5|6|5|0|0|5|7|983|0|27|0|6|3|2|0|0|4|0|962|1|7|4|3|13|0|3|1|7|2|837|5|1|8|5|4|0|2|0|2|5|974|0|4|0|2|0|7|3|13|1|0|1011|0|8|3|1|6|12|3|8|5|3|929|12|4|1|1|6|33|8|0|13|2|922
29,leaky_relu,leaky_relu,0,interleave,32,0.003,10,ce,ok,24.8086,97.8644,96.08,96.0722,96.11,96.0548,96.38,8,0.444895|0.20209|0.151228|0.127015|0.110925|0.0993261|0.0880634|0.0812977|0.0745647|0.0689341,87.0556|94.04|95.5422|96.1778|96.6711|96.9956|97.3111|97.4622|97.68|97.8644,92.92|95.14|95.68|95.92|95.64|96.2|96.34|96.38|96.26|96.08,92.8836|95.1241|95.6765|95.9187|95.6554|96.2037|96.3407|96.3874|96.2412|96.0722,940|0|2|1|1|6|5|0|7|1|0|1147|1|0|2|0|0|9|4|1|2|1|937|6|7|1|1|10|4|0|1|4|13|968|1|17|0|15|11|3|3|0|6|0|935|3|8|12|1|26|1|1|5|16|1|824|8|2|8|3|6|2|3|0|5|8|962|0|5|0|1|1|7|1|1|2|0|1018|0|14|4|7|10|7|2|12|2|5|925|8|4|0|0|6|7|5|0|12|1|955
30,leaky_relu,leaky_relu,0,interleave,32,0.003,10,ce,ok,24.6695,97.8889,96.72,96.7222,96.87,96.8258,96.72,10,0.469825|0.206403|0.155332|0.128079|0.108285|0.0982705|0.0865506|0.0798537|0.072589|0.0672964,86.1489|93.9867|95.2889|96.0978|96.6089|97.0156|97.2822|97.4733|97.7533|97.8889,92.72|94.98|95.12|96.18|95.76|96.56|96.18|96.16|96.56|96.72,92.7406|94.9672|95.1086|96.1838|95.7621|96.5514|96.1817|96.1539|96.5568|96.7222,942|0|2|2|1|0|8|1|5|2|0|1155|1|2|1|0|0|2|3|0|0|2|941|4|3|2|4|10|3|0|0|1|5|991|1|15|1|13|5|1|1|0|8|0|940|2|15|5|3|20|0|2|5|11|0|832|11|0|5|3|3|0|2|0|0|1|983|0|2|0|0|1|9|4|4|1|0|1021|1|4|4|6|8|7|0|9|8|3|934|3|1|1|1|5|7|5|0|19|3|948
1,sigmoid,sigmoid,0,interleave,32,0.01,10,ce,ok,26.1773,97.3889,96.2,96.2041,95.92,95.8754,96.38,9,0.893799|0.281142|0.200864|0.162213|0.138998|0.123395|0.110923|0.100985|0.0931164|0.0856958,71.6133|92.0733|94.1911|95.2311|95.9022|96.3467|96.6356|96.9644|97.14|97.3889,90.48|93.5|94.62|95.52|95.62|95.66|95.66|95.96|96.38|96.2,90.4229|93.4678|94.6154|95.5181|95.6088|95.6647|95.6582|95.9539|96.3831|96.2041,949|0|2|1|1|4|3|0|2|1|0|1126|6|8|4|3|0|2|13|2|8|2|922|4|7|1|7|9|9|0|2|2|11|976|0|20|0|14|6|2|2|0|5|1|949|1|9|2|2|23|5|0|1|12|0|834|3|2|8|4|8|1|1|0|1|10|966|0|4|0|2|0|14|3|5|0|0|1003|1|17|8|0|11|7|4|9|4|0|934|5|3|1|0|10|20|9|0|14|0|933
2,sigmoid,sigmoid,0,interleave,32,0.01,10,ce,ok,26.0444,97.36,96.2,96.1966,95.86,95.8131,96.2,10,0.915494|0.284913|0.20345|0.166905|0.144235|0.127943|0.114627|0.104515|0.0962706|0.0883216,70.6422|91.9978|94.1867|95.1444|95.76|96.2689|96.5822|96.8933|97.1133|97.36,89.34|93.16|94.54|94.74|95.2|95.66|95.92|95.86|95.66|96.2,89.2777|93.1377|94.5278|94.7376|95.2043|95.6522|95.9116|95.8432|95.6632|96.1966,943|0|1|1|1|4|7|0|5|1|0|1146|4|1|3|3|2|1|3|1|6|7|912|9|8|3|8|6|9|1|2|5|9|971|0|23|1|7|11|4|6|1|4|0|943|2|9|1|7|21|4|0|2|4|2|833|8|0|9|7|5|1|0|0|3|6|970|0|6|0|1|8|13|9|9|2|0|978|2|23|3|5|2|5|2|8|5|0|948|4|5|0|0|6|14|3|0|10|10|942
3,sigmoid,sigmoid,0,interleave,32,0.01,10,ce,ok,26.0226,97.3333,96.08,96.0708,95.96,95.9002,96.28,8,0.939994|0.291979|0.209982|0.170823|0.147069|0.129411|0.115591|0.105298|0.097221|0.0896162,69.54|91.6911|93.8844|94.9756|95.6578|96.26|96.7133|96.9289|97.1889|97.3333,90.18|93.1|94.38|95.14|95.62|95.8|95.38|96.28|95.64|96.08,90.1056|93.0408|94.3636|95.1222|95.6088|95.8029|95.3919|96.2748|95.6439|96.0708,940|0|1|1|1|2|4|0|10|4|0|1145|3|0|3|0|2|5|4|2|8|4|925|1|7|0|3|9|10|2|0|4|11|967|1|22|0|16|9|3|3|0|8|0|926|1|6|3|2|45|6|2|3|8|2|822|8|1|10|7|5|1|0|0|3|9|970|0|3|0|3|2|8|1|3|1|0|1010|2|15|5|3|9|5|2|12|3|1|936|6|5|1|1|3|9|2|0|8|6|955
4,sigmoid,sigmoid,0,interleave,32,0.01,10,ce,ok,25.4853,97.5644,96.38,96.3913,96.23,96.179,96.38,10,0.942109|0.286547|0.204515|0.162203|0.136796|0.119735|0.10742|0.0978252|0.0895864|0.0834547,69.0044|91.9644|94.1756|95.3289|96.0489|96.4578|96.8956|97.1244|97.4378|97.5644,89.52|93.3|94.5|95.2|95.38|95.8|96.18|95.92|95.8|96.38,89.4105|93.2634|94.477|95.194|95.375|95.7884|96.2077|95.9196|95.8018|96.3913,942|0|0|2|2|3|9|0|4|1|0|1148|1|3|2|1|1|3|4|1|3|3|930|6|6|1|8|3|9|0|0|2|12|982|0|17|2|6|7|5|1|4|8|0|952|2|10|0|2|15|4|3|1|17|1|816|12|0|10|5|4|1|0|0|3|8|972|0|3|0|1|2|11|8|5|2|0|999|1|16|3|7|5|11|2|6|7|1|938|2|2|3|0|6|17|2|0|12|4|944
6,sigmoid,sigmoid,0,interleave,32,0.01,10,ce,ok,25.4296,97.6022,96.52,96.5228,96.14,96.0833,96.52,10,0.951318|0.287644|0.202776|0.161621|0.136426|0.119452|0.107294|0.0972169|0.0890706|0.0818204,68.8867|91.8844|94.1089|95.2956|96.0333|96.4933|96.8756|97.1667|97.4111|97.6022,90.12|92.86|94.54|95.3|95.72|96.5|96.38|96.04|96.46|96.52,90.0602|92.78|94.508|95.2778|95.7294|96.4894|96.3719|96.0436|96.4582|96.5228,938|0|6|1|2|3|5|0|6|2|0|1146|4|1|1|1|1|1|7|2|2|2|931|6|5|1|3|7|11|1|1|4|11|984|0|12|1|11|6|3|3|1|3|0|952|1|7|4|3|20|2|0|2|18|2|820|7|2|11|5|2|1|2|0|2|9|970|0|5|0|0|4|9|5|7|2|1|1005|0|12|4|4|9|7|3|9|3|2|938|3|4|1|0|12|22|9|0|8|4|930
5,sigmoid,sigmoid,0,interleave,32,0.01,10,ce,ok,25.7431,97.36,96.56,96.5627,95.89,95.8321,96.56,10,0.914566|0.286934|0.206768|0.166208|0.142596|0.125943|0.112651|0.102912|0.0947048|0.0879004,70.7044|91.8267|93.9467|95.1067|95.8689|96.3489|96.6711|96.9644|97.1578|97.36,89.7|92.64|94.22|95.16|95.64|95.66|95.6|95.92|95.96|96.56,89.6455|92.5253|94.1871|95.1544|95.6161|95.6499|95.5924|95.8994|95.9398|96.5627,936|0|2|1|2|3|6|0|9|4|0|1150|3|0|2|0|0|2|5|2|3|5|915|8|10|0|4|15|9|0|2|6|8|974|1|19|0|14|4|5|2|0|8|0|947|2|6|2|2|25|4|3|3|9|2|818|11|1|10|8|2|1|0|0|5|7|972|0|4|0|1|0|16|3|3|1|0|1006|1|14|4|10|7|9|2|8|5|0|926|11|3|1|0|6|20|3|0|10|2|945
8,sigmoid,sigmoid,0,interleave,32,0.01,10,ce,ok,26.8898,97.4178,95.86,95.8625,95.85,95.783,95.86,10,0.939121|0.286131|0.204051|0.165055|0.141863|0.124187|0.112016|0.103233|0.094482|0.0884157,69.2533|91.8222|94.1044|95.2089|95.8489|96.2733|96.7356|96.9667|97.2044|97.4178,89.14|93.22|94.66|94.8|95.4|95.28|95.74|95.48|95.76|95.86,89.0139|93.1774|94.6552|94.7799|95.3827|95.2651|95.7415|95.4962|95.7534|95.8625,940|0|1|1|3|4|7|0|5|2|0|1138|3|1|5|2|0|6|5|4|4|4|926|3|10|3|6|9|4|0|1|4|13|973|2|22|0|12|2|4|0|0|6|0|971|1|6|2|1|7|1|0|4|6|4|832|10|1|5|6|3|0|1|0|3|5|976|0|2|1|1|0|9|1|6|1|0|1021|1|5|5|2|10|11|7|19|8|3|902|15|3|0|0|7|46|8|1|18|1|906
9,sigmoid,sigmoid,0,interleave,32,0.01,10,ce,ok,26.9014,97.5111,96.2,96.2034,95.78,95.7202,96.2,10,0.928958|0.277876|0.2037|0.165704|0.140677|0.123751|0.110589|0.0998644|0.091763|0.0852356,70.2667|92.0622|94.0756|95.2178|95.9267|96.3178|96.7422|97.0689|97.3022|97.5111,90.26|93.52|94.24|94.88|95.28|95.7|96|96.18|96.06|96.2,90.1616|93.488|94.2384|94.8901|95.2808|95.7041|96.0185|96.1875|96.0635|96.2034,944|0|1|1|0|3|8|0|5|1|0|1145|4|0|4|0|1|4|5|1|6|2|925|3|8|0|4|5|15|1|1|6|12|960|0|22|1|12|13|6|4|0|7|0|961|2|8|1|0|11|5|0|4|7|3|829|7|1|9|4|2|1|3|0|0|5|979|0|1|0|2|1|17|2|11|1|0|1000|3|8|7|2|5|2|7|9|7|0|941|2|7|2|0|8|46|3|0|23|7|894
7,sigmoid,sigmoid,0,interleave,32,0.01,10,ce,ok,26.9324,97.2022,95.34,95.3607,95.04,95.009,95.74,7,0.91326|0.286433|0.205546|0.166479|0.143754|0.129021|0.116193|0.105781|0.0986181|0.0924297,70.4089|91.8444|94.1667|95.1689|95.7711|96.1822|96.6156|96.9556|97.0644|97.2022,90.08|92.76|94.32|95.04|95.18|95.52|95.74|95.58|95.02|95.34,89.9633|92.7075|94.318|95.0267|95.1714|95.519|95.7419|95.58|95.0024|95.3607,938|0|1|1|1|4|6|0|9|3|0|1118|1|4|5|1|0|1|29|5|7|7|884|13|11|1|6|9|30|1|0|4|6|963|0|26|1|8|11|14|1|0|2|1|959|0|7|1|1|22|2|0|1|7|8|818|8|0|18|7|4|0|0|0|5|9|964|0|9|0|2|3|8|2|12|1|0|978|1|38|2|3|2|4|2|10|0|0|952|7|3|0|0|4|39|1|0|10|3|930
13,sigmoid,sigmoid,0,interleave,32,0.01,10,ce,ok,26.9359,97.2889,96.16,96.1557,95.77,95.7197,96.16,10,0.917082|0.290505|0.206055|0.167746|0.145152|0.128863|0.11651|0.105752|0.0968273|0.0899758,70.6533|91.7133|93.8311|95.0667|95.6578|96.1689|96.5422|96.8267|97.1489|97.2889,89.86|93.04|94.24|94.94|95.34|95.6|95.62|95.68|96.1|96.16,89.8715|92.9965|94.2561|94.9654|95.346|95.6004|95.6279|95.6723|96.1015|96.1557,946|0|2|1|1|4|6|0|2|1|0|1143|8|0|3|0|1|5|3|1|5|2|926|3|9|0|7|6|9|2|0|7|17|963|1|19|1|9|12|4|2|0|4|0|956|2|8|1|3|18|4|0|4|8|7|822|10|1|7|6|4|1|1|0|5|4|974|0|2|0|1|4|16|2|9|5|0|985|1|22|6|6|12|6|1|4|6|0|935|6|4|3|0|7|23|7|0|12|7|927
11,sigmoid,sigmoid,0,interleave,32,0.01,10,ce,ok,27.0039,97.4644,95.94,95.9352,95.81,95.7522,96.5,9,0.92479|0.279138|0.20095|0.163329|0.139435|0.123214|0.111215|0.100636|0.0947094|0.0876958,70.1311|92.1022|94.2156|95.3311|95.9267|96.4467|96.7889|97.0867|97.2378|97.4644,89.86|93.3|94.46|95.2|95.26|95.54|96.04|96.26|96.5|95.94,89.7447|93.2594|94.4433|95.1742|95.2289|95.535|96.0391|96.2628|96.4889|95.9352,931|0|4|1|3|4|3|0|8|9|0|1150|3|1|0|0|0|3|6|1|2|2|917|11|8|0|3|11|15|0|0|3|15|988|0|13|0|9|2|3|0|0|8|1|959|2|3|1|2|18|1|4|3|19|4|812|4|0|12|10|4|1|4|0|8|12|951|0|11|0|1|1|11|3|4|0|0|1014|0|11|3|9|11|13|2|5|3|1|931|4|1|3|0|13|19|1|1|21|3|928
10,sigmoid,sigmoid,0,interleave,32,0.01,10,ce,ok,27.381,97.2778,95.74,95.7485,96.02,95.9633,95.96,8,0.908238|0.273555|0.196938|0.160527|0.137617|0.123927|0.111915|0.102904|0.0952482|0.0890889,70.6089|92.3044|94.3067|95.32|95.9622|96.32|96.6356|96.9222|97.1556|97.2778,90.66|93.64|94.8|94.82|95.76|94.88|95.64|95.96|95.74|95.74,90.6319|93.6101|94.7864|94.8305|95.7667|94.9226|95.637|95.9541|95.7306|95.7485,944|0|0|1|1|4|3|0|5|5|0|1144|6|4|3|0|0|2|4|1|5|1|928|12|4|0|4|6|9|0|2|4|6|1000|0|7|0|6|5|3|5|1|8|0|922|1|9|6|3|39|3|0|4|31|1|805|10|2|9|4|6|1|2|1|1|7|969|0|4|0|1|3|11|4|3|2|0|1008|0|13|2|3|6|20|0|10|2|1|930|8|3|2|0|10|8|1|0|9|5|952
14,sigmoid,sigmoid,0,interleave,32,0.01,10,ce,ok,27.3928,97.3756,96.56,96.548,96.06,95.991,96.56,10,0.945359|0.299571|0.210544|0.166851|0.142407|0.126167|0.113791|0.10233|0.0951834|0.0881696,69.1578|91.5867|94.0222|95.2333|95.8622|96.2422|96.6711|97.0133|97.1222|97.3756,89.54|93.46|94.56|95.34|95.08|95.42|96.06|96.08|96.4|96.56,89.5013|93.4399|94.5513|95.3359|95.0571|95.3923|96.0647|96.0761|96.3962|96.548,953|0|1|1|0|2|4|1|1|0|0|1145|4|1|2|0|1|5|3|3|8|4|921|6|5|3|7|9|6|0|0|4|11|968|1|28|0|11|7|3|3|0|8|0|949|2|7|1|1|23|4|0|3|8|0|833|5|3|7|6|4|2|0|0|0|6|976|0|3|0|1|0|12|1|4|0|0|1019|0|8|8|3|10|6|2|19|7|0|918|9|7|3|0|6|21|8|0|19|2|924
12,sigmoid,sigmoid,0,interleave,32,0.01,10,ce,ok,27.961,97.5756,96.4,96.4002,95.93,95.8894,96.4,10,0.922196|0.293087|0.205457|0.164293|0.139457|0.122373|0.10935|0.0977099|0.0905633|0.0835304,70.2578|91.7089|94.1711|95.2444|95.9733|96.4244|96.7956|97.1156|97.4044|97.5756,89.68|93.14|94.64|95.28|95.94|95.88|95.9|96.34|96.34|96.4,89.6|93.1181|94.6495|95.2821|95.932|95.8847|95.9018|96.3368|96.3302|96.4002,941|0|1|1|1|3|6|0|9|1|0|1145|2|2|2|0|0|3|9|1|3|6|914|11|5|1|3|6|20|0|1|6|5|966|0|30|0|7|14|4|2|0|7|1|929|3|9|1|5|37|1|1|1|5|1|835|4|1|12|8|3|3|0|0|1|7|974|0|3|0|7|4|11|5|3|4|0|987|2|22|3|5|4|4|2|6|1|0|955|2|3|3|0|4|13|4|0|9|7|947
16,sigmoid,sigmoid,0,interleave,32,0.01,10,ce,ok,27.0492,97.5622,96.4,96.3915,96.04,95.9831,96.42,8,0.93314|0.288444|0.202717|0.162625|0.13923|0.121559|0.108889|0.0990705|0.0920566|0.0846899,69.6578|91.8489|94.2822|95.3356|95.98|96.4822|96.9356|97.1267|97.2822|97.5622,88.92|93.28|94.78|95.48|95.66|96|95.2|96.42|95.98|96.4,88.8095|93.2264|94.755|95.4711|95.663|96.0051|95.1903|96.4179|95.9637|96.3915,950|0|0|1|1|3|1|1|6|0|0|1136|3|5|3|4|0|4|8|1|6|1|923|5|10|3|3|9|9|0|1|0|6|982|0|22|0|12|7|3|5|0|8|0|933|1|7|4|2|34|5|0|3|9|0|837|5|1|5|4|11|0|4|0|3|13|955|0|5|0|2|0|9|3|3|0|0|1018|1|9|5|0|3|13|1|9|3|1|936|11|6|0|0|8|16|7|0|18|1|934
15,sigmoid,sigmoid,0,interleave,32,0.01,10,ce,ok,27.0918,97.3467,95.94,95.9363,95.66,95.5917,96.08,9,0.966347|0.295778|0.209802|0.167519|0.143746|0.12735|0.114962|0.104949|0.0960454|0.0888808,68.2867|91.5022|93.8889|95.1889|95.8422|96.2511|96.6044|96.8511|97.1444|97.3467,89.58|92.86|94.08|94.62|94.72|95.72|95.7|95.74|96.08|95.94,89.5385|92.8309|94.0718|94.615|94.7207|95.7133|95.6955|95.7312|96.0863|95.9363,941|0|1|0|2|8|5|0|5|1|0|1149|3|1|2|0|0|5|3|1|8|8|893|12|5|2|17|15|9|0|1|4|9|950|0|39|0|15|10|5|4|1|2|0|942|2|8|5|3|27|2|2|1|4|1|843|6|0|6|4|4|1|0|0|1|12|968|0|5|0|0|1|2|2|5|1|0|1025|0|9|4|9|1|8|2|21|3|0|925|9|1|1|0|3|22|7|0|23|3|930
18,sigmoid,sigmoid,0,interleave,32,0.01,10,ce,ok,27.2248,97.3622,96.12,96.1142,95.64,95.5629,96.12,9,0.941193|0.300801|0.216104|0.174457|0.14791|0.132107|0.118245|0.107202|0.0974765|0.0900137,69.2222|91.62|93.8111|94.9289|95.7156|96.1578|96.4911|96.84|97.1889|97.3622,89.42|92.74|94.26|94.42|94.92|95.7|96.06|95.98|96.12|96.12,89.4062|92.7084|94.2467|94.3858|94.8929|95.6794|96.0493|95.9844|96.1149|96.1142,941|0|0|1|2|5|5|0|7|2|0|1145|4|2|1|0|2|1|8|1|9|6|902|5|9|4|15|4|14|1|0|6|6|958|0|33|0|11|14|5|3|1|2|0|951|2|10|1|3|21|2|0|1|8|5|814|16|1|16|6|4|0|0|0|4|8|968|0|7|0|2|5|8|4|7|3|0|1000|1|15|1|3|1|3|2|12|10|0|944|6|3|2|0|4|21|7|0|8|4|941
19,sigmoid,sigmoid,0,interleave,32,0.01,10,ce,ok,27.2068,97.46,96.18,96.1842,96.12,96.0664,96.18,9,0.91844|0.282696|0.20195|0.163121|0.140226|0.1228|0.110623|0.102499|0.0934425|0.0864544,70.4756|91.9044|94.1467|95.3244|95.8756|96.3556|96.7733|96.9911|97.2867|97.46,89.96|93.52|94.44|95.1|95.48|95.74|95.78|95.2|96.18|96.18,89.8617|93.4988|94.4498|95.0895|95.4941|95.7433|95.7927|95.218|96.1978|96.1842,949|0|1|1|1|3|4|1|3|0|0|1144|4|1|4|0|2|3|5|1|3|7|912|8|9|0|3|12|15|0|1|3|11|967|1|21|0|11|12|6|3|0|7|0|942|2|7|2|1|30|1|1|4|7|1|827|5|0|15|8|4|1|1|0|1|9|969|0|6|0|0|2|5|0|6|0|0|1026|1|5|6|3|1|8|4|4|2|0|945|9|4|0|0|5|15|7|0|23|5|931
17,sigmoid,sigmoid,0,interleave,32,0.01,10,ce,ok,27.5965,97.5378,96.68,96.676,96.22,96.1732,96.68,10,0.931585|0.287314|0.201981|0.163019|0.138646|0.121675|0.109458|0.0996017|0.090405|0.0833604,69.4844|91.8111|94.2867|95.1867|95.9733|96.4089|96.7267|96.94|97.3378|97.5378,89.76|93.3|94.54|95.46|95.6|95.94|96.16|95.7|96.6|96.68,89.7349|93.2825|94.5395|95.4554|95.5952|95.937|96.1465|95.6996|96.5958|96.676,945|0|0|1|1|3|4|0|6|3|0|1149|2|2|4|1|1|1|3|1|5|6|907|13|6|1|8|9|12|2|1|4|6|986|1|19|0|7|6|3|0|0|5|0|951|2|5|2|3|26|0|3|2|6|2|833|9|0|6|8|4|2|0|0|4|10|967|0|4|0|2|3|3|3|6|1|0|1007|1|19|4|7|3|9|2|8|6|1|926|16|5|0|0|5|12|4|0|12|1|951
20,sigmoid,sigmoid,0,interleave,32,0.01,10,ce,ok,27.2815,97.52,96.22,96.222,95.94,95.8834,96.22,10,0.924742|0.280626|0.202276|0.163584|0.138638|0.122302|0.108994|0.0987833|0.0898932|0.0842478,70.1622|92.04|94.2222|95.3289|96.0467|96.4178|96.8067|97.0844|97.4067|97.52,90.34|93.4|94.86|95.08|95.32|95.8|95.78|96.18|96.14|96.22,90.2869|93.359|94.8361|95.0902|95.3098|95.79|95.7656|96.1685|96.1512|96.222,936|0|1|1|3|8|6|0|8|0|0|1137|3|1|4|1|0|2|13|3|3|6|902|4|7|3|8|7|28|1|0|0|7|961|2|32|0|11|18|2|3|1|5|0|961|2|7|0|4|11|2|1|0|4|2|838|10|0|9|3|4|1|0|0|2|10|968|0|6|0|2|4|9|2|5|3|0|1003|1|16|2|0|3|1|3|9|3|0|959|2|3|1|0|4|25|10|0|8|10|929
21,sigmoid,sigmoid,0,interleave,32,0.01,10,ce,ok,27.419,97.4778,96.44,96.4363,96.14,96.0898,96.44,8,0.961655|0.299076|0.20989|0.165404|0.138651|0.12142|0.109519|0.0996178|0.0924324|0.0863924,68.6133|91.5622|94.0289|95.2089|95.9733|96.4956|96.8222|97.14|97.3111|97.4778,88.56|92.76|94.52|95.2|95.52|95.28|95.56|96.44|95.92|96.44,88.5287|92.6575|94.5128|95.1834|95.512|95.2548|95.5745|96.4317|95.9142|96.4363,945|0|3|1|1|1|3|1|6|2|0|1144|3|1|2|1|1|6|3|3|1|2|930|7|6|1|3|12|6|1|0|4|11|980|0|18|1|14|4|1|0|0|11|0|944|2|2|5|2|28|3|1|4|13|2|825|6|2|9|4|4|1|4|0|3|8|964|0|7|0|0|1|10|1|6|2|0|1010|1|14|5|4|7|14|1|10|4|3|929|5|5|0|1|5|12|7|0|14|3|943
22,sigmoid,sigmoid,0,interleave,32,0.01,10,ce,ok,27.0448,97.5311,96.2,96.201,96.05,96.0019,96.36,7,0.933132|0.27538|0.193509|0.155326|0.132812|0.118511|0.105088|0.0962243|0.0888322|0.0828644,69.2778|92.3022|94.3822|95.4311|96.0422|96.4689|96.9|97.0867|97.3267|97.5311,89.32|93.34|94.36|94.76|95.76|95.62|96.36|96.14|96.18|96.2,89.3276|93.3008|94.3448|94.747|95.7472|95.6112|96.3571|96.1381|96.1795|96.201,942|0|1|1|2|3|5|0|9|0|0|1147|2|3|3|0|0|3|5|1|4|5|918|14|5|1|4|7|11|0|1|4|6|983|0|16|0|10|10|3|1|0|7|0|962|0|8|0|2|14|3|0|4|13|2|831|7|0|5|4|2|2|2|0|5|6|969|0|5|0|6|0|7|7|7|3|0|1004|0|11|2|5|3|18|3|8|3|0|937|3|3|0|1|13|32|9|0|12|8|912
24,sigmoid,sigmoid,0,interleave,32,0.01,10,ce,ok,30.7854,97.5378,95.98,95.9961,95.64,95.5833,96.34,9,0.952808|0.291457|0.203131|0.162452|0.137573|0.121496|0.109172|0.0990714|0.0910064|0.0841826,68.6911|91.8222|94.1533|95.2444|96.0489|96.4689|96.8422|97.0889|97.3356|97.5378,89.4|92.84|94.66|95.08|95.5|95.72|96.18|96.22|96.34|95.98,89.2778|92.8102|94.6431|95.0719|95.5004|95.7201|96.1815|96.2285|96.348|95.9961,948|0|2|1|1|4|3|0|4|0|0|1142|4|4|3|1|1|1|5|3|8|2|920|14|4|1|4|4|11|1|2|4|13|980|0|14|0|6|8|6|1|0|5|0|943|1|11|3|1|29|6|4|4|15|3|810|9|2|10|6|6|1|2|0|3|3|973|0|3|0|5|3|11|13|4|1|0|978|1|29|4|3|8|12|0|14|7|0|925|9|5|1|2|9|17|4|0|6|1|945
23,sigmoid,sigmoid,0,interleave,32,0.01,10,ce,ok,31.0076,97.3378,95.78,95.7757,95.52,95.46,96.32,7,0.977165|0.279158|0.202308|0.165726|0.143751|0.126909|0.114043|0.104731|0.0964951|0.0897443,68.2356|92.1689|94.2022|95.0822|95.74|96.2867|96.6733|96.9467|97.12|97.3378,90.36|93.38|94.72|95.22|95.64|95.68|96.32|96.06|96.04|95.78,90.2774|93.3572|94.7099|95.2186|95.6528|95.6657|96.314|96.0611|96.0427|95.7757,945|0|0|1|1|12|0|0|4|0|0|1139|2|8|0|1|1|4|8|1|8|3|895|30|3|2|6|11|10|1|0|1|6|991|0|24|0|7|3|1|5|0|3|2|926|4|12|5|5|32|1|0|2|10|0|845|3|0|6|2|3|1|0|1|1|20|961|0|4|0|1|0|6|12|3|7|0|1007|1|8|4|6|2|21|1|24|2|1|913|8|5|2|0|9|10|13|0|18|3|930
25,sigmoid,sigmoid,0,interleave,32,0.01,10,ce,ok,31.4209,97.4289,95.92,95.921,95.79,95.7314,96.08,8,0.953795|0.291151|0.209025|0.166085|0.140557|0.123556|0.11157|0.099988|0.0921331|0.0850199,68.4356|91.7178|93.9644|95.1578|95.9244|96.3311|96.6|96.9622|97.26|97.4289,90|92.9|92.96|95.12|95.42|95.62|95.7|96.08|96.04|95.92,89.9712|92.8817|92.9968|95.1067|95.4077|95.6165|95.7083|96.0901|96.0488|95.921,939|0|0|1|2|10|5|0|6|0|0|1146|2|2|3|1|0|5|4|1|4|9|892|9|7|5|10|16|17|0|0|4|3|965|0|37|0|12|8|4|3|0|2|0|959|5|6|1|2|16|0|3|1|6|2|846|3|0|3|5|2|2|0|0|2|12|968|1|4|0|0|2|2|4|5|2|0|1011|2|17|2|13|4|7|2|21|3|2|916|12|1|1|0|5|26|11|0|8|1|937
26,sigmoid,sigmoid,0,interleave,32,0.01,10,ce,ok,31.7834,97.3156,96.26,96.2686,96.12,96.0683,96.26,10,0.951668|0.294987|0.20976|0.167107|0.141971|0.125387|0.112387|0.102712|0.0948218|0.0884306,68.9911|91.5444|94.0778|95.2311|95.82|96.3778|96.7111|96.9756|97.2311|97.3156,89.38|93.3|94.62|95.18|95.04|95.94|96.1|95.7|96.14|96.26,89.3087|93.2602|94.6121|95.1753|95.0581|95.9397|96.1031|95.7125|96.1544|96.2686,947|0|0|1|2|6|0|0|7|0|0|1149|3|0|2|0|0|3|6|1|6|5|911|10|6|1|8|10|12|0|0|2|9|966|1|27|0|12|7|9|2|1|6|0|953|3|7|2|1|19|1|3|3|6|1|832|7|4|5|7|2|1|1|0|4|6|971|0|6|0|1|1|7|1|3|0|0|1009|1|22|3|4|4|12|3|10|3|2|932|9|3|3|0|3|21|2|0|14|2|942
27,sigmoid,sigmoid,0,interleave,32,0.01,10,ce,ok,31.8596,97.3733,96.36,96.364,95.72,95.6657,96.36,10,0.952776|0.293813|0.213006|0.172712|0.147159|0.128865|0.116347|0.105905|0.0976254|0.090725,69.0044|91.5889|93.9267|95.0444|95.7644|96.3022|96.6533|96.92|97.1822|97.3733,89.56|92.46|94.28|94.58|95.12|95.56|96.14|95.74|96.12|96.36,89.4797|92.4511|94.2661|94.5644|95.1187|95.5521|96.1374|95.734|96.1218|96.364,945|0|0|1|1|7|4|0|4|1|0|1141|4|0|2|0|0|5|10|2|6|4|909|11|11|0|5|8|14|1|1|5|11|960|0|20|0|12|20|4|2|0|8|0|949|2|10|3|1|19|1|1|4|8|3|817|9|0|15|11|4|1|2|0|3|4|970|0|7|0|2|2|11|7|6|2|1|994|1|19|3|3|4|4|2|8|3|0|943|12|4|1|1|5|22|2|0|7|4|944
28,sigmoid,sigmoid,0,interleave,32,0.01,10,ce,ok,32.0637,97.4578,96.22,96.2138,95.95,95.896,96.34,9,0.955162|0.29065|0.202877|0.161706|0.136277|0.119745|0.107785|0.0984206|0.0902445|0.0839718,68.9422|91.7333|94.1178|95.3556|96.0489|96.4711|96.78|97.1289|97.2933|97.4578,90.26|93.72|94.32|95.04|95.66|96.2|95.72|95.94|96.34|96.22,90.1872|93.6968|94.3104|95.0372|95.6681|96.1985|95.7312|95.929|96.342|96.2138,941|0|1|2|4|6|4|0|3|2|0|1135|3|5|5|1|2|5|6|2|12|4|893|14|10|2|9|8|14|3|2|1|4|988|1|19|1|9|5|3|1|0|2|0|971|1|5|1|1|12|0|0|1|10|0|836|8|1|6|7|5|1|0|0|4|6|972|0|3|0|3|0|4|4|6|2|0|1014|0|12|4|5|5|13|6|11|6|0|926|6|3|1|0|8|34|6|1|15|3|919
29,sigmoid,sigmoid,0,interleave,32,0.01,10,ce,ok,31.9568,97.5156,96.42,96.4227,96.08,96.0239,96.42,10,0.927702|0.280046|0.201316|0.162065|0.138547|0.121375|0.107728|0.0987854|0.0893996|0.0842413,69.6889|92.0467|94.2111|95.26|95.9333|96.4867|96.7844|97.0556|97.3533|97.5156,89.14|93|94.54|95.06|95.76|95.94|96.24|96.36|96.18|96.42,89.0325|92.977|94.5464|95.0659|95.7591|95.9385|96.2497|96.3609|96.1801|96.4227,942|0|2|1|1|4|5|0|7|1|0|1144|2|2|3|0|1|3|8|1|5|4|915|12|4|1|4|8|12|4|1|3|12|980|0|21|0|7|7|2|1|0|7|0|944|1|11|0|2|28|1|0|4|15|0|828|7|0|10|4|3|1|2|0|2|9|967|0|7|0|4|1|5|8|5|8|0|1001|0|13|3|5|2|5|2|7|4|0|951|3|3|1|1|7|17|7|0|14|4|936
30,sigmoid,sigmoid,0,interleave,32,0.01,10,ce,ok,31.9415,97.3333,96.16,96.1588,95.84,95.7961,96.48,9,0.947265|0.284419|0.204341|0.166163|0.142679|0.127214|0.114344|0.104319|0.0972596|0.0899462,69.0711|91.8756|94.1133|95.1867|95.8489|96.1667|96.6489|96.9289|97.1289|97.3333,89.5|93.4|94.46|95.12|95.48|95.88|96.32|96.14|96.48|96.16,89.5155|93.3715|94.4669|95.1138|95.477|95.8828|96.3114|96.1499|96.4767|96.1588,941|0|4|1|1|2|6|0|7|1|0|1140|4|3|3|1|2|5|5|1|3|4|924|15|6|0|6|8|3|0|2|1|6|997|1|12|2|7|3|2|4|1|10|0|940|1|12|3|3|20|3|1|4|14|0|827|8|5|4|3|4|1|2|1|2|10|970|0|1|0|2|1|15|9|2|1|0|1004|1|10|2|5|4|24|3|17|4|0|916|7|4|2|2|16|18|1|0|18|4|925
2,tanh,relu,0.5,interleave,32,0.003,10,ce,ok,27.844,97.92,96.78,96.7742,96.36,96.315,96.78,10,0.444621|0.205255|0.151908|0.12511|0.108216|0.0963389|0.0857949|0.0793121|0.0720011|0.0663608,87.3222|93.8156|95.4756|96.1867|96.6356|97.0378|97.42|97.5533|97.7244|97.92,92.22|94.78|95.64|95.74|95.98|96.38|96.32|96.22|96.08|96.78,92.1781|94.7661|95.6285|95.7283|95.9725|96.3666|96.3144|96.2143|96.0823|96.7742,942|0|2|1|1|1|4|0|8|4|0|1152|3|0|3|0|0|4|2|0|0|4|923|10|4|0|4|3|19|2|0|4|6|986|2|13|2|7|11|2|0|0|8|1|957|0|11|1|2|14|1|2|2|10|2|816|10|0|20|6|2|1|0|0|0|5|977|0|6|0|7|4|11|9|6|2|0|986|1|19|1|6|4|4|3|4|6|0|952|2|3|0|0|5|20|2|0|9|6|945
1,tanh,relu,0.5,interleave,32,0.003,10,ce,ok,28.1009,98.04,96.3,96.2898,96.3,96.2528,96.76,9,0.437172|0.191603|0.147125|0.123571|0.106892|0.0957868|0.0841666|0.0771767|0.0705722|0.0638983,87.7489|94.4133|95.6378|96.4267|96.8022|97.1067|97.4267|97.6111|97.8956|98.04,93.96|95.14|95.56|95.72|96.32|96.08|95.88|96.38|96.76|96.3,93.9282|95.1265|95.5504|95.7192|96.3196|96.0729|95.8703|96.3779|96.7454|96.2898,947|0|1|0|1|6|2|0|4|2|0|1134|0|2|3|1|0|4|20|0|3|2|915|5|3|1|6|12|18|4|1|1|9|969|0|32|2|7|7|5|0|0|5|1|945|2|8|5|2|26|2|2|3|3|0|846|4|1|4|4|5|0|2|0|6|10|962|0|6|0|0|1|10|2|1|1|0|1023|2|5|6|0|4|4|2|8|0|1|955|2|2|0|0|8|7|11|0|23|5|934
4,tanh,relu,0.5,interleave,32,0.003,10,ce,ok,27.2474,98.0467,96.44,96.4354,96.53,96.4886,96.44,10,0.448563|0.193651|0.14341|0.120306|0.103202|0.0912295|0.0817404|0.0759394|0.0699816|0.0635375,87.0578|94.3133|95.7956|96.3867|96.8378|97.22|97.5778|97.6533|97.8178|98.0467,93.44|95.44|95.54|95.76|96.18|96|96.38|95.08|96.3|96.44,93.4074|95.4258|95.5221|95.7557|96.1679|95.9818|96.3804|95.0117|96.3002|96.4354,934|0|4|2|2|1|10|0|9|1|0|1153|5|1|3|1|0|0|0|1|1|4|945|2|6|1|2|4|4|0|1|2|13|987|1|11|0|7|8|3|1|1|6|0|955|1|10|2|4|14|1|2|3|12|3|825|7|1|5|10|5|2|2|1|3|0|977|0|1|0|1|4|18|6|9|0|0|995|1|11|2|4|12|9|1|10|6|1|933|4|1|2|0|6|14|3|1|11|3|949
3,tanh,relu,0.5,interleave,32,0.003,10,ce,ok,27.7715,98.1556,96.72,96.7147,96.52,96.4769,96.86,6,0.443874|0.191087|0.145051|0.119112|0.102392|0.0897297|0.079802|0.0722073|0.0656517|0.0604778,87.2533|94.4578|95.7378|96.4067|96.8978|97.2978|97.6178|97.8689|97.94|98.1556,93.52|94.92|95.68|96.08|96.44|96.86|96.44|96.72|96.62|96.72,93.4926|94.9068|95.6741|96.0613|96.4302|96.8544|96.4387|96.7116|96.6311|96.7147,948|0|3|0|1|1|3|0|6|1|0|1142|3|0|2|0|1|4|9|3|7|3|931|4|3|2|2|6|8|3|1|6|9|958|0|33|0|8|11|7|3|0|8|0|929|1|10|2|2|39|2|0|4|4|1|846|3|0|4|5|6|1|2|0|3|7|969|0|3|0|0|0|5|2|4|1|0|1018|1|14|4|2|5|1|1|5|4|1|952|7|3|0|0|6|5|6|0|7|4|959
5,tanh,relu,0.5,interleave,32,0.003,10,ce,ok,27.2628,97.9,96.28,96.2808,95.99,95.932,96.4,8,0.452412|0.201465|0.153057|0.12581|0.110411|0.0966916|0.087751|0.0789095|0.0704426|0.0651914,87.1689|94.0333|95.4622|96.2133|96.5667|97.04|97.3|97.56|97.9067|97.9,92.9|94.4|95.44|96.02|95.72|95.92|96.02|96.4|96.04|96.28,92.8572|94.3903|95.423|96.012|95.7023|95.913|96.0159|96.3894|96.0209|96.2808,949|0|2|1|2|2|2|0|4|1|0|1143|5|3|1|0|0|5|3|4|5|1|923|1|11|0|3|17|7|1|0|2|14|978|1|14|2|14|3|5|0|0|5|0|948|0|7|3|0|31|1|1|3|10|6|800|10|0|14|24|5|0|1|0|5|3|972|0|3|2|0|0|5|3|5|0|0|1021|0|11|5|4|10|6|7|2|6|3|909|30|4|0|0|3|15|0|0|11|1|956
8,tanh,relu,0.5,interleave,32,0.003,10,ce,ok,26.9598,97.8622,96.08,96.0833,96.1,96.0461,96.14,5,0.457073|0.200345|0.153458|0.128698|0.11174|0.0990064|0.088976|0.0808366|0.0736161|0.0678239,86.9533|94.0467|95.4289|96.1711|96.6422|97.0489|97.24|97.5111|97.7844|97.8622,93.3|94.7|95.72|95.52|96.14|95.78|96.02|95.96|95.44|96.08,93.2702|94.6904|95.714|95.5134|96.1223|95.7696|96.0032|95.9649|95.443|96.0833,940|0|1|1|1|8|4|1|5|2|0|1149|1|1|4|1|0|3|3|2|2|4|920|4|9|2|7|12|8|1|0|5|7|980|1|18|0|13|5|4|1|0|6|0|967|0|6|4|1|9|0|2|2|15|2|829|8|0|5|6|3|1|1|0|3|5|977|0|1|0|1|4|3|3|4|5|0|1006|1|18|1|8|4|15|3|20|2|2|917|10|4|0|0|8|27|6|0|19|1|925
7,tanh,relu,0.5,interleave,32,0.003,10,ce,ok,27.2204,97.8378,95.94,95.9655,95.94,95.9035,96.22,6,0.447601|0.199201|0.155518|0.130093|0.115422|0.103567|0.0919579|0.0842831|0.0765527|0.0707361,87.26|94.0578|95.2822|96.12|96.5222|96.8022|97.1356|97.3422|97.6378|97.8378,93.3|94.48|94.92|95.58|95.78|96.22|96.12|96.16|95.86|95.94,93.2797|94.4841|94.9414|95.5807|95.7633|96.2278|96.1293|96.1687|95.8437|95.9655,945|0|1|0|2|3|4|0|6|2|0|1125|1|0|11|0|0|2|21|4|3|5|902|8|10|3|10|11|14|3|0|5|3|979|5|15|1|8|8|9|0|0|4|0|966|0|6|2|1|15|3|1|3|8|5|817|10|1|11|10|4|0|1|0|6|6|966|0|8|0|1|1|3|2|8|1|1|1012|2|14|3|1|0|5|6|6|4|0|947|10|2|0|0|3|30|3|0|14|3|935
6,tanh,relu,0.5,interleave,32,0.003,10,ce,ok,27.4782,97.9289,96.6,96.5966,96.35,96.3001,96.6,9,0.449059|0.19906|0.155293|0.13095|0.113445|0.100602|0.0902098|0.0810294|0.0737274|0.0666003,87.1156|94.1911|95.3844|96.0556|96.5667|96.8511|97.2267|97.5267|97.6622|97.9289,93.08|94.34|95.7|95.62|95.52|95.98|96.16|96.08|96.6|96.6,93.0598|94.2791|95.6851|95.5994|95.5346|95.962|96.1612|96.0853|96.598|96.5966,940|0|5|1|1|5|2|0|8|1|0|1151|0|0|3|1|0|2|6|1|2|2|930|4|6|1|8|9|7|0|1|6|11|971|1|18|1|16|6|2|0|1|7|0|965|1|7|2|1|10|0|1|1|6|0|843|10|0|6|2|3|1|2|0|2|10|970|1|2|0|2|2|12|1|5|0|0|1017|2|4|2|5|6|5|1|9|6|1|946|1|1|1|1|8|29|10|0|23|15|902
10,tanh,relu,0.5,interleave,32,0.003,10,ce,ok,25.5419,98.0044,96.42,96.4234,96.43,96.3934,96.42,10,0.450118|0.197696|0.150493|0.12327|0.105811|0.0944328|0.0841384|0.0760923|0.06867|0.0628743,87.1356|94.2889|95.5533|96.3467|96.8022|97.1733|97.4156|97.6644|97.8933|98.0044,93.62|94.72|95.54|95.72|95.5|96.24|96.24|96.18|95.98|96.42,93.6008|94.7089|95.525|95.7215|95.5197|96.2504|96.2379|96.179|95.9669|96.4234,951|0|1|0|1|1|2|0|5|2|0|1143|5|2|3|0|0|3|7|1|3|2|933|8|6|1|6|6|4|0|4|1|7|990|0|15|1|8|2|5|4|0|7|0|926|1|5|1|2|48|0|2|2|12|0|833|6|0|7|7|6|1|2|0|3|4|970|0|5|0|6|0|5|12|2|1|1|999|0|19|2|3|3|14|0|11|1|1|934|13|3|0|0|4|7|6|0|3|3|964
9,tanh,relu,0.5,interleave,32,0.003,10,ce,ok,25.705,98.0311,96.18,96.1875,96.38,96.3223,96.6,8,0.444431|0.192314|0.149336|0.124571|0.106965|0.0945829|0.0855742|0.0772231|0.0710366|0.0645291,87.6489|94.2556|95.4444|96.2222|96.7267|97.0978|97.3622|97.5956|97.7644|98.0311,93.1|94.8|95.2|95.66|96.44|96.34|96.46|96.6|96.4|96.18,93.0805|94.7922|95.1979|95.6608|96.448|96.3528|96.4621|96.6015|96.4174|96.1875,948|0|2|1|1|1|5|0|5|0|0|1152|1|3|2|0|0|2|4|0|2|3|942|1|2|1|4|3|11|0|0|2|8|985|0|16|0|9|12|1|0|0|4|0|960|2|12|3|5|8|1|0|7|13|2|828|6|0|9|3|4|2|4|0|2|8|967|0|4|0|4|3|16|5|4|0|0|1004|1|8|2|5|7|6|2|7|6|0|946|1|6|2|2|13|31|10|1|12|7|906
11,tanh,relu,0.5,interleave,32,0.003,10,ce,ok,25.3711,97.9244,96.76,96.7605,96.16,96.1078,96.76,10,0.429201|0.195028|0.151878|0.126543|0.110361|0.0987493|0.0868842|0.0797798|0.0722157|0.0670059,87.9156|94.2156|95.5178|96.1489|96.5622|96.9333|97.3356|97.5133|97.7933|97.9244,93.52|95.16|95.4|95.42|96.02|96.14|95.96|96.62|96.38|96.76,93.5019|95.1468|95.3822|95.4032|96.0025|96.1509|95.9496|96.62|96.3854|96.7605,940|0|2|1|3|4|6|0|6|1|0|1149|3|1|3|0|0|4|3|1|5|2|932|1|6|1|8|6|8|0|0|5|9|976|1|21|0|9|7|5|0|1|4|1|966|1|5|1|1|14|1|1|4|8|4|831|3|0|8|9|2|2|1|2|2|6|970|0|6|0|3|1|9|4|7|4|0|997|1|19|7|8|3|4|5|10|4|0|938|3|4|2|1|6|38|6|0|11|5|917
13,tanh,relu,0.5,interleave,32,0.003,10,ce,ok,25.3515,97.8511,96.54,96.5367,96.35,96.3007,96.54,10,0.456134|0.198483|0.152926|0.127857|0.110285|0.0990825|0.0892833|0.0809896|0.0742369|0.0693202,86.7556|94.1844|95.3711|96.1578|96.6222|97.0267|97.2244|97.4289|97.7644|97.8511,93.32|94.94|95.12|95.48|95.72|96.04|96.1|96.18|96.44|96.54,93.302|94.901|95.1201|95.4795|95.7155|96.04|96.0976|96.1719|96.4318|96.5367,951|0|0|1|1|2|1|1|4|2|0|1150|0|1|5|0|0|4|3|1|3|3|921|8|5|1|5|8|13|2|3|4|11|971|1|19|1|11|8|4|2|0|6|0|941|1|9|4|3|28|3|1|3|7|2|823|9|2|10|9|5|1|0|0|3|2|975|1|3|1|1|1|4|3|6|2|0|1013|0|15|4|7|6|4|4|3|3|2|943|6|3|0|0|5|20|4|0|6|5|947
12,tanh,relu,0.5,interleave,32,0.003,10,ce,ok,25.6709,97.9222,96.58,96.5881,96.55,96.5056,96.58,8,0.439046|0.201938|0.154691|0.12869|0.111014|0.0974703|0.0878899|0.0800324|0.0725114|0.0665591,87.6978|94.0044|95.2689|96.0667|96.58|96.94|97.2578|97.5333|97.7556|97.9222,93|94.52|95.4|95.96|96|96.18|96.36|96.58|96.56|96.58,92.9611|94.498|95.3925|95.9479|95.9893|96.1842|96.3651|96.5829|96.5561|96.5881,946|0|1|1|1|1|3|0|7|3|0|1149|2|1|2|0|0|4|5|1|4|3|921|9|3|2|3|15|6|3|0|2|10|981|0|15|0|13|5|7|1|1|4|0|935|1|7|7|4|34|0|1|3|14|2|825|5|0|10|9|6|1|1|0|2|5|972|0|3|1|0|1|5|0|2|0|0|1029|2|6|6|7|4|5|2|7|0|3|942|6|1|2|0|5|9|4|0|13|1|955
14,tanh,relu,0.5,interleave,32,0.003,10,ce,ok,25.373,97.9444,96.24,96.2253,96.05,95.9732,96.6,7,0.43978|0.189758|0.143503|0.120099|0.103811|0.0947502|0.085107|0.0760986|0.0701398|0.0650416,87.2711|94.3667|95.7556|96.3578|96.8178|97.0778|97.3711|97.6289|97.8267|97.9444,93.38|95.32|95.44|95.8|95.94|96.36|96.6|96.46|96.58|96.24,93.3565|95.3139|95.4118|95.7817|95.9243|96.3442|96.5927|96.4513|96.5705|96.2253,949|0|1|0|0|8|2|0|2|1|0|1147|2|2|2|1|1|4|4|1|7|5|904|16|5|0|8|7|16|1|1|1|5|969|1|38|0|8|8|2|1|0|7|1|943|10|8|3|2|19|2|2|1|4|0|846|5|2|3|4|3|1|1|0|1|12|972|0|1|0|2|2|3|6|4|3|0|1014|2|9|7|2|2|6|2|26|12|0|919|6|5|0|0|5|15|11|0|9|3|942
16,tanh,relu,0.5,interleave,32,0.003,10,ce,ok,25.2566,97.8511,96.7,96.6864,96.39,96.3526,96.7,10,0.451214|0.200273|0.154012|0.12785|0.110794|0.0964814|0.0873451|0.0793799|0.074441|0.0685761,87.3222|94.0978|95.5111|96.2444|96.66|97.0578|97.3044|97.6311|97.7022|97.8511,93.04|94.22|95.24|95.84|96.04|96.34|96.14|96.12|95.74|96.7,93.0072|94.1915|95.2285|95.8447|96.0462|96.3466|96.1249|96.1216|95.7781|96.6864,952|0|2|1|1|1|2|0|3|1|0|1149|2|6|2|2|0|1|2|0|3|6|923|20|5|3|1|3|3|2|0|2|5|994|0|15|0|10|2|5|3|1|7|0|951|0|5|5|5|17|2|1|3|16|0|841|1|0|2|3|7|1|2|0|2|7|970|0|2|0|0|4|9|4|7|0|0|1015|2|4|6|8|5|18|5|11|5|0|911|13|5|2|0|10|11|10|0|17|2|933
15,tanh,relu,0.5,interleave,32,0.003,10,ce,ok,25.5455,97.9067,96.08,96.0647,96.08,96.0113,96.6,9,0.461325|0.198129|0.150991|0.126225|0.109566|0.0979972|0.087499|0.0790399|0.0715997|0.0667559,87.0067|94.1556|95.4511|96.1911|96.6267|96.9467|97.3311|97.5956|97.8511|97.9067,93.32|95.04|95.48|94.9|95.58|96.12|96.04|96.12|96.6|96.08,93.2913|95.0171|95.4869|94.8904|95.5806|96.1193|96.041|96.1079|96.6031|96.0647,944|0|2|0|0|3|7|0|5|2|0|1146|2|3|4|1|0|6|1|1|3|1|915|4|8|3|10|15|10|0|5|3|11|964|0|35|2|9|3|1|0|0|2|1|965|3|10|3|2|8|1|0|4|3|1|845|11|0|2|2|4|0|1|0|2|5|976|0|3|0|2|3|6|2|10|2|0|1015|0|5|2|5|9|6|3|32|8|0|911|6|3|2|0|3|32|7|0|15|1|927
17,tanh,relu,0.5,interleave,32,0.003,10,ce,ok,25.5168,98.0667,96.52,96.5174,96.19,96.14,96.52,10,0.441655|0.195583|0.148217|0.123701|0.106401|0.0914184|0.0846603|0.0765463|0.0694153|0.0637491,87.3867|94.1511|95.5689|96.2378|96.8311|97.2778|97.36|97.6511|97.8156|98.0667,93.34|95.08|95.14|95.52|96.24|96.24|96.26|96.4|96.42|96.52,93.2943|95.0692|95.1301|95.5214|96.2393|96.2331|96.2452|96.392|96.4084|96.5174,938|1|3|1|1|1|7|1|6|4|0|1154|3|0|2|0|0|4|1|0|2|3|928|5|4|1|4|17|3|2|2|6|7|982|1|16|1|13|2|3|2|0|7|0|949|2|8|10|1|15|0|4|2|16|1|810|14|3|6|13|5|1|4|0|6|1|970|0|4|0|0|1|3|2|3|0|0|1032|0|4|5|9|4|8|0|6|6|8|919|17|3|2|0|6|8|3|0|28|3|937
18,tanh,relu,0.5,interleave,32,0.003,10,ce,ok,25.5531,97.9,96.18,96.1728,96.42,96.365,96.26,9,0.446297|0.198349|0.152148|0.126386|0.109275|0.097481|0.0869024|0.0798991|0.0703623|0.0657254,87.4733|94.1489|95.3822|96.2444|96.7111|97.0467|97.34|97.5844|97.8467|97.9,93.02|94.66|95.66|95.04|95.48|96.04|96.08|96.08|96.26|96.18,92.9936|94.6827|95.6519|95.0114|95.4837|96.0236|96.075|96.0808|96.2668|96.1728,936|0|0|0|1|12|5|2|5|2|0|1142|5|1|3|0|2|3|6|2|8|2|901|12|7|3|11|15|10|0|0|3|4|977|1|27|0|10|7|4|1|0|2|0|965|1|7|3|2|13|1|0|1|8|1|843|5|0|8|2|2|0|0|1|2|5|975|0|6|0|0|1|4|1|6|1|0|1022|1|9|2|3|1|4|2|13|6|1|948|2|1|1|0|8|24|6|0|14|3|933
19,tanh,relu,0.5,interleave,32,0.003,10,ce,ok,25.5242,97.9067,96.2,96.1862,96.39,96.3509,96.44,9,0.44153|0.202759|0.155182|0.127543|0.111329|0.0981263|0.0886853|0.0803716|0.0754642|0.0677771,87.2733|94.0822|95.3533|96.1689|96.6933|97.0511|97.3044|97.5|97.6444|97.9067,92.56|94.68|95.38|96.16|95.82|96.32|96.3|96.38|96.44|96.2,92.5476|94.6719|95.3853|96.1489|95.8005|96.304|96.2987|96.3854|96.4419|96.1862,950|0|2|0|1|1|1|0|6|2|0|1149|0|1|3|0|0|5|3|3|6|8|911|8|6|0|9|10|9|2|0|2|7|984|0|18|0|13|5|4|0|0|2|1|934|1|10|2|5|39|3|0|0|10|0|831|8|1|9|7|5|1|2|0|1|5|971|0|6|0|2|3|7|4|2|0|0|1018|1|8|4|2|2|11|4|2|4|0|941|12|8|0|0|8|7|2|0|13|2|950
20,tanh,relu,0.5,interleave,32,0.003,10,ce,ok,25.1794,97.9311,96.28,96.2815,96.28,96.223,96.48,8,0.449315|0.198266|0.150559|0.127182|0.110002|0.0975639|0.0883581|0.0791761|0.0728815|0.0667907,87.1733|94.0333|95.4533|96.1378|96.6978|96.9956|97.2978|97.6267|97.7178|97.9311,92.88|94.9|95.2|95.72|95.46|96.04|95.98|96.48|95.9|96.28,92.8671|94.8951|95.2029|95.7327|95.467|96.0512|95.9941|96.4918|95.9314|96.2815,946|0|0|1|2|4|4|0|5|1|0|1148|2|2|1|0|1|3|7|0|7|4|888|20|6|3|5|13|22|1|1|1|1|972|0|38|0|6|10|4|0|1|5|0|950|1|9|6|3|19|2|1|1|2|1|846|6|0|7|3|4|0|0|0|2|6|974|0|5|0|5|2|5|4|4|2|2|1007|1|13|3|1|2|4|0|4|8|0|954|6|4|0|0|2|15|5|0|15|6|943
21,tanh,relu,0.5,interleave,32,0.003,10,ce,ok,25.2627,97.9133,96.5,96.4916,96.6,96.5522,96.5,10,0.456752|0.191159|0.144431|0.122039|0.106872|0.0959239|0.0862992|0.0783857|0.0730856|0.0678103,86.8511|94.2533|95.6756|96.3089|96.7089|97.0444|97.2622|97.5778|97.7889|97.9133,93.14|94.9|95.06|95.92|96.16|96.34|96.3|96.22|96.4|96.5,93.0948|94.8668|95.0391|95.887|96.1438|96.32|96.2964|96.2115|96.3833|96.4916,948|0|1|0|2|2|2|0|6|2|0|1139|4|3|4|0|0|4|7|3|4|2|938|7|1|2|3|5|5|2|1|1|11|985|1|20|0|8|4|2|1|0|4|2|947|0|6|4|1|29|6|2|1|11|1|829|6|0|6|7|8|2|1|1|2|4|972|0|1|0|3|2|4|2|4|0|0|1022|1|7|1|3|7|8|0|15|3|1|941|3|4|0|2|12|8|7|0|14|4|939
24,tanh,relu,0.5,interleave,32,0.003,10,ce,ok,25.4093,97.8267,96.08,96.0902,96.01,95.9779,96.44,9,0.458589|0.200669|0.153081|0.127946|0.111324|0.099113|0.0890098|0.0817531|0.0743715|0.0700596,86.8378|94.1067|95.4844|96.1644|96.6489|97.0667|97.2644|97.4889|97.7178|97.8267,92.6|94.56|95.44|96|95.9|96.38|96|96.12|96.44|96.08,92.5441|94.5487|95.4249|95.9795|95.8969|96.3803|95.9835|96.1142|96.4326|96.0902,951|0|0|0|1|2|3|0|3|3|0|1143|3|4|2|0|0|1|11|0|2|2|922|16|5|2|2|6|11|1|2|1|7|993|1|13|1|2|10|3|4|1|6|0|932|2|5|1|3|40|4|0|5|11|0|814|11|0|12|12|6|1|1|1|2|2|975|0|3|0|0|3|19|30|1|0|0|959|1|32|3|3|1|9|1|2|5|0|954|4|3|2|0|9|8|3|0|5|2|958
22,tanh,relu,0.5,interleave,32,0.003,10,ce,ok,25.6577,97.86,95.74,95.742,96,95.9515,96.28,7,0.446673|0.203996|0.155947|0.1302|0.112449|0.100461|0.0896782|0.0810562|0.0741323|0.0700462,87.5378|93.9289|95.2822|96.1311|96.6556|96.9644|97.2689|97.5467|97.7156|97.86,92.18|94.48|95.22|95.12|95.86|95.82|96.28|96.26|95.76|95.74,92.2193|94.4761|95.2074|95.1205|95.8496|95.8098|96.2831|96.2667|95.7639|95.742,946|0|1|1|1|3|1|0|9|1|0|1136|4|3|4|1|0|2|11|3|6|4|911|12|5|1|6|7|14|3|1|0|5|999|0|17|0|4|3|4|4|0|4|0|954|1|3|1|3|24|6|0|2|18|0|826|3|0|9|5|14|1|2|1|10|11|944|0|8|0|6|0|6|12|5|2|0|993|1|20|4|2|2|12|2|5|2|1|947|5|6|0|1|10|10|6|0|8|5|944
23,tanh,relu,0.5,interleave,32,0.003,10,ce,ok,25.8521,97.8422,96.34,96.3431,96.11,96.0485,96.46,8,0.458657|0.196164|0.148653|0.122821|0.108296|0.0959932|0.0875563|0.0790288|0.0718049|0.067768,87.1289|94.2622|95.5844|96.2578|96.72|97.0467|97.3378|97.5178|97.8178|97.8422,92.84|94.92|95.32|95.04|96.32|95.8|96.34|96.46|96.08|96.34,92.8058|94.8911|95.3177|95.0346|96.333|95.792|96.3493|96.4601|96.0827|96.3431,939|0|1|1|1|12|1|0|6|2|0|1145|1|1|4|2|1|6|4|0|4|1|918|6|1|4|3|8|19|5|0|3|4|971|0|32|0|11|8|4|1|1|6|0|936|6|5|4|2|33|1|1|2|5|0|854|3|0|2|1|5|1|1|0|1|12|967|0|4|0|0|2|5|2|8|6|0|1011|1|10|3|2|5|11|1|19|3|0|928|10|3|2|1|7|6|20|1|7|1|942
25,tanh,relu,0.5,interleave,32,0.003,10,ce,ok,25.7758,97.8867,96.5,96.4974,96.47,96.4319,96.5,10,0.437834|0.193562|0.147871|0.122735|0.108082|0.0956701|0.0866686|0.078419|0.0708795|0.0663171,87.2533|94.2422|95.4711|96.3133|96.7711|97.08|97.3133|97.5489|97.7578|97.8867,92.8|94.4|95|95.82|95.76|96.14|95.94|96.32|96.18|96.5,92.771|94.3709|95.0159|95.8058|95.7535|96.1254|95.9453|96.3225|96.192|96.4974,949|0|0|1|2|2|4|0|4|1|0|1150|2|1|4|0|0|3|3|1|3|5|917|7|8|1|4|14|10|0|1|6|7|969|1|21|1|13|11|3|3|0|5|0|964|1|8|1|1|11|0|1|3|6|2|838|11|1|4|3|2|1|0|1|3|4|976|0|4|0|0|4|3|4|5|0|1|1013|0|15|3|6|2|4|6|8|9|1|939|4|5|0|0|4|27|6|0|11|5|932
26,tanh,relu,0.5,interleave,32,0.003,10,ce,ok,25.6781,97.8711,96.2,96.197,96.15,96.1093,96.32,6,0.449441|0.199544|0.153639|0.128267|0.112184|0.100918|0.0884233|0.0830609|0.07516|0.0693513,86.9578|94.0156|95.3667|96.1844|96.5978|96.9444|97.2533|97.4444|97.6133|97.8711,93.34|95.22|94.9|95.64|95.46|96.32|95.88|96.16|96.3|96.2,93.3163|95.1986|94.8713|95.6256|95.4422|96.3086|95.8862|96.1505|96.2972|96.197,946|0|1|1|1|3|2|0|7|2|0|1145|2|1|2|0|0|6|7|1|3|2|913|9|5|1|6|18|12|0|1|2|8|962|1|24|0|16|11|8|4|0|5|0|942|1|7|7|3|25|2|2|5|4|1|833|3|3|8|8|6|1|2|0|2|5|967|1|7|0|2|0|7|1|2|1|0|1021|1|10|3|5|7|3|1|3|3|3|930|24|1|0|1|1|10|3|0|15|3|956
28,tanh,relu,0.5,interleave,32,0.003,10,ce,ok,25.8059,97.7933,96.36,96.3584,95.99,95.9316,96.66,8,0.447172|0.201888|0.156862|0.131308|0.114262|0.101318|0.0927976|0.0840428|0.0762482|0.0713824,87.3733|93.9422|95.2867|96.0622|96.5467|96.9311|97.2556|97.4378|97.66|97.7933,93.22|94|95.44|95.92|96.06|96.1|96.2|96.66|96.14|96.36,93.1953|93.9597|95.4293|95.9004|96.0503|96.0846|96.1912|96.651|96.134|96.3584,942|0|1|1|1|7|5|1|3|2|0|1140|3|3|6|0|1|4|5|2|2|1|905|19|16|1|8|4|11|2|1|0|4|990|0|23|0|9|3|3|1|0|4|0|975|0|5|1|1|7|0|0|1|9|1|845|4|0|3|6|1|1|0|0|7|13|968|0|1|0|0|0|5|5|8|7|0|1003|0|17|2|6|3|10|5|21|8|5|917|5|3|1|1|3|37|13|0|15|3|914
27,tanh,relu,0.5,interleave,32,0.003,10,ce,ok,26.0056,97.9356,96.02,95.995,96.5,96.4434,96.2,9,0.452458|0.200443|0.155382|0.128943|0.112767|0.0996409|0.0881031|0.079556|0.0729801|0.0685927,86.8489|94.0667|95.4956|96.2511|96.6644|97.04|97.3578|97.58|97.7844|97.9356,93.32|94.82|95.16|95.24|95.56|95.92|95.62|96.18|96.2|96.02,93.2935|94.7972|95.1266|95.215|95.5572|95.9027|95.6398|96.181|96.2079|95.995,947|0|5|0|1|3|1|0|3|3|0|1138|3|4|4|0|1|4|8|2|2|1|930|10|6|0|3|10|6|1|0|3|10|987|2|10|0|12|6|3|1|0|9|0|964|0|3|3|1|13|6|0|6|22|3|798|9|0|14|11|7|1|2|0|3|1|973|0|4|0|1|0|7|2|5|1|0|1014|1|14|6|3|5|4|2|1|5|3|950|3|5|0|0|6|15|4|0|9|2|949
29,tanh,relu,0.5,interleave,32,0.003,10,ce,ok,26.1091,97.9289,96.22,96.2198,96.4,96.3568,96.22,10,0.447635|0.205037|0.15488|0.128052|0.110956|0.0978647|0.0878785|0.0800216|0.0734295|0.06651,87.2711|93.8867|95.3911|96.1156|96.6133|96.9911|97.3067|97.5089|97.7444|97.9289,92.56|94.86|95.52|95.78|95.98|95.74|96.2|96.04|96.12|96.22,92.5446|94.8596|95.5214|95.7765|95.9816|95.7297|96.2034|96.0227|96.1161|96.2198,950|0|3|0|1|1|3|0|2|3|0|1140|2|2|4|0|0|9|6|1|0|2|928|4|3|3|5|12|8|4|0|3|14|965|0|26|0|8|11|6|1|0|7|0|944|5|9|5|4|19|0|0|5|7|2|837|5|2|8|3|3|2|7|0|3|3|964|0|9|0|3|1|3|1|3|2|0|1017|1|14|4|5|6|3|2|7|2|2|947|4|4|0|1|5|6|10|0|11|5|948
30,tanh,relu,0.5,interleave,32,0.003,10,ce,ok,25.6956,97.9222,96.1,96.1132,96.04,95.9963,96.6,8,0.459103|0.20887|0.160468|0.132676|0.115548|0.101735|0.0897164|0.0820092|0.0745252|0.0687909,86.9533|93.8933|95.2622|95.9689|96.5356|96.9933|97.2444|97.44|97.7022|97.9222,93.1|94.86|95.18|95.76|96.18|95.9|96.36|96.6|96.2|96.1,93.1006|94.8526|95.1858|95.7509|96.1779|95.9322|96.356|96.6005|96.1984|96.1132,943|0|1|1|1|0|6|0|6|5|0|1139|2|7|1|0|0|6|8|1|1|4|924|17|2|0|3|9|8|1|1|0|4|989|3|18|0|14|2|2|3|0|6|0|915|0|16|5|4|45|2|0|1|15|0|823|16|1|5|6|3|1|0|0|1|4|978|0|4|0|1|2|5|3|3|2|0|1014|1|14|6|5|4|10|3|9|13|1|914|17|2|0|1|4|6|3|0|8|1|965
1,tanh,leaky_relu,0.5,interleave,32,0.003,10,ce,ok,25.8021,97.8178,96.4,96.3913,96.46,96.4006,96.88,9,0.43528|0.193761|0.150188|0.12628|0.110061|0.0995255|0.0879445|0.0812633|0.0742543|0.0689686,87.7667|94.3022|95.4622|96.3067|96.7578|97.0311|97.3822|97.5511|97.8067|97.8178,93.98|95.06|95.74|96.18|96.36|96.16|96.38|96.3|96.88|96.4,93.9478|95.0504|95.7304|96.1757|96.3612|96.1604|96.3805|96.2995|96.8728|96.3913,944|0|2|1|1|6|2|0|6|1|0|1146|3|4|1|1|0|2|6|1|3|2|922|12|6|2|3|5|13|1|0|1|11|982|1|25|0|5|5|3|1|0|3|2|946|2|11|6|4|19|4|0|4|8|0|840|3|1|5|4|6|1|2|0|2|8|968|0|4|0|1|0|9|4|4|1|0|1019|1|6|2|5|4|8|1|15|1|1|943|2|5|0|0|7|10|10|0|18|4|936
2,tanh,leaky_relu,0.5,interleave,32,0.003,10,ce,ok,25.8704,97.9467,96.9,96.8896,96.52,96.4794,96.9,10,0.442928|0.209401|0.155208|0.127623|0.111154|0.0982096|0.0876798|0.0801056|0.0728428|0.066515,87.42|93.6067|95.2822|96.1067|96.5044|97.0044|97.3133|97.4822|97.76|97.9467,92.14|94.56|95.58|95.72|95.94|96.38|96.22|95.9|96.3|96.9,92.0998|94.5296|95.5706|95.7308|95.942|96.3701|96.2062|95.8995|96.2994|96.8896,948|0|1|1|1|0|4|0|6|2|0|1150|3|0|4|0|0|3|3|1|0|5|921|8|5|0|2|7|20|1|0|1|7|994|1|9|1|8|9|3|0|0|7|1|962|0|11|1|1|11|1|1|4|15|0|813|8|0|21|6|3|1|2|0|2|4|973|0|6|0|8|4|7|4|9|2|0|994|2|15|3|7|3|5|2|2|3|0|956|1|2|0|0|7|17|1|0|13|9|941
3,tanh,leaky_relu,0.5,interleave,32,0.003,10,ce,ok,26.3125,97.98,96.74,96.7343,96.48,96.4384,96.74,10,0.441881|0.193452|0.147036|0.122077|0.105202|0.093793|0.0846136|0.0766165|0.0700235|0.064049,87.2778|94.3156|95.6578|96.4356|96.9444|97.1978|97.4311|97.6933|97.8844|97.98,93.96|95.04|95.44|95.98|96.32|96.16|96.08|96.5|96.52|96.74,93.9384|95.0277|95.4324|95.9691|96.3033|96.1586|96.0877|96.4893|96.5262|96.7343,949|0|3|1|1|0|4|0|3|2|0|1145|2|1|3|0|0|3|9|1|6|3|919|9|4|0|4|8|14|2|2|3|6|978|0|17|0|9|12|6|4|0|4|0|937|0|5|8|2|34|5|1|3|15|0|818|8|0|10|9|6|0|2|0|3|2|973|0|5|0|1|2|4|0|1|0|0|1015|3|19|5|3|1|3|1|3|4|1|953|8|5|0|1|5|5|0|0|10|3|961
4,tanh,leaky_relu,0.5,interleave,32,0.003,10,ce,ok,26.298,97.9089,96.38,96.3828,96.4,96.3487,96.4,7,0.450232|0.198026|0.147412|0.123094|0.105787|0.094267|0.085538|0.0791502|0.0728047|0.0676478,87.0467|94.18|95.6222|96.3067|96.8044|97.1244|97.4733|97.6133|97.7622|97.9089,93.44|95.4|95.62|95.86|96.26|95.94|96.4|95.32|96.08|96.38,93.4167|95.3874|95.6081|95.8593|96.2409|95.9187|96.3973|95.3224|96.0758|96.3828,930|0|3|1|2|6|8|0|11|2|0|1153|3|2|2|1|0|0|2|1|0|4|939|3|9|2|3|3|5|1|0|3|11|983|1|20|0|6|6|3|1|0|5|0|941|2|11|2|2|30|0|1|3|13|3|829|6|0|8|6|4|2|2|0|3|4|973|0|3|0|1|3|15|7|7|1|0|994|2|15|3|3|7|8|0|9|1|1|946|4|1|1|0|7|7|2|1|11|8|952
6,tanh,leaky_relu,0.5,interleave,32,0.003,10,ce,ok,26.2808,97.8244,96.36,96.352,96.03,95.9697,96.48,9,0.447804|0.201577|0.155833|0.129766|0.113074|0.100544|0.0911551|0.081786|0.0766769|0.0691845,87.2444|94.06|95.3244|96.1133|96.5222|96.8511|97.1067|97.4756|97.6489|97.8244,92.76|94.08|95.58|95.76|95.66|96.28|96.36|96.42|96.48|96.36,92.7348|94.0204|95.5628|95.7398|95.6803|96.271|96.346|96.4176|96.4835|96.352,943|0|4|1|1|4|3|0|6|1|0|1147|3|0|2|1|0|4|6|1|0|1|928|4|9|5|8|8|5|1|0|5|15|970|1|25|1|12|4|0|0|1|8|1|954|2|8|4|1|15|0|3|4|15|1|830|11|1|2|2|3|1|0|1|3|3|977|0|3|0|3|1|10|3|5|1|0|1018|1|3|6|12|4|12|3|11|5|2|924|3|4|1|2|13|18|16|0|18|6|912
7,tanh,leaky_relu,0.5,interleave,32,0.003,10,ce,ok,26.1428,97.7889,95.94,95.9526,95.8,95.7529,96.44,7,0.446913|0.200792|0.154931|0.1289|0.113801|0.101307|0.0922572|0.0841333|0.0769117|0.0705769,87.2867|93.9933|95.3156|96.1022|96.58|96.8333|97.1467|97.4178|97.6267|97.7889,93|94.58|95.2|95.66|95.92|95.94|96.44|95.88|95.84|95.94,92.9758|94.5729|95.2068|95.6482|95.9091|95.9461|96.4441|95.8749|95.8122|95.9526,946|0|0|0|1|2|5|0|8|1|0|1139|1|2|6|0|0|1|14|1|2|6|878|13|11|2|7|11|36|3|1|5|2|978|1|27|0|8|7|4|0|0|3|0|973|0|1|1|1|15|0|1|2|10|5|822|8|0|14|7|3|0|0|1|10|11|958|0|8|0|1|5|3|3|8|0|1|998|6|20|3|4|0|6|7|6|1|0|950|5|1|1|0|6|28|3|0|12|1|938
5,tanh,leaky_relu,0.5,interleave,32,0.003,10,ce,ok,26.6982,97.8533,96.28,96.2572,96.15,96.0909,96.44,9,0.452163|0.204602|0.15153|0.12442|0.108142|0.0952715|0.0856277|0.0785139|0.071881|0.0652352,87.1156|93.98|95.5511|96.2644|96.6533|97.1489|97.3978|97.5667|97.7467|97.8533,92.48|94.58|95.36|96|95.78|95.84|96.26|96.22|96.44|96.28,92.4394|94.5511|95.3238|95.9961|95.7454|95.8242|96.2397|96.2091|96.4109|96.2572,952|0|2|1|1|0|3|0|3|1|0|1146|4|1|1|0|0|6|4|2|2|4|936|3|4|0|6|9|4|1|4|3|17|974|1|11|1|13|2|7|1|0|4|0|942|1|8|7|1|30|6|2|6|11|4|797|12|3|7|21|8|1|0|0|4|1|970|1|5|1|0|0|8|2|4|1|0|1026|0|4|8|4|7|8|3|3|5|3|921|20|2|0|0|5|11|1|0|19|1|951
8,tanh,leaky_relu,0.5,interleave,32,0.003,10,ce,ok,26.1154,97.92,95.92,95.923,95.78,95.7168,96.22,6,0.454505|0.200356|0.15314|0.128851|0.112508|0.0995866|0.0892603|0.0808229|0.0744517|0.067855,86.96|93.9978|95.3511|96.1333|96.5489|96.9778|97.1911|97.46|97.5933|97.92,93.14|94.68|95.8|95.66|96.1|96.22|96.06|95.9|95.86|95.92,93.0961|94.6631|95.7984|95.6502|96.0832|96.2094|96.0583|95.9098|95.8515|95.923,936|0|0|0|1|13|7|0|4|2|0|1146|5|0|4|1|2|5|0|1|2|2|936|3|7|2|4|9|3|1|0|3|12|967|0|28|0|17|2|4|1|0|7|0|968|0|7|5|1|5|0|0|4|11|3|830|5|2|5|9|4|1|3|0|3|4|974|0|2|0|1|1|6|1|5|2|0|1021|1|7|3|10|12|10|5|9|4|8|912|9|2|0|0|4|58|7|0|29|2|888
10,tanh,leaky_relu,0.5,interleave,32,0.003,10,ce,ok,25.7171,98.0644,96.5,96.4997,96.37,96.3212,96.58,7,0.449153|0.200843|0.151749|0.123735|0.105651|0.0946629|0.0834512|0.0764591|0.0700555|0.0629314,87.1644|94.22|95.5467|96.3644|96.8044|97.0733|97.4333|97.7511|97.8556|98.0644,93.4|94.8|95.44|95.52|96.06|96.2|96.58|96.28|96.06|96.5,93.3723|94.7745|95.4203|95.5068|96.0599|96.2137|96.5833|96.2621|96.0477|96.4997,943|0|1|1|1|2|5|0|6|4|0|1142|6|1|1|1|1|5|5|2|3|2|933|6|5|1|6|4|9|0|2|0|11|983|0|19|1|8|4|5|4|0|7|1|929|1|7|8|2|35|0|0|3|7|0|840|6|0|7|6|6|1|2|1|1|8|967|0|5|0|1|0|8|6|4|1|1|1011|0|13|2|5|4|14|0|14|2|1|929|11|5|0|0|2|6|9|0|6|2|960
9,tanh,leaky_relu,0.5,interleave,32,0.003,10,ce,ok,26.178,97.8467,95.84,95.834,96.16,96.104,96.54,9,0.445548|0.198341|0.15063|0.125275|0.108832|0.0969869|0.0884098|0.0798033|0.0723006|0.0675568,87.62|94.1533|95.3756|96.2244|96.6889|97.0422|97.2156|97.4556|97.7044|97.8467,92.66|94.82|95|95.62|96.34|95.22|96.28|96.52|96.54|95.84,92.633|94.805|94.9964|95.6083|96.3479|95.2256|96.276|96.5176|96.5477|95.834,952|0|3|1|1|1|3|0|1|1|0|1151|2|2|1|0|0|3|5|0|4|3|944|2|2|2|3|2|7|0|2|3|16|966|1|19|0|7|14|5|3|0|9|0|957|2|9|4|4|6|0|0|8|14|1|832|5|1|6|2|8|1|4|0|1|4|973|0|0|0|5|2|21|1|6|1|0|998|1|10|5|4|21|4|3|6|5|0|932|2|6|2|3|8|31|9|0|11|9|911
12,tanh,leaky_relu,0.5,interleave,32,0.003,10,ce,ok,27.044,97.8711,96.4,96.4065,96.36,96.3025,96.58,9,0.438405|0.203446|0.156617|0.129892|0.112826|0.100052|0.0907627|0.0828242|0.0765403|0.0705015,87.7933|93.9667|95.2333|96.02|96.5756|96.9889|97.2622|97.4533|97.5578|97.8711,92.9|94.16|95.22|95.82|96.08|95.94|95.72|96.34|96.58|96.4,92.861|94.1471|95.2141|95.81|96.076|95.9452|95.742|96.3387|96.5746|96.4065,944|0|0|1|1|0|8|0|6|3|0|1149|2|0|3|0|1|3|5|1|4|3|916|4|6|2|4|11|17|2|3|2|7|973|1|25|2|7|5|8|1|0|5|0|930|2|8|5|5|38|1|0|3|10|0|826|10|1|11|7|2|1|1|0|2|5|976|0|3|1|0|1|6|1|2|0|1|1020|2|12|2|6|2|4|2|11|2|1|944|8|2|1|0|2|8|3|0|12|4|958
13,tanh,leaky_relu,0.5,interleave,32,0.003,10,ce,ok,26.7863,97.8689,96.64,96.6408,96.48,96.4343,96.64,10,0.453037|0.201738|0.155125|0.127116|0.110179|0.0975014|0.0887199|0.0818386|0.0731417|0.0683146,86.9844|94.0644|95.4111|96.1333|96.7244|96.9956|97.2711|97.4489|97.7133|97.8689,93.1|94.54|95.18|95.36|95.98|96.22|96.28|96.38|96.26|96.64,93.0793|94.505|95.1678|95.3664|95.9913|96.2106|96.2779|96.3793|96.2522|96.6408,944|0|0|1|1|3|5|0|8|1|0|1153|2|1|2|0|0|3|2|1|6|4|930|6|7|0|2|5|8|1|0|5|5|986|1|10|0|11|10|5|0|0|4|0|963|0|8|1|4|14|4|4|3|10|3|814|10|0|11|10|4|1|1|0|3|2|974|0|6|0|4|2|10|4|8|0|0|996|1|20|5|7|4|4|5|7|2|2|941|5|1|1|0|7|20|2|0|7|5|947
11,tanh,leaky_relu,0.5,interleave,32,0.003,10,ce,ok,27.2767,97.9222,96.52,96.5333,96.36,96.3292,96.52,10,0.431363|0.198402|0.153109|0.127934|0.11086|0.0994467|0.0880355|0.0818254|0.0742255|0.0671478,87.9356|94.1067|95.4756|96.1622|96.6244|97.0222|97.2956|97.4622|97.7|97.9222,93.32|94.8|95.08|95.64|95.76|95.66|95.86|96.4|96.5|96.52,93.2912|94.7838|95.0688|95.6252|95.7438|95.6622|95.8587|96.3928|96.4927|96.5333,937|0|5|2|2|3|3|0|9|2|0|1148|3|3|3|0|0|1|5|1|0|3|940|4|3|0|2|6|9|2|0|4|8|986|1|17|0|6|7|4|0|1|7|0|951|1|3|2|1|28|1|1|3|16|3|827|2|1|7|8|2|1|5|2|3|4|963|0|11|0|5|1|10|2|5|2|0|988|2|30|3|6|7|5|4|3|2|0|942|10|1|2|1|9|11|3|0|7|2|954
14,tanh,leaky_relu,0.5,interleave,32,0.003,10,ce,ok,27.1444,97.8622,96.4,96.3981,96.11,96.0329,96.52,7,0.4427|0.1957|0.147642|0.12368|0.106894|0.0979449|0.0886592|0.0803175|0.0740324|0.0681791,87.2156|94.1778|95.5778|96.2111|96.6622|96.9622|97.3|97.5756|97.7178|97.8622,93.22|95.16|95.5|95.8|95.88|96.34|96.52|96.38|95.9|96.4,93.2033|95.1546|95.4833|95.7956|95.8759|96.3407|96.5237|96.3712|95.889|96.3981,948|0|2|1|0|7|2|0|3|0|0|1146|6|0|3|2|0|4|2|1|6|4|929|7|6|1|5|4|6|1|1|3|9|966|0|35|1|12|3|3|0|0|8|0|954|6|8|5|2|11|1|0|3|2|0|849|5|1|5|3|3|0|3|0|2|9|972|0|2|0|1|1|7|5|5|2|0|1022|0|2|9|3|9|6|5|32|9|1|902|6|5|1|0|5|20|11|0|19|6|923
15,tanh,leaky_relu,0.5,interleave,32,0.003,10,ce,ok,27.3606,97.6778,96.48,96.4869,96.3,96.2524,96.48,10,0.457938|0.201977|0.154842|0.129449|0.113275|0.102032|0.0916753|0.0860421|0.076541|0.0719297,87.0356|93.9822|95.3467|96.1133|96.5733|96.8822|97.1711|97.3311|97.6178|97.6778,93.28|94.96|95.38|95.36|95.62|96.32|96.28|95.54|96.16|96.48,93.2448|94.9529|95.3724|95.3664|95.6161|96.3229|96.2734|95.5369|96.1633|96.4869,946|0|0|0|1|1|4|0|9|2|0|1146|2|3|2|1|0|3|6|1|6|6|907|6|11|4|5|18|6|0|4|3|8|969|2|28|0|12|4|3|1|1|4|0|946|1|9|5|3|24|2|1|4|5|0|840|10|0|4|3|5|1|0|0|2|4|975|0|4|0|1|0|3|3|5|1|0|1028|0|4|3|5|5|6|4|9|7|4|930|9|2|2|0|3|16|2|2|19|1|943
16,tanh,leaky_relu,0.5,interleave,32,0.003,10,ce,ok,27.3391,97.8778,96.58,96.5706,96.3,96.25,96.58,10,0.450619|0.200795|0.153216|0.126544|0.110606|0.097748|0.0882932|0.0808555|0.0737859|0.0678893,87.3933|94.0378|95.54|96.2711|96.6889|97.0378|97.2933|97.58|97.7133|97.8778,92.8|94.56|95.46|96.04|96.1|96.14|95.18|96.5|95.86|96.58,92.7591|94.5457|95.4481|96.0293|96.0951|96.1568|95.1808|96.4934|95.8731|96.5706,951|0|2|0|1|2|0|0|6|1|0|1147|3|1|3|0|0|4|5|1|4|3|935|11|3|2|1|4|4|2|0|6|8|988|0|18|1|9|1|2|3|0|6|0|939|2|8|4|5|27|4|1|2|13|0|839|2|0|3|5|11|0|4|1|1|15|952|1|6|0|0|0|7|6|7|1|0|1017|2|5|5|6|8|16|5|12|3|1|915|11|4|1|0|9|5|5|0|16|3|947
17,tanh,leaky_relu,0.5,interleave,32,0.003,10,ce,ok,27.1867,98.0511,96.86,96.8556,96.61,96.5629,96.86,10,0.44115|0.198415|0.150646|0.125297|0.106716|0.0943771|0.0853815|0.0763839|0.0699092|0.0641525,87.3044|94.1578|95.4289|96.3044|96.7756|97.0733|97.3911|97.6178|97.78|98.0511,93.32|94.96|95.5|95.3|96.14|96.3|96.5|96.48|96.4|96.86,93.2791|94.9453|95.4893|95.2908|96.139|96.2878|96.4873|96.4676|96.3884|96.8556,941|0|2|1|1|1|6|0|5|6|0|1150|1|1|3|0|0|5|3|1|3|3|926|5|3|2|6|16|3|2|1|2|4|986|0|17|1|12|5|5|1|0|5|0|950|0|8|4|4|22|3|1|3|14|1|825|8|1|6|7|3|1|0|0|3|3|979|0|2|0|0|1|2|2|5|0|0|1029|1|5|4|6|6|9|3|9|5|4|918|18|2|2|0|4|6|2|0|16|1|957
18,tanh,leaky_relu,0.5,interleave,32,0.003,10,ce,ok,27.2135,97.9533,96.38,96.3778,96.4,96.3568,96.4,7,0.444604|0.200043|0.152325|0.126423|0.108769|0.0968746|0.0868056|0.0791391|0.0709098|0.0654909,87.5311|94.0467|95.4178|96.2156|96.7378|97.0178|97.3067|97.5422|97.7889|97.9533,93.04|94.84|95.72|95.42|95.98|95.94|96.4|96.36|96.18|96.38,93.0139|94.8551|95.711|95.3936|95.9794|95.9346|96.3982|96.3586|96.1865|96.3778,951|0|0|0|1|3|2|0|5|1|0|1148|3|2|2|0|1|3|5|0|4|4|931|11|5|0|5|5|4|0|1|2|11|982|0|15|0|11|8|3|1|0|7|3|945|2|6|6|2|22|1|4|3|9|0|836|4|0|8|4|5|1|0|1|2|8|970|0|4|0|0|0|8|4|2|1|0|1023|0|7|6|8|11|9|2|9|5|1|930|1|3|1|0|7|17|6|0|27|5|924
19,tanh,leaky_relu,0.5,interleave,32,0.003,10,ce,ok,26.0033,97.8889,96.36,96.3246,96.49,96.4454,96.46,9,0.441004|0.206483|0.158971|0.130516|0.113105|0.100667|0.0892918|0.079831|0.0753461|0.0685643,87.3356|93.9644|95.2533|96.0333|96.6533|96.9089|97.2578|97.5067|97.64|97.8889,92.52|94.5|95.22|96.18|96.24|95.96|96.06|96.26|96.46|96.36,92.4909|94.4914|95.2113|96.1697|96.2184|95.9443|96.0506|96.2593|96.4561|96.3246,947|0|1|1|1|1|4|0|6|2|0|1148|3|1|3|1|0|3|3|2|2|9|931|5|3|2|6|7|4|0|0|1|10|985|1|13|0|16|4|3|1|0|3|1|944|0|7|4|5|29|3|0|6|17|1|816|9|2|10|5|3|4|2|1|1|4|971|0|5|0|2|2|4|2|3|0|0|1027|0|5|4|3|6|13|4|3|4|0|937|8|4|0|1|9|9|1|1|17|5|943
21,tanh,leaky_relu,0.5,interleave,32,0.003,10,ce,ok,26.1358,97.8844,96.42,96.4161,96.42,96.3788,96.42,9,0.455647|0.196111|0.150443|0.127231|0.111007|0.0994563|0.0890084|0.0811023|0.0750211|0.0692606,86.8222|94.2089|95.4822|96.1644|96.5733|96.9489|97.2667|97.5067|97.6533|97.8844,93.32|94.64|94.84|95.96|95.98|95.66|95.84|96.14|96.42|96.42,93.2764|94.5934|94.8265|95.941|95.9708|95.6403|95.8467|96.1352|96.4057|96.4161,947|0|3|0|2|1|4|0|4|2|0|1143|5|1|3|0|0|6|4|2|3|4|934|5|3|2|3|8|6|1|1|4|10|977|1|23|1|10|3|3|1|0|3|1|949|0|5|3|2|30|1|1|4|5|2|831|7|0|4|14|7|2|3|1|3|4|967|0|4|0|2|1|5|1|2|1|0|1020|0|13|3|6|6|11|3|10|7|1|928|7|4|0|0|6|12|2|0|16|4|946
20,tanh,leaky_relu,0.5,interleave,32,0.003,10,ce,ok,26.338,97.9178,96.34,96.3406,96.31,96.2638,96.34,10,0.449162|0.200984|0.155887|0.131967|0.115391|0.102706|0.090656|0.0832548|0.0741397|0.0700286,87.2|94.0311|95.3222|96.0467|96.5178|96.8733|97.2289|97.3911|97.6778|97.9178,92.96|94.54|95.26|95.56|95.66|96.24|95.84|96.2|95.98|96.34,92.9542|94.5264|95.2582|95.5754|95.6477|96.2474|95.8433|96.1976|96.001|96.3406,942|0|0|0|3|5|6|1|5|1|0|1140|4|3|2|0|1|3|11|0|7|4|914|9|6|1|5|10|12|1|0|1|2|976|1|26|0|8|13|6|1|1|5|0|960|1|5|0|2|19|1|2|3|4|1|838|6|0|9|5|3|0|0|0|3|9|971|0|5|0|6|1|8|2|6|1|2|1006|1|12|3|1|3|7|1|7|7|1|947|5|2|0|0|4|24|3|0|14|6|937
22,tanh,leaky_relu,0.5,interleave,32,0.003,10,ce,ok,26.0179,97.7156,95.3,95.3443,95.47,95.4563,96.2,9,0.44699|0.207096|0.15643|0.131734|0.114194|0.10279|0.0916527|0.082726|0.0770696|0.0723028,87.5467|93.9222|95.3133|96.0867|96.5711|96.9089|97.2489|97.4733|97.68|97.7156,92.34|94.5|95.32|95.46|95.96|95.58|96.16|95.88|96.2|95.3,92.3683|94.4941|95.2971|95.4524|95.9449|95.5697|96.1522|95.8862|96.2005|95.3443,944|0|0|2|0|6|4|0|6|1|0|1138|2|7|2|0|0|5|8|2|1|3|894|35|8|4|5|8|10|1|0|0|4|1006|1|14|0|4|3|1|1|0|4|0|967|0|3|2|2|15|2|0|3|24|0|828|4|0|5|3|7|1|2|2|6|8|958|0|7|0|5|0|8|36|6|4|0|962|3|21|2|3|3|33|3|10|4|0|919|5|6|0|0|22|15|5|0|8|3|931
23,tanh,leaky_relu,0.5,interleave,32,0.003,10,ce,ok,26.044,97.8244,96.5,96.5079,96.51,96.4663,96.5,10,0.455795|0.20105|0.153387|0.127444|0.110831|0.0972162|0.0883785|0.0789099|0.0734997|0.0668834,87.1289|94.1311|95.4489|96.1133|96.6244|97.1089|97.2356|97.5022|97.6444|97.8244,92.72|94.62|95.18|95.84|96.12|95.38|96.22|96.44|96.02|96.5,92.6727|94.5871|95.1781|95.8368|96.1258|95.3604|96.2245|96.4447|96.0041|96.5079,942|0|3|1|1|3|4|1|6|2|0|1144|7|1|2|2|1|3|3|1|2|1|932|4|1|2|3|8|14|2|0|3|6|985|0|18|0|9|7|5|3|0|7|1|955|2|7|0|2|17|1|1|2|9|0|842|1|0|8|5|6|0|7|0|2|11|958|0|7|0|2|1|14|3|10|2|0|998|2|13|2|0|9|4|1|5|3|1|954|3|2|2|0|7|14|7|0|8|9|941
25,tanh,leaky_relu,0.5,interleave,32,0.003,10,ce,ok,25.9757,97.7178,96.26,96.2598,96.3,96.2525,96.26,10,0.439141|0.19709|0.152348|0.127968|0.113384|0.10197|0.09168|0.084091|0.0784059|0.0724695,87.2667|94.1756|95.3933|96.1289|96.5733|96.8756|97.2578|97.3444|97.5111|97.7178,92.68|94.76|94.82|95.62|96.16|95.88|96.14|96.16|96.12|96.26,92.6517|94.7271|94.8635|95.608|96.1615|95.8801|96.1405|96.1588|96.12|96.2598,951|0|0|1|1|1|3|0|5|1|0|1147|2|3|5|0|1|2|3|1|5|3|906|11|11|0|6|10|16|1|1|3|5|972|2|23|3|11|10|3|2|0|3|0|967|0|10|0|2|10|0|0|2|5|3|833|14|0|8|4|5|1|0|0|3|1|979|0|2|0|0|3|4|3|2|1|1|1011|0|20|3|5|2|4|4|9|10|1|937|7|3|0|0|6|39|5|0|7|3|927
24,tanh,leaky_relu,0.5,interleave,32,0.003,10,ce,ok,26.148,97.8556,96.66,96.6543,96.35,96.3204,96.66,10,0.455998|0.203539|0.15498|0.129106|0.112509|0.100903|0.0910911|0.0826598|0.0749285|0.0693382,86.96|93.9978|95.2889|96.1444|96.6444|96.9911|97.1689|97.5022|97.7222|97.8556,92.72|94.26|95.14|95.74|95.98|95.94|96.26|96.34|96.3|96.66,92.6733|94.2454|95.1158|95.7189|95.9683|95.9268|96.2499|96.3284|96.2844|96.6543,946|0|1|1|1|1|6|0|6|1|0|1150|3|4|1|1|0|1|3|1|0|3|931|11|6|2|4|4|5|3|0|2|14|987|0|15|0|3|6|6|0|1|8|0|941|1|8|2|2|31|2|4|4|8|1|824|7|2|10|7|4|1|0|1|1|3|975|0|6|0|1|3|15|14|3|0|0|979|2|28|4|8|1|8|1|2|7|1|941|9|4|2|0|5|8|3|0|4|3|961
26,tanh,leaky_relu,0.5,interleave,32,0.003,10,ce,ok,26.6866,97.9,96.1,96.098,96.06,96.0125,96.24,9,0.455153|0.209811|0.159033|0.12957|0.111465|0.0999447|0.0875208|0.0811368|0.0733134|0.0670727,86.82|93.6267|95.1711|96.0778|96.5956|96.8556|97.2844|97.5111|97.7044|97.9,92.72|94.86|94.8|95.78|95.82|96|95.92|95.88|96.24|96.1,92.6673|94.8354|94.7722|95.7643|95.8106|95.9841|95.9148|95.8762|96.2366|96.098,948|0|0|1|1|2|1|0|8|2|0|1133|1|2|3|0|1|5|16|3|10|0|898|3|5|3|7|15|27|1|3|1|4|959|1|29|0|9|16|11|1|0|1|1|947|1|6|3|6|28|0|1|1|6|0|828|5|4|12|12|6|0|0|0|2|12|966|1|4|0|0|1|5|1|3|5|0|1015|2|13|3|4|2|3|1|3|0|0|951|15|3|0|1|2|14|2|0|5|2|961
27,tanh,leaky_relu,0.5,interleave,32,0.003,10,ce,ok,25.5036,97.7311,96.5,96.495,96.49,96.4281,96.5,10,0.452318|0.206205|0.157676|0.131971|0.114072|0.101206|0.0920212|0.0822147|0.0763042|0.0714995,86.76|93.9044|95.3867|96.0289|96.5378|97.0022|97.2311|97.5089|97.6889|97.7311,93|94.66|95|95.32|95.94|96.08|96.08|96.1|96.02|96.5,92.9808|94.6517|94.9794|95.3171|95.9331|96.0774|96.0823|96.1065|96.0294|96.495,951|0|2|0|1|4|2|1|1|1|0|1146|2|0|3|2|0|3|8|0|4|1|931|6|7|3|7|7|2|1|2|1|15|960|1|32|2|11|6|3|0|0|7|0|963|1|6|4|1|12|3|0|4|4|2|834|13|1|5|3|4|1|3|0|3|6|972|0|2|0|4|2|5|3|7|2|0|1011|1|10|7|0|6|5|3|7|9|2|939|4|4|1|0|7|14|7|1|10|4|942
28,tanh,leaky_relu,0.5,interleave,32,0.003,10,ce,ok,25.3032,97.7867,96.04,96.0359,96.12,96.0596,96.54,9,0.446451|0.203785|0.159062|0.13252|0.114418|0.101073|0.0917132|0.0834897|0.0752679|0.0702066,87.3844|94.0022|95.1644|96.14|96.5511|96.9111|97.2311|97.4244|97.6667|97.7867,93.14|94.5|95.12|95.54|95.84|96.26|96.24|96.28|96.54|96.04,93.1142|94.4794|95.1027|95.5205|95.8208|96.2438|96.2269|96.2738|96.5347|96.0359,939|0|1|1|2|8|4|0|6|2|0|1141|4|5|4|0|1|3|5|1|3|2|915|15|11|3|7|7|5|1|0|0|5|992|0|21|0|7|5|3|2|0|4|1|966|0|5|3|2|11|2|0|1|11|2|839|6|0|4|4|2|0|0|0|4|13|971|0|1|0|1|1|10|4|5|2|0|1003|0|19|3|6|3|16|5|24|7|1|910|7|2|2|0|5|25|8|0|9|3|936
29,tanh,leaky_relu,0.5,interleave,32,0.003,10,ce,ok,25.463,97.88,96.38,96.3894,96.29,96.2499,96.4,8,0.447077|0.207227|0.155789|0.127886|0.111603|0.0982214|0.0871641|0.0798845|0.0724121|0.0671408,87.3889|93.8933|95.4111|96.1511|96.6622|97.0378|97.3667|97.5644|97.7711|97.88,92.74|94.9|95.66|95.74|96.1|95.98|96.06|96.4|96.1|96.38,92.718|94.8922|95.6582|95.743|96.1022|95.9821|96.065|96.3975|96.1105|96.3894,940|0|3|0|1|3|4|0|9|3|0|1135|2|3|4|0|0|6|13|1|0|3|919|8|5|2|4|11|13|4|1|1|5|984|0|20|0|7|11|4|1|0|6|0|927|1|11|3|5|40|0|0|3|9|2|832|6|1|12|4|3|0|1|0|3|7|967|0|10|0|2|0|4|1|2|1|1|1015|1|18|3|3|5|4|1|4|4|0|954|4|3|0|0|6|1|8|0|8|8|956
1,sigmoid,relu,0.5,interleave,32,0.01,10,ce,ok,25.2208,96.5667,95.3,95.3065,95.03,94.9784,95.52,8,0.425533|0.235637|0.200844|0.178367|0.161582|0.149737|0.138794|0.127633|0.120486|0.114314,86.7711|93.0844|94.08|94.7022|95.1178|95.4578|95.84|96.1111|96.2689|96.5667,92.74|93.88|94.12|94.56|95.24|94.86|95.4|95.52|95.26|95.3,92.7001|93.8835|94.1386|94.5501|95.2328|94.8708|95.402|95.524|95.2505|95.3065,955|0|0|0|1|0|0|0|6|1|0|1130|3|5|1|2|0|4|18|1|15|3|887|17|4|1|3|12|24|3|8|3|9|969|1|22|0|8|10|3|5|0|4|0|927|2|10|6|3|37|3|1|1|15|2|823|10|2|7|5|5|0|0|0|2|9|966|0|9|0|5|1|13|20|2|1|0|992|2|9|12|5|6|4|3|11|2|4|933|2|8|2|1|10|10|8|0|28|2|921
3,sigmoid,relu,0.5,interleave,32,0.01,10,ce,ok,25.3499,96.5733,95.68,95.676,95.4,95.3506,95.68,10,0.420695|0.236905|0.200439|0.177872|0.158722|0.14577|0.134242|0.127301|0.117095|0.110703,86.9711|92.84|94.0244|94.6844|95.1911|95.5489|96|96.1267|96.3844|96.5733,92.4|92.58|93.88|93.78|95.14|94.44|94.32|94.94|95.24|95.68,92.3506|92.5973|93.8818|93.8075|95.1448|94.4527|94.3562|94.9552|95.2643|95.676,950|0|2|1|1|0|2|0|5|2|0|1138|4|1|3|2|1|4|10|1|6|5|919|15|8|0|2|3|7|4|5|4|8|971|0|20|1|10|8|6|5|0|4|0|929|0|3|2|6|45|6|0|3|12|1|828|3|0|6|10|13|3|2|1|8|15|944|0|5|0|2|0|8|6|6|1|0|998|1|23|7|6|12|9|5|13|2|1|919|8|5|0|0|11|12|5|0|9|4|944
30,tanh,leaky_relu,0.5,interleave,32,0.003,10,ce,ok,25.8466,97.8533,96.16,96.1748,96,95.9594,96.44,7,0.458056|0.209117|0.159847|0.131917|0.115338|0.101618|0.0897779|0.0814563|0.0762169|0.0700732,86.9044|93.8933|95.2244|96.0289|96.4756|96.9|97.2422|97.5133|97.6956|97.8533,93.1|94.64|95.08|95.66|96.04|96.36|96.44|96.34|96.22|96.16,93.0996|94.6251|95.0753|95.6512|96.0421|96.3642|96.443|96.3373|96.2171|96.1748,937|0|1|0|1|2|7|0|7|8|0|1140|2|4|3|1|0|6|6|2|5|3|912|16|3|3|7|8|10|2|0|3|3|990|1|15|0|13|5|3|3|0|6|0|937|0|14|3|3|28|3|1|2|11|1|819|14|0|7|11|3|1|0|0|0|2|982|0|3|0|0|3|8|8|3|0|0|1001|0|22|3|7|2|8|4|8|13|1|927|9|1|1|2|3|11|2|2|8|5|955
2,sigmoid,relu,0.5,interleave,32,0.01,10,ce,ok,25.5873,96.46,94.12,94.1066,93.8,93.7232,95.46,8,0.421756|0.243555|0.200509|0.177378|0.162537|0.148496|0.137824|0.129204|0.119958|0.114475,86.7844|92.7378|94.04|94.7956|95.1022|95.5178|95.8778|96.12|96.4022|96.46,91.5|93.9|93.54|94.68|94.9|94.68|95|95.46|94.74|94.12,91.4334|93.867|93.5161|94.6818|94.901|94.6487|94.9732|95.4472|94.7374|94.1066,940|0|1|1|1|1|8|0|10|1|0|1138|7|1|2|0|0|3|13|0|6|2|923|5|3|3|9|5|11|2|1|3|19|952|0|18|2|8|29|1|4|0|13|0|836|2|15|3|29|92|6|3|4|9|1|823|14|0|8|1|7|0|0|0|0|2|977|0|5|0|8|2|15|17|8|8|1|959|9|18|3|4|7|1|0|5|10|0|950|2|3|2|1|9|10|23|0|6|54|882
4,sigmoid,relu,0.5,interleave,32,0.01,10,ce,ok,24.8921,96.5956,95.7,95.6958,95.21,95.1483,95.78,5,0.41615|0.225632|0.19008|0.171293|0.156428|0.144488|0.134461|0.123351|0.118576|0.113208,87.0556|93.2733|94.4689|94.92|95.36|95.6489|95.8422|96.2778|96.4156|96.5956,92.6|93.14|95.2|95|95.78|95.4|95.4|95.58|95.56|95.7,92.4773|93.0709|95.1915|95.0126|95.7751|95.3892|95.4207|95.5788|95.5611|95.6958,925|0|4|0|1|3|18|3|8|1|0|1151|6|5|1|0|0|0|1|0|2|2|935|9|9|1|1|2|7|1|0|5|11|999|0|3|1|7|5|2|1|1|14|0|944|2|9|1|2|20|3|3|5|32|0|796|12|3|9|6|3|3|25|1|1|0|952|0|6|0|0|3|18|5|6|1|1|1001|0|10|4|14|17|18|2|9|4|1|908|5|4|4|2|13|21|5|0|19|12|910
5,sigmoid,relu,0.5,interleave,32,0.01,10,ce,ok,25.4368,96.2511,95.06,95.063,94.85,94.7808,95.06,10,0.427546|0.237104|0.202932|0.18156|0.167713|0.155171|0.144579|0.136682|0.124891|0.119649,86.7067|93.0422|93.9733|94.5111|94.8911|95.2622|95.5822|95.8022|96.1489|96.2511,92.94|93.66|94.42|94.2|94.76|94.46|94.5|95.02|94.12|95.06,92.8808|93.6202|94.4007|94.1978|94.7396|94.4261|94.4912|94.9927|94.0636|95.063,931|0|4|0|0|5|4|3|12|4|0|1132|4|1|2|0|1|3|10|11|5|3|913|4|5|3|8|14|13|1|4|6|17|933|1|28|1|15|17|11|1|0|7|0|912|4|8|5|2|55|7|1|2|5|1|805|14|5|18|11|4|3|0|0|4|11|960|0|9|0|0|0|12|1|3|1|0|1014|0|14|5|5|6|2|1|11|1|2|940|9|3|0|0|2|8|5|0|18|9|945
6,sigmoid,relu,0.5,interleave,32,0.01,10,ce,ok,25.4029,96.3067,95.86,95.8523,95.55,95.4972,95.94,9,0.448307|0.237626|0.200594|0.18066|0.163617|0.15478|0.143472|0.135747|0.127016|0.120368,86.0867|92.9933|94.1089|94.6733|95.1044|95.3222|95.6333|95.8511|96.2333|96.3067,92.7|91.66|94.64|94.44|94.64|95.3|95.42|95.08|95.94|95.86,92.7126|91.5798|94.6122|94.414|94.6469|95.309|95.4072|95.0789|95.9364|95.8523,936|1|5|1|1|4|3|0|9|3|0|1135|5|3|2|0|1|8|10|0|6|1|925|3|7|2|4|10|11|0|0|6|20|940|0|29|0|12|22|4|2|0|6|0|950|0|10|2|4|20|1|1|2|8|3|824|9|0|13|8|11|3|2|0|0|11|962|0|2|0|1|2|12|1|7|0|0|1013|2|7|4|6|11|0|4|5|5|2|940|5|5|3|0|6|23|4|0|15|4|930
7,sigmoid,relu,0.5,interleave,32,0.01,10,ce,ok,25.4096,96.44,95.2,95.1865,95.09,95.0348,95.56,7,0.440562|0.233964|0.196856|0.174126|0.160514|0.147034|0.138944|0.129911|0.126321|0.117514,86.1978|93.1311|94.2289|94.84|95.1333|95.5556|95.8444|96.1067|96.1467|96.44,93|93.54|94.16|94.52|95.14|95.4|95.56|95.32|94.4|95.2,92.9804|93.5316|94.182|94.534|95.1218|95.388|95.5478|95.3155|94.4074|95.1865,945|1|0|0|1|3|4|0|8|1|0|1126|1|3|4|1|0|1|27|1|10|11|872|17|6|1|9|12|28|3|4|0|6|972|0|21|2|5|17|6|4|0|3|0|943|0|12|1|5|26|10|1|1|9|3|809|18|0|13|5|6|0|0|1|2|3|974|0|5|0|3|3|11|11|9|1|0|989|5|13|3|3|2|1|3|5|8|0|955|2|7|0|0|8|19|5|0|16|11|924
8,sigmoid,relu,0.5,interleave,32,0.01,10,ce,ok,25.2483,96.3311,94.76,94.7542,94.47,94.3739,95.52,9,0.441019|0.244878|0.210704|0.187496|0.167908|0.15647|0.143627|0.135824|0.129053|0.121892,86.1911|92.6622|93.7311|94.4511|94.9244|95.3222|95.6689|95.8911|96.0733|96.3311,92.4|93.42|94.18|93.82|94.3|95.34|95.24|94.22|95.52|94.76,92.3109|93.4449|94.1813|93.8034|94.2962|95.329|95.2171|94.21|95.5216|94.7542,943|0|2|0|2|9|2|1|4|0|0|1131|4|6|2|6|0|8|4|3|7|3|914|1|15|8|1|13|6|1|1|3|11|890|1|86|2|23|6|10|3|0|6|0|956|2|4|1|1|21|5|0|3|4|2|840|4|2|1|8|11|3|13|0|8|20|932|0|4|0|0|1|5|0|5|3|1|1024|0|6|13|5|8|7|9|33|6|4|883|14|3|0|0|5|19|5|0|24|0|934
9,sigmoid,relu,0.5,interleave,32,0.01,10,ce,ok,25.1093,96.3178,95.4,95.3832,95.33,95.2448,95.4,10,0.432487|0.236132|0.201238|0.180133|0.162567|0.152437|0.143017|0.134207|0.125209|0.119524,86.6067|92.8444|94.0133|94.5022|95.1933|95.4378|95.7022|95.8822|96.2244|96.3178,91.36|93.62|93.86|94.16|94.88|94.5|94.7|95.32|95.04|95.4,91.4169|93.6276|93.8682|94.1573|94.8574|94.5095|94.7109|95.3168|95.0598|95.3832,947|0|1|1|2|2|5|0|5|0|0|1142|4|2|3|0|0|5|8|0|8|3|914|7|6|1|5|8|17|0|3|2|14|986|0|7|1|12|7|1|7|0|3|1|953|2|9|4|3|12|10|0|4|32|1|789|15|6|7|5|4|2|4|1|1|0|976|0|3|0|8|1|10|3|6|0|0|1012|1|4|6|0|7|17|2|9|12|0|927|2|5|1|2|17|31|7|0|32|8|887
12,sigmoid,relu,0.5,interleave,32,0.01,10,ce,ok,25.1243,96.4733,95.32,95.3403,95.2,95.1445,95.32,10,0.427964|0.23987|0.198987|0.176779|0.159734|0.147389|0.135146|0.125304|0.118886|0.114716,86.8533|92.82|94.1333|94.6267|95.2333|95.6289|95.98|96.2089|96.4|96.4733,92.64|94.12|94.02|94.7|94.5|92.52|95|95|95.3|95.32,92.6704|94.0903|93.9995|94.7006|94.5075|92.4679|95.0037|94.9914|95.2986|95.3403,939|0|1|1|1|2|4|0|11|4|0|1148|5|0|0|0|0|3|6|2|1|7|900|17|3|8|2|10|19|2|0|3|5|952|0|46|0|8|12|7|2|0|6|0|905|1|9|9|5|57|0|0|3|5|1|839|6|1|5|9|3|1|3|1|2|10|962|0|9|0|1|2|9|6|3|2|0|995|3|24|2|10|4|10|3|8|2|1|932|10|2|2|1|2|9|13|0|9|4|948
10,sigmoid,relu,0.5,interleave,32,0.01,10,ce,ok,25.24,96.4778,95.56,95.5753,95.33,95.283,95.56,10,0.415513|0.229588|0.192754|0.173509|0.155476|0.144269|0.133028|0.127044|0.119351|0.112575,86.9578|92.9778|94.2289|94.7689|95.2644|95.6889|96.0533|96.1933|96.2933|96.4778,92.84|94.54|94.46|93.74|94.52|94.44|95.34|95|95.52|95.56,92.8036|94.5318|94.4406|93.7738|94.5888|94.501|95.3235|94.9862|95.5136|95.5753,945|0|1|1|1|1|1|0|5|8|0|1142|4|4|1|0|0|3|10|0|7|3|907|14|9|1|2|10|12|4|5|0|13|974|1|15|0|6|5|14|3|0|10|0|924|1|5|4|4|43|0|0|3|17|1|820|3|0|12|13|6|2|2|2|3|15|948|0|13|0|3|1|21|9|3|3|0|987|2|16|3|3|8|9|2|6|1|0|935|15|4|0|0|3|10|2|0|18|2|951
11,sigmoid,relu,0.5,interleave,32,0.01,10,ce,ok,25.3307,96.4756,95.9,95.8987,95.47,95.3945,95.9,10,0.414457|0.232651|0.19651|0.176325|0.156712|0.146344|0.134151|0.124846|0.117807|0.112563,87.1978|93.1044|94.2333|94.7867|95.28|95.5444|95.9378|96.2111|96.3978|96.4756,92.32|94.04|94.52|94.84|94.12|95.16|95.08|95.56|95.54|95.9,92.2627|93.9868|94.5302|94.8494|94.1021|95.1697|95.0699|95.564|95.5483|95.8987,946|0|0|0|1|4|8|0|3|1|0|1147|1|1|0|2|0|2|8|3|4|4|921|4|4|0|9|7|14|2|1|2|16|975|0|10|0|16|10|3|1|1|14|0|935|2|11|1|10|19|6|2|3|22|1|811|8|0|9|7|5|1|2|0|1|14|964|0|4|0|1|1|14|1|1|16|0|981|1|29|3|7|3|6|2|14|6|0|935|6|3|0|2|13|12|7|0|14|7|932
13,sigmoid,relu,0.5,interleave,32,0.01,10,ce,ok,27.3271,96.5889,95.32,95.2713,95.13,95.0497,95.42,9,0.454254|0.240172|0.203065|0.178562|0.159766|0.148101|0.138951|0.128788|0.1169|0.11195,85.7533|92.8111|93.8867|94.62|95.1956|95.5778|95.7956|96.08|96.5|96.5889,92.48|93.68|94.14|94.5|95.04|94.64|94.78|95.32|95.42|95.32,92.4727|93.6322|94.0958|94.5102|95.0305|94.6073|94.7505|95.2794|95.3761|95.2713,954|0|0|0|1|0|3|0|4|1|0|1159|2|0|0|0|0|2|1|0|8|3|932|7|2|3|1|2|8|3|4|4|20|964|1|11|1|9|15|4|2|4|9|0|948|0|6|1|2|22|14|6|1|10|0|787|29|0|15|7|10|2|3|0|3|0|972|0|1|0|7|7|23|7|7|2|0|965|1|26|10|14|24|8|0|6|6|1|908|5|4|7|1|11|22|7|1|10|3|924
16,sigmoid,relu,0.5,interleave,32,0.01,10,ce,ok,27.6636,96.5,95.32,95.2925,95.24,95.1741,95.32,10,0.444276|0.247192|0.209216|0.184231|0.17049|0.154975|0.142368|0.130101|0.122598|0.113175,86.1111|92.6733|93.7178|94.4978|94.7822|95.2244|95.6178|96.08|96.2489|96.5,90.04|93|93.06|94.52|94.92|94.26|93.52|95.3|95.1|95.32,90.0146|92.9605|93.0305|94.5051|94.9183|94.2596|93.519|95.2763|95.0993|95.2925,955|0|0|0|1|2|0|0|4|1|0|1139|4|6|0|1|0|2|11|1|8|2|934|8|0|3|2|7|4|1|2|3|11|983|1|18|0|7|4|4|7|1|25|0|903|1|12|10|6|29|6|1|4|21|0|820|7|2|5|3|19|2|5|0|2|14|944|1|4|0|3|4|13|7|1|2|0|1005|1|9|13|10|11|7|0|9|3|2|920|7|8|1|4|17|17|6|0|14|2|921
15,sigmoid,relu,0.5,interleave,32,0.01,10,ce,ok,27.6993,96.5267,95.04,95.0359,95.19,95.1328,95.54,9,0.447801|0.25134|0.208094|0.183177|0.166694|0.15177|0.140372|0.126496|0.116707|0.109062,85.9956|92.4933|93.8044|94.5133|94.9622|95.38|95.6|96.1533|96.3689|96.5267,92.42|93.58|94.46|94.78|94.72|94.78|95.12|94.96|95.54|95.04,92.3915|93.5846|94.4382|94.7746|94.7188|94.7543|95.0903|94.9695|95.5283|95.0359,937|0|5|5|1|2|4|0|7|2|0|1149|3|3|1|1|0|2|4|1|2|7|905|20|4|0|4|17|10|0|0|4|6|986|0|13|0|14|6|4|2|1|5|1|968|2|7|3|3|2|1|0|2|18|0|824|3|1|11|9|4|2|1|1|3|5|971|0|4|0|0|7|7|5|6|0|0|1018|1|1|3|13|8|28|3|19|2|4|901|1|3|3|2|12|63|4|0|32|11|860
14,sigmoid,relu,0.5,interleave,32,0.01,10,ce,ok,27.711,96.2,94.48,94.4634,94.47,94.3748,95.18,7,0.403618|0.243917|0.206028|0.189185|0.171875|0.160542|0.148779|0.139759|0.130468|0.125861,87.4422|92.7911|93.8467|94.4378|94.9467|95.1267|95.4978|95.6911|96.0311|96.2,93.02|93.48|93.92|94.06|93.92|94.56|95.18|94.94|94.94|94.48,93.0193|93.4623|93.8842|94.0358|93.8797|94.5197|95.1623|94.9064|94.9194|94.4634,929|0|1|1|2|4|8|1|17|0|0|1135|2|0|7|1|1|5|11|2|12|4|857|9|6|7|10|18|43|3|3|2|8|951|1|29|2|15|18|4|1|0|6|1|955|4|10|8|2|7|6|1|0|7|3|822|13|1|11|5|5|2|0|0|5|9|963|0|7|0|0|2|9|4|4|2|0|1016|2|6|1|4|4|4|5|16|6|2|937|3|3|1|1|7|41|19|0|30|6|882
20,sigmoid,relu,0.5,interleave,32,0.01,10,ce,ok,27.9661,96.6222,94.94,94.9289,95.43,95.3782,95.78,9,0.43471|0.229643|0.19142|0.168371|0.151623|0.141275|0.129698|0.123308|0.113937|0.11102,86.4778|93.0867|94.3422|95.02|95.4467|95.7711|96.0067|96.28|96.4711|96.6222,92.4|93.9|93.92|94.98|94.78|95.28|95.3|95.36|95.78|94.94,92.3665|93.8881|93.8704|94.9647|94.7837|95.262|95.3021|95.367|95.7634|94.9289,941|0|0|1|1|4|0|0|13|3|0|1124|9|5|2|0|0|5|19|0|2|1|918|11|3|2|1|14|13|4|0|0|5|937|0|45|0|13|15|18|1|0|6|1|950|3|4|3|3|23|0|0|1|4|1|840|6|1|9|7|8|0|7|1|3|21|945|0|6|0|6|2|8|2|4|2|0|1016|0|5|3|2|3|7|0|14|4|2|942|5|6|0|1|2|15|5|0|23|8|930
19,sigmoid,relu,0.5,interleave,32,0.01,10,ce,ok,27.9854,96.22,95.14,95.1353,95.14,95.0788,95.32,9,0.410149|0.236759|0.198638|0.178549|0.165446|0.153968|0.142746|0.136733|0.128705|0.123197,87.3356|92.9133|94.16|94.6756|95.1622|95.3333|95.7111|95.8667|96.1444|96.22,92.12|93.44|91.9|94.46|94.32|94.48|95|94.48|95.32|95.14,92.0462|93.4511|91.9507|94.4419|94.3091|94.4592|95.0132|94.4704|95.3148|95.1353,949|0|4|0|1|1|3|0|4|1|0|1135|6|2|2|1|0|3|11|4|8|5|906|2|10|5|3|5|23|2|1|4|17|946|0|28|0|13|19|5|5|0|6|0|923|3|8|4|6|39|3|1|4|9|0|829|7|1|6|9|12|0|6|0|6|7|952|0|8|0|4|2|10|3|3|0|0|1007|6|10|8|4|6|6|1|13|1|1|941|1|6|0|2|3|11|8|0|31|3|926
18,sigmoid,relu,0.5,interleave,32,0.01,10,ce,ok,28.1158,96.26,95.82,95.8056,94.84,94.7694,95.82,10,0.409625|0.233618|0.197814|0.175742|0.165393|0.15357|0.142326|0.135599|0.127023|0.122646,87.2311|93.0444|94.08|94.7644|94.94|95.3711|95.6756|95.8044|96.1156|96.26,91.62|94.14|94.24|93.94|94.26|94.5|95.04|94.8|94.96|95.82,91.5837|94.1273|94.2153|93.8716|94.2465|94.4436|94.9962|94.7849|94.9471|95.8056,923|0|2|1|1|6|10|1|12|7|0|1131|5|3|3|1|0|4|17|0|1|3|889|11|10|1|16|9|26|3|1|4|9|947|1|31|1|10|17|12|1|0|4|2|921|1|15|2|6|42|2|3|0|20|1|811|14|4|6|8|3|1|1|1|1|5|972|0|7|0|3|0|13|6|2|1|0|1004|1|15|1|4|2|3|2|17|3|0|945|5|2|2|0|7|10|12|0|11|5|941
17,sigmoid,relu,0.5,interleave,32,0.01,10,ce,ok,28.3732,96.2889,95.42,95.4324,95.12,95.0751,95.46,9,0.423458|0.248182|0.209911|0.186214|0.169243|0.156602|0.145697|0.135464|0.13059|0.121383,86.6489|92.6778|93.86|94.3867|94.9844|95.3467|95.7111|95.92|95.9822|96.2889,92.94|93.42|93.9|91.58|94.38|94.96|94.24|94.32|95.46|95.42,92.948|93.4394|93.8847|91.6206|94.377|94.9586|94.2272|94.3178|95.4638|95.4324,925|0|2|0|1|4|17|0|11|3|0|1142|5|2|2|0|0|2|10|1|4|2|893|24|6|1|5|8|26|0|0|4|5|976|1|15|4|11|12|5|0|0|4|1|923|0|18|9|7|32|1|0|1|23|1|819|11|0|8|5|1|3|1|0|2|6|973|0|5|0|0|4|4|9|4|0|1|1007|1|15|0|6|5|5|0|14|7|1|939|5|2|8|0|11|15|4|0|24|11|915
21,sigmoid,relu,0.5,interleave,32,0.01,10,ce,ok,24.5345,96.2489,93.78,93.8455,93.78,93.7616,94.88,8,0.419792|0.237026|0.203363|0.184152|0.169514|0.15891|0.146201|0.138703|0.132224|0.124242,86.7956|92.9|94.0044|94.5622|94.8911|95.2778|95.6133|95.8356|96.0067|96.2489,90.68|92.94|93.48|94.36|94.1|94.34|94.18|94.88|94.74|93.78,90.7427|92.8341|93.4705|94.3446|94.0529|94.3087|94.2002|94.8645|94.7159|93.8455,929|0|6|1|3|4|10|2|7|1|0|1093|35|1|1|3|0|20|8|3|1|1|927|3|5|4|5|14|9|0|0|2|27|942|0|27|0|29|5|1|0|0|13|0|885|2|12|20|3|59|4|1|8|12|1|807|15|3|14|4|4|1|6|0|2|3|969|0|6|0|0|0|5|2|4|0|0|1032|0|2|3|5|20|9|1|2|7|5|928|2|4|0|4|17|9|5|0|72|13|866
22,sigmoid,relu,0.5,interleave,32,0.01,10,ce,ok,24.6526,96.44,94,94.0535,94.59,94.5592,95.66,7,0.412307|0.231938|0.196271|0.173173|0.15775|0.145703|0.134616|0.128019|0.123142|0.11403,87.0844|93.1178|94.1044|94.7533|95.2289|95.5556|95.9356|96.1244|96.2689|96.44,92.3|93.98|94.46|94.72|94.86|95.48|95.66|95.4|95|94,92.3596|93.9563|94.4516|94.7178|94.8669|95.4931|95.6452|95.4039|95.014|94.0535,943|0|4|1|3|0|0|0|12|0|0|1138|2|9|3|0|0|2|10|0|3|6|908|26|5|2|1|6|12|0|0|1|3|1001|2|8|0|4|12|2|2|1|9|0|969|1|2|2|5|3|1|1|4|38|1|798|4|0|17|5|6|1|10|5|4|8|942|1|14|0|2|1|11|46|13|2|0|960|2|8|4|6|2|12|1|3|0|0|952|2|6|1|0|18|92|5|0|9|11|848
23,sigmoid,relu,0.5,interleave,32,0.01,10,ce,ok,24.7752,96.5244,94.18,94.1639,93.24,93.13,95.9,8,0.445702|0.241766|0.205186|0.182595|0.165608|0.149513|0.143702|0.132042|0.123434|0.114501,86.2644|92.7511|94.0556|94.6578|95.1111|95.5311|95.7711|96.0778|96.3244|96.5244,92.06|93.96|94.66|94.88|95.14|94.74|95.24|95.9|95.86|94.18,92.0432|93.9426|94.6418|94.8674|95.1439|94.7184|95.2314|95.9012|95.8436|94.1639,934|0|0|0|0|18|1|0|9|1|0|1133|2|5|1|3|0|14|3|3|12|3|835|19|7|10|7|30|44|2|1|6|1|944|0|50|1|19|7|4|12|0|2|1|859|8|8|20|4|80|1|0|0|7|0|848|3|2|5|3|8|1|0|0|2|45|928|0|7|0|6|3|1|1|2|3|1|1023|0|5|3|3|5|18|0|43|3|3|877|27|5|0|0|5|4|11|0|20|2|943
26,sigmoid,relu,0.5,interleave,32,0.01,10,ce,ok,24.8052,96.16,95.42,95.4197,95.14,95.0784,95.42,10,0.436651|0.241581|0.203868|0.179515|0.163189|0.150636|0.144927|0.138119|0.125209|0.121958,86.5333|92.8089|93.9311|94.7044|95.02|95.4889|95.5689|95.74|96.1711|96.16,92.92|93.7|94.4|94.58|94.42|94.78|95.22|95|95.34|95.42,92.8962|93.6768|94.3645|94.5546|94.3723|94.7215|95.1981|94.9757|95.3268|95.4197,939|0|0|1|2|7|3|0|11|0|0|1135|3|5|1|2|1|3|11|3|3|6|887|16|9|6|1|13|26|2|1|2|8|973|0|23|0|10|10|6|0|0|4|1|952|2|6|5|1|23|2|3|3|19|1|812|5|1|13|10|4|1|4|0|4|16|948|1|13|0|0|3|5|7|5|1|0|1002|1|21|0|2|2|8|5|8|2|0|934|21|2|1|1|5|33|3|0|8|5|932
25,sigmoid,relu,0.5,interleave,32,0.01,10,ce,ok,24.8293,96.3133,95.04,95.0273,94.68,94.5996,95.5,8,0.427654|0.235243|0.198771|0.175618|0.159895|0.149426|0.141939|0.131487|0.124855|0.11866,86.6911|93.0178|94.14|94.7756|95.3044|95.4689|95.7689|95.9778|96.1689|96.3133,91.96|93.92|93.22|93.78|94.08|94.66|95.48|95.5|95.14|95.04,91.9224|93.8735|93.2875|93.7437|94.1418|94.6586|95.4761|95.4918|95.1445|95.0273,944|0|0|0|2|3|8|0|6|0|0|1139|1|1|4|2|0|4|12|1|6|5|863|16|17|1|8|35|17|1|1|3|11|936|2|32|1|19|28|0|2|0|4|3|957|1|10|4|5|8|9|0|2|7|3|820|14|0|10|4|4|1|0|0|4|2|973|1|6|0|8|2|6|1|5|6|0|1007|3|7|3|5|3|3|1|7|6|0|952|2|7|3|0|10|54|9|2|20|8|877
24,sigmoid,relu,0.5,interleave,32,0.01,10,ce,ok,25.1897,96.5133,95.86,95.8617,95.63,95.5816,95.86,10,0.46504|0.246243|0.205677|0.181319|0.163682|0.148711|0.137374|0.12811|0.119773|0.114165,85.2067|92.6822|93.8756|94.5089|95.1422|95.4889|95.7956|96.1022|96.44|96.5133,91.56|92.9|94.16|94.62|94.7|95.2|95.5|95.36|95.64|95.86,91.5124|92.9044|94.1617|94.606|94.7028|95.1786|95.4936|95.3419|95.6507|95.8617,951|0|1|1|0|0|4|0|4|2|0|1142|2|8|3|0|1|3|3|2|6|4|908|17|6|1|12|4|11|0|0|2|12|992|0|10|0|6|5|6|0|0|10|1|931|1|10|1|2|38|3|0|6|20|1|813|5|1|11|9|7|1|2|0|5|3|967|0|6|0|2|1|12|14|3|0|1|985|2|25|7|8|8|3|2|12|4|0|931|7|4|1|0|11|17|5|0|6|3|943
28,sigmoid,relu,0.5,interleave,32,0.01,10,ce,ok,24.5854,96.7444,95.66,95.6644,95.56,95.4991,95.66,10,0.408794|0.22674|0.193959|0.169839|0.152696|0.139207|0.132658|0.119795|0.115515|0.107646,87.1889|93.4289|94.2533|94.9333|95.4667|95.7511|95.9933|96.4244|96.5556|96.7444,92.54|93.64|93.84|94.44|95.28|95.52|95.38|95.64|95.18|95.66,92.5154|93.6266|93.8364|94.4194|95.2809|95.5281|95.3783|95.6255|95.172|95.6644,944|0|0|1|2|3|3|0|9|1|0|1140|2|5|6|0|0|4|7|0|10|6|880|19|18|2|4|15|15|0|0|4|8|986|1|14|0|10|6|4|0|0|3|0|974|0|3|1|3|10|5|1|3|15|4|819|7|1|10|4|2|0|0|0|4|12|964|0|9|0|1|0|7|5|7|2|1|1001|2|19|4|5|6|13|3|8|7|1|932|3|1|1|0|7|39|6|0|8|12|916
27,sigmoid,relu,0.5,interleave,32,0.01,10,ce,ok,24.885,96.3911,95.78,95.7775,95.55,95.5008,95.78,10,0.441687|0.249562|0.211381|0.187012|0.167161|0.153686|0.143356|0.134248|0.125079|0.117525,86.3222|92.5911|93.6089|94.2356|94.9733|95.2022|95.6356|95.9933|96.1067|96.3911,92.88|93.48|94.46|93.98|94.66|94.9|95.22|94.92|95.02|95.78,92.8455|93.467|94.4258|93.9576|94.6611|94.8914|95.1934|94.9379|95.0317|95.7775,932|0|2|3|1|3|11|1|9|1|0|1146|2|1|4|0|0|3|6|2|2|1|915|14|7|0|8|8|14|0|3|3|13|962|1|18|2|14|13|4|1|0|7|0|951|0|13|3|4|15|1|1|3|8|1|816|15|0|14|10|0|1|0|1|1|8|969|0|11|0|1|1|11|4|10|4|0|979|3|32|2|7|5|9|2|2|6|1|945|3|3|0|0|6|22|3|0|7|9|940
29,sigmoid,relu,0.5,interleave,32,0.01,10,ce,ok,19.71,96.3089,95.22,95.2107,95.01,94.9535,95.26,9,0.422948|0.237482|0.203839|0.184965|0.166453|0.154492|0.143999|0.135718|0.126758|0.122703,86.7667|92.9933|93.9511|94.4089|95.0889|95.3533|95.6711|95.8711|96.1933|96.3089,92.6|93.06|93.76|93.72|94.52|94.82|94.88|94.86|95.26|95.22,92.5674|93.0152|93.7896|93.6855|94.4952|94.8068|94.8669|94.849|95.2477|95.2107,941|0|0|0|1|0|8|0|12|1|0|1142|1|5|2|1|0|5|7|1|5|6|878|23|7|6|7|16|21|0|9|1|4|957|0|19|3|13|24|3|2|1|6|1|931|1|12|4|3|33|5|1|2|9|0|811|13|0|20|8|6|1|0|0|3|5|965|0|11|0|7|4|3|8|4|2|0|981|1|35|3|6|1|4|2|7|2|0|954|3|4|0|0|5|19|3|1|11|6|941
30,sigmoid,relu,0.5,interleave,32,0.01,10,ce,ok,19.8353,96.4956,96.1,96.103,95.82,95.769,96.1,10,0.428314|0.232522|0.197379|0.172975|0.159047|0.147072|0.135621|0.126253|0.120118|0.114249,86.58|93.1689|94.16|94.94|95.2267|95.5844|95.8822|96.1467|96.3733|96.4956,92.86|94.32|95.02|94.3|94.04|95.28|95.02|95.26|95.34|96.1,92.891|94.3361|95.0034|94.3027|94.0422|95.2972|95.0416|95.2705|95.3325|96.103,929|0|3|3|3|6|8|1|8|2|0|1127|4|2|3|3|0|3|22|0|3|4|922|8|11|1|5|5|9|1|1|2|12|980|1|15|1|13|5|3|1|0|4|0|947|1|12|2|3|24|0|0|6|23|1|813|15|0|4|7|3|0|1|1|2|1|979|1|3|0|0|2|10|1|4|1|1|1013|2|11|5|4|9|6|1|11|9|0|929|8|3|1|0|3|22|1|0|15|2|943
